-- #
-- # TABLE STRUCTURE FOR: Customer
-- #

-- DROP TABLE IF EXISTS `Customer`;
--
-- CREATE TABLE `Customer` (
--   `ID` int(15) NOT NULL AUTO_INCREMENT,
--   `Email` varchar(100) COLLATE utf8_unicode_ci NOT NULL,
--   `Password` int(15) NOT NULL,
--   `FirstName` varchar(50) COLLATE utf8_unicode_ci NOT NULL,
--   `LastName` varchar(50) COLLATE utf8_unicode_ci NOT NULL,
--   `Sex` enum('Male','Female') COLLATE utf8_unicode_ci DEFAULT NULL,
--   `Credit` int(15) NOT NULL,
--   `CallPhone` char(10) COLLATE utf8_unicode_ci NOT NULL,
--   `Address` varchar(100) COLLATE utf8_unicode_ci NOT NULL,
--   PRIMARY KEY (`ID`)
-- ) ENGINE=InnoDB AUTO_INCREMENT=201 DEFAULT CHARSET=utf8 COLLATE=utf8_unicode_ci;

INSERT INTO `Customer` (`ID`, `Email`, `Password`, `FirstName`, `LastName`, `Sex`, `Credit`, `CallPhone`, `Address`) VALUES (1, 'ryder92@example.net', 0, 'Drew', 'Mohr', 'Male', 63539329, '213.971.23', '35674 Kacie Circles\nJoneschester, NJ 01813');
INSERT INTO `Customer` (`ID`, `Email`, `Password`, `FirstName`, `LastName`, `Sex`, `Credit`, `CallPhone`, `Address`) VALUES (2, 'juana.goyette@example.org', 726, 'Dean', 'Keeling', 'Female', 82565323, '979-514-43', '5291 Rogelio Freeway Apt. 192\nWillyshire, MT 12546');
INSERT INTO `Customer` (`ID`, `Email`, `Password`, `FirstName`, `LastName`, `Sex`, `Credit`, `CallPhone`, `Address`) VALUES (3, 'cummings.gwendolyn@example.com', 81, 'Audra', 'Hickle', 'Female', 48449120, '(914)352-9', '18248 Russel Unions Suite 025\nAurelioburgh, WA 95245');
INSERT INTO `Customer` (`ID`, `Email`, `Password`, `FirstName`, `LastName`, `Sex`, `Credit`, `CallPhone`, `Address`) VALUES (4, 'martine99@example.net', 6, 'Jewell', 'Hansen', 'Male', 15679802, '122.934.52', '4988 Ayla Trafficway Apt. 369\nEast Chesleyside, CO 69529-0605');
INSERT INTO `Customer` (`ID`, `Email`, `Password`, `FirstName`, `LastName`, `Sex`, `Credit`, `CallPhone`, `Address`) VALUES (5, 'camden.bruen@example.org', 0, 'Amalia', 'Koepp', 'Male', 27299557, '1-921-053-', '506 Eric Lakes Suite 856\nEast Josianne, OH 40907');
INSERT INTO `Customer` (`ID`, `Email`, `Password`, `FirstName`, `LastName`, `Sex`, `Credit`, `CallPhone`, `Address`) VALUES (6, 'louisa.braun@example.com', 0, 'Korey', 'Hessel', 'Male', 39929184, '865.218.08', '422 Peggie Branch\nVernaberg, VT 63550-5636');
INSERT INTO `Customer` (`ID`, `Email`, `Password`, `FirstName`, `LastName`, `Sex`, `Credit`, `CallPhone`, `Address`) VALUES (7, 'kirlin.filomena@example.com', 0, 'Lester', 'Weber', 'Male', 77813465, '(427)170-4', '018 Eichmann Drive Apt. 293\nNew Coralieborough, IN 81711');
INSERT INTO `Customer` (`ID`, `Email`, `Password`, `FirstName`, `LastName`, `Sex`, `Credit`, `CallPhone`, `Address`) VALUES (8, 'zstanton@example.org', 7738, 'Nils', 'Veum', 'Male', 79362391, '781.785.35', '58201 Gulgowski Loop Suite 867\nZboncakport, WI 34658-2903');
INSERT INTO `Customer` (`ID`, `Email`, `Password`, `FirstName`, `LastName`, `Sex`, `Credit`, `CallPhone`, `Address`) VALUES (9, 'bcartwright@example.org', 0, 'Martina', 'Kulas', 'Female', 19771612, '0287424329', '13764 Hoeger Mountains\nNorth Hunterburgh, TN 80107');
INSERT INTO `Customer` (`ID`, `Email`, `Password`, `FirstName`, `LastName`, `Sex`, `Credit`, `CallPhone`, `Address`) VALUES (10, 'kaylee.senger@example.com', 9, 'Elinor', 'Zieme', 'Male', 92786907, '+76(3)2849', '02958 Halvorson Burg\nDomenickview, MS 54329-3885');
INSERT INTO `Customer` (`ID`, `Email`, `Password`, `FirstName`, `LastName`, `Sex`, `Credit`, `CallPhone`, `Address`) VALUES (11, 'gino.denesik@example.org', 0, 'Althea', 'Brekke', 'Male', 61461533, '(382)061-2', '04071 Gislason Mews Apt. 148\nKareemburgh, ID 90765-1758');
INSERT INTO `Customer` (`ID`, `Email`, `Password`, `FirstName`, `LastName`, `Sex`, `Credit`, `CallPhone`, `Address`) VALUES (12, 'ktowne@example.net', 0, 'Vince', 'Hegmann', 'Female', 15235125, '0691872152', '01239 Wehner Causeway Apt. 207\nEast Gaetano, VA 49131-9194');
INSERT INTO `Customer` (`ID`, `Email`, `Password`, `FirstName`, `LastName`, `Sex`, `Credit`, `CallPhone`, `Address`) VALUES (13, 'jarrett28@example.net', 0, 'Justen', 'Kunze', 'Female', 406689, '489-476-97', '9132 Celestino Causeway Suite 584\nDeannaview, NE 69623-9797');
INSERT INTO `Customer` (`ID`, `Email`, `Password`, `FirstName`, `LastName`, `Sex`, `Credit`, `CallPhone`, `Address`) VALUES (14, 'ischiller@example.net', 2196, 'Anais', 'Miller', 'Female', 72864926, '208.793.91', '165 Brooks Mount\nErichshire, NJ 95437');
INSERT INTO `Customer` (`ID`, `Email`, `Password`, `FirstName`, `LastName`, `Sex`, `Credit`, `CallPhone`, `Address`) VALUES (15, 'cecilia.mann@example.org', 364, 'Alta', 'Moen', 'Male', 79817002, '(259)223-3', '50577 Heber Loaf\nSouth Ethanberg, ME 63004');
INSERT INTO `Customer` (`ID`, `Email`, `Password`, `FirstName`, `LastName`, `Sex`, `Credit`, `CallPhone`, `Address`) VALUES (16, 'considine.citlalli@example.net', 0, 'Myrtie', 'Sporer', 'Male', 39903196, '+29(9)5112', '308 King Ford\nWest Haroldbury, CO 86069');
INSERT INTO `Customer` (`ID`, `Email`, `Password`, `FirstName`, `LastName`, `Sex`, `Credit`, `CallPhone`, `Address`) VALUES (17, 'cleora.lehner@example.com', 0, 'Marlee', 'Rath', 'Male', 75375132, '+56(1)6485', '85194 Fahey Pike Suite 791\nEldridgeborough, CO 38095-9851');
INSERT INTO `Customer` (`ID`, `Email`, `Password`, `FirstName`, `LastName`, `Sex`, `Credit`, `CallPhone`, `Address`) VALUES (18, 'abshire.caroline@example.org', 78439, 'Coby', 'Crist', 'Female', 92456249, '824.193.82', '5174 Fay Field Apt. 089\nEleonoreview, DC 54132-3004');
INSERT INTO `Customer` (`ID`, `Email`, `Password`, `FirstName`, `LastName`, `Sex`, `Credit`, `CallPhone`, `Address`) VALUES (19, 'noel.morissette@example.org', 4, 'Arjun', 'Murphy', 'Female', 72056179, '(954)952-7', '97203 Rippin Pass Suite 138\nJaidabury, IN 57120-8823');
INSERT INTO `Customer` (`ID`, `Email`, `Password`, `FirstName`, `LastName`, `Sex`, `Credit`, `CallPhone`, `Address`) VALUES (20, 'cielo10@example.net', 0, 'Mandy', 'Yost', 'Female', 30259820, '+91(0)5954', '851 Hector Square Apt. 786\nWest Linnea, KS 44924-8687');
INSERT INTO `Customer` (`ID`, `Email`, `Password`, `FirstName`, `LastName`, `Sex`, `Credit`, `CallPhone`, `Address`) VALUES (21, 'beer.maryse@example.com', 51688, 'Percy', 'Weimann', 'Male', 19015827, '1-303-171-', '183 Mertz Plaza\nWest Ken, TN 65087-9623');
INSERT INTO `Customer` (`ID`, `Email`, `Password`, `FirstName`, `LastName`, `Sex`, `Credit`, `CallPhone`, `Address`) VALUES (22, 'daisy.hermiston@example.net', 23987, 'Duane', 'Lind', 'Male', 6447180, '777-582-16', '2675 Geoffrey Cliff Suite 470\nMurrayfurt, MS 22328-1097');
INSERT INTO `Customer` (`ID`, `Email`, `Password`, `FirstName`, `LastName`, `Sex`, `Credit`, `CallPhone`, `Address`) VALUES (23, 'ova96@example.net', 0, 'Micaela', 'Schroeder', 'Male', 53006904, '113-568-82', '7955 Drake Plaza Apt. 098\nSouth Kristian, DC 10590-1671');
INSERT INTO `Customer` (`ID`, `Email`, `Password`, `FirstName`, `LastName`, `Sex`, `Credit`, `CallPhone`, `Address`) VALUES (24, 'kemard@example.org', 9, 'Christop', 'Heaney', 'Male', 4658676, '975.923.06', '578 Farrell Mission Apt. 563\nDouglasmouth, OK 85265');
INSERT INTO `Customer` (`ID`, `Email`, `Password`, `FirstName`, `LastName`, `Sex`, `Credit`, `CallPhone`, `Address`) VALUES (25, 'michaela02@example.org', 0, 'Leanne', 'Kovacek', 'Male', 28940697, '820-645-93', '797 Beth Mount\nGennarostad, MN 51634');
INSERT INTO `Customer` (`ID`, `Email`, `Password`, `FirstName`, `LastName`, `Sex`, `Credit`, `CallPhone`, `Address`) VALUES (26, 'cristina34@example.org', 6, 'Steve', 'Kiehn', 'Female', 19190734, '1-605-274-', '991 Ellsworth Trace Suite 684\nWest Ryanton, MD 21703');
INSERT INTO `Customer` (`ID`, `Email`, `Password`, `FirstName`, `LastName`, `Sex`, `Credit`, `CallPhone`, `Address`) VALUES (27, 'gutkowski.hazel@example.org', 0, 'Kelsi', 'Goodwin', 'Female', 60378390, '1-906-014-', '92478 Schimmel Squares Apt. 399\nOfeliaview, IL 76196-3044');
INSERT INTO `Customer` (`ID`, `Email`, `Password`, `FirstName`, `LastName`, `Sex`, `Credit`, `CallPhone`, `Address`) VALUES (28, 'irving97@example.com', 3, 'Ida', 'Kerluke', 'Female', 72273052, '1-559-519-', '56207 Sonia Stravenue Suite 717\nParkerstad, WI 79250-2809');
INSERT INTO `Customer` (`ID`, `Email`, `Password`, `FirstName`, `LastName`, `Sex`, `Credit`, `CallPhone`, `Address`) VALUES (29, 'marguerite70@example.net', 2, 'Esther', 'Heidenreich', 'Female', 13837515, '122.184.79', '074 Kianna Station Apt. 726\nWest Omari, DE 00778');
INSERT INTO `Customer` (`ID`, `Email`, `Password`, `FirstName`, `LastName`, `Sex`, `Credit`, `CallPhone`, `Address`) VALUES (30, 'cschinner@example.com', 6, 'Leta', 'Schaefer', 'Female', 78447320, '811-302-26', '8086 Tracey Ville\nPort Levifort, TX 02396');
INSERT INTO `Customer` (`ID`, `Email`, `Password`, `FirstName`, `LastName`, `Sex`, `Credit`, `CallPhone`, `Address`) VALUES (31, 'eileen.stanton@example.net', 785, 'Jewel', 'Kuphal', 'Female', 51131088, '1-382-293-', '653 Tyrel Locks\nSarahhaven, GA 03043');
INSERT INTO `Customer` (`ID`, `Email`, `Password`, `FirstName`, `LastName`, `Sex`, `Credit`, `CallPhone`, `Address`) VALUES (32, 'smith.christelle@example.net', 0, 'Claud', 'Walker', 'Female', 59109965, '(691)340-8', '269 Herta Motorway\nSpinkaville, OK 01639-5684');
INSERT INTO `Customer` (`ID`, `Email`, `Password`, `FirstName`, `LastName`, `Sex`, `Credit`, `CallPhone`, `Address`) VALUES (33, 'kwelch@example.org', 43, 'Mya', 'Raynor', 'Female', 79778313, '+50(0)4353', '51826 Thiel Pine\nTurcotteville, VT 43395-5922');
INSERT INTO `Customer` (`ID`, `Email`, `Password`, `FirstName`, `LastName`, `Sex`, `Credit`, `CallPhone`, `Address`) VALUES (34, 'jbode@example.org', 0, 'Sofia', 'Botsford', 'Female', 14764980, '1-290-118-', '483 Marvin Hill Apt. 146\nNorth Althea, OH 86828-3434');
INSERT INTO `Customer` (`ID`, `Email`, `Password`, `FirstName`, `LastName`, `Sex`, `Credit`, `CallPhone`, `Address`) VALUES (35, 'ubecker@example.org', 0, 'Flo', 'Blanda', 'Male', 2690929, '733-862-07', '859 Bogisich Spur\nLemkebury, NH 71460');
INSERT INTO `Customer` (`ID`, `Email`, `Password`, `FirstName`, `LastName`, `Sex`, `Credit`, `CallPhone`, `Address`) VALUES (36, 'imani.kovacek@example.com', 9, 'Bailey', 'Greenholt', 'Female', 87627269, '0255694379', '9549 Swift Isle\nPort Aidaborough, IN 60474');
INSERT INTO `Customer` (`ID`, `Email`, `Password`, `FirstName`, `LastName`, `Sex`, `Credit`, `CallPhone`, `Address`) VALUES (37, 'pullrich@example.org', 810, 'Braeden', 'Stokes', 'Female', 40225903, '196.523.31', '44057 Theron Lock\nGranttown, SD 85360');
INSERT INTO `Customer` (`ID`, `Email`, `Password`, `FirstName`, `LastName`, `Sex`, `Credit`, `CallPhone`, `Address`) VALUES (38, 'beer.nico@example.org', 6, 'Brice', 'Daugherty', 'Male', 50646119, '196.564.75', '82142 Dicki Crossing Apt. 972\nPredovicport, WI 64123-2176');
INSERT INTO `Customer` (`ID`, `Email`, `Password`, `FirstName`, `LastName`, `Sex`, `Credit`, `CallPhone`, `Address`) VALUES (39, 'ludie.reynolds@example.net', 311, 'Agustin', 'Botsford', 'Female', 57363361, '(135)308-1', '1476 Wellington Lane Suite 208\nKathlynfort, AZ 42151');
INSERT INTO `Customer` (`ID`, `Email`, `Password`, `FirstName`, `LastName`, `Sex`, `Credit`, `CallPhone`, `Address`) VALUES (40, 'aleen.krajcik@example.com', 0, 'Guillermo', 'Steuber', 'Male', 17315239, '389.328.94', '843 Holly Ridge Apt. 578\nSouth Jaquelinport, VT 85066-5093');
INSERT INTO `Customer` (`ID`, `Email`, `Password`, `FirstName`, `LastName`, `Sex`, `Credit`, `CallPhone`, `Address`) VALUES (41, 'clifton09@example.net', 3, 'Cade', 'Turner', 'Female', 1784308, '(812)455-4', '37895 Marian Expressway Suite 740\nWest Darian, IA 39226-4755');
INSERT INTO `Customer` (`ID`, `Email`, `Password`, `FirstName`, `LastName`, `Sex`, `Credit`, `CallPhone`, `Address`) VALUES (42, 'lexie68@example.org', 0, 'Ike', 'Stanton', 'Female', 42222734, '790.065.36', '7124 Auer Lodge\nNicolasbury, IL 62372');
INSERT INTO `Customer` (`ID`, `Email`, `Password`, `FirstName`, `LastName`, `Sex`, `Credit`, `CallPhone`, `Address`) VALUES (43, 'schiller.charley@example.com', 2, 'Frances', 'Anderson', 'Male', 57314090, '(717)495-3', '50733 Hegmann Ways Apt. 846\nMarkston, MO 66542-9150');
INSERT INTO `Customer` (`ID`, `Email`, `Password`, `FirstName`, `LastName`, `Sex`, `Credit`, `CallPhone`, `Address`) VALUES (44, 'sherwood83@example.org', 0, 'Jeff', 'Boyer', 'Female', 53819142, '177.067.24', '75579 Claudie Mountains\nNew Alyssonberg, VT 05466-8767');
INSERT INTO `Customer` (`ID`, `Email`, `Password`, `FirstName`, `LastName`, `Sex`, `Credit`, `CallPhone`, `Address`) VALUES (45, 'lubowitz.nicholaus@example.net', 0, 'Golda', 'Robel', 'Female', 89888752, '0646512978', '2789 Abagail Plaza Apt. 516\nSouth Leilanistad, RI 18112');
INSERT INTO `Customer` (`ID`, `Email`, `Password`, `FirstName`, `LastName`, `Sex`, `Credit`, `CallPhone`, `Address`) VALUES (46, 'alvis07@example.net', 0, 'Marley', 'O\'Keefe', 'Female', 10952806, '(681)078-8', '0693 Edmond Bypass\nTimmothyhaven, AZ 81182');
INSERT INTO `Customer` (`ID`, `Email`, `Password`, `FirstName`, `LastName`, `Sex`, `Credit`, `CallPhone`, `Address`) VALUES (47, 'anderson.joany@example.com', 887, 'Alivia', 'Pouros', 'Female', 89929140, '591-684-25', '400 Dorcas Cliffs\nNew Lacyburgh, CA 57614');
INSERT INTO `Customer` (`ID`, `Email`, `Password`, `FirstName`, `LastName`, `Sex`, `Credit`, `CallPhone`, `Address`) VALUES (48, 'myah.kozey@example.com', 0, 'Winston', 'Barton', 'Male', 99389357, '(084)811-7', '1910 Elfrieda Meadow\nPort Garnetside, NJ 42216');
INSERT INTO `Customer` (`ID`, `Email`, `Password`, `FirstName`, `LastName`, `Sex`, `Credit`, `CallPhone`, `Address`) VALUES (49, 'berry.rippin@example.org', 21929, 'Dixie', 'Lindgren', 'Male', 84129301, '1-179-283-', '324 Winona Rapids Apt. 912\nSouth Augustus, DE 44939');
INSERT INTO `Customer` (`ID`, `Email`, `Password`, `FirstName`, `LastName`, `Sex`, `Credit`, `CallPhone`, `Address`) VALUES (50, 'ladams@example.org', 5, 'Enrico', 'Kilback', 'Female', 22749053, '1-507-614-', '80021 Adolf Forges Apt. 893\nSouth Lesley, WI 67038');
INSERT INTO `Customer` (`ID`, `Email`, `Password`, `FirstName`, `LastName`, `Sex`, `Credit`, `CallPhone`, `Address`) VALUES (51, 'hammes.shea@example.org', 6, 'Marina', 'Kertzmann', 'Female', 90517744, '0844436091', '40569 Jacobs Highway\nNorth Elishatown, VA 04668');
INSERT INTO `Customer` (`ID`, `Email`, `Password`, `FirstName`, `LastName`, `Sex`, `Credit`, `CallPhone`, `Address`) VALUES (52, 'satterfield.martin@example.net', 2147483647, 'Astrid', 'McGlynn', 'Male', 1481216, '+27(2)2001', '95642 Annabell Throughway\nVolkmanborough, NE 47417');
INSERT INTO `Customer` (`ID`, `Email`, `Password`, `FirstName`, `LastName`, `Sex`, `Credit`, `CallPhone`, `Address`) VALUES (53, 'dare.theron@example.net', 4, 'Trycia', 'Mills', 'Female', 40493327, '1-969-961-', '117 O\'Conner Summit\nNew Raphael, NM 95089-7279');
INSERT INTO `Customer` (`ID`, `Email`, `Password`, `FirstName`, `LastName`, `Sex`, `Credit`, `CallPhone`, `Address`) VALUES (54, 'casimer.mills@example.net', 5183, 'Meta', 'Brown', 'Male', 81561122, '541.533.17', '4603 Vickie Keys Apt. 384\nWest Theresia, ID 48909-5911');
INSERT INTO `Customer` (`ID`, `Email`, `Password`, `FirstName`, `LastName`, `Sex`, `Credit`, `CallPhone`, `Address`) VALUES (55, 'gertrude65@example.org', 0, 'Josefina', 'Kessler', 'Male', 52098552, '242.727.92', '29780 Dean Via Suite 911\nWandabury, AZ 83712');
INSERT INTO `Customer` (`ID`, `Email`, `Password`, `FirstName`, `LastName`, `Sex`, `Credit`, `CallPhone`, `Address`) VALUES (56, 'amely64@example.com', 0, 'Einar', 'Thiel', 'Female', 19433754, '1-734-572-', '05562 Ruecker Well Suite 284\nEast Ariburgh, NH 21996');
INSERT INTO `Customer` (`ID`, `Email`, `Password`, `FirstName`, `LastName`, `Sex`, `Credit`, `CallPhone`, `Address`) VALUES (57, 'iosinski@example.net', 8, 'Angelita', 'Fay', 'Female', 40329256, '163.445.47', '9057 Casandra Hollow\nBlockhaven, TX 00092-1338');
INSERT INTO `Customer` (`ID`, `Email`, `Password`, `FirstName`, `LastName`, `Sex`, `Credit`, `CallPhone`, `Address`) VALUES (58, 'murphy.gleichner@example.net', 0, 'Orion', 'McLaughlin', 'Female', 30860394, '528-848-81', '0588 Lehner Glen\nPort Izabellaville, MD 72604-3277');
INSERT INTO `Customer` (`ID`, `Email`, `Password`, `FirstName`, `LastName`, `Sex`, `Credit`, `CallPhone`, `Address`) VALUES (59, 'conroy.stacy@example.org', 0, 'Elouise', 'Ullrich', 'Male', 98484484, '809-527-13', '90446 Clara Cliffs Apt. 068\nJudymouth, KY 27827-5799');
INSERT INTO `Customer` (`ID`, `Email`, `Password`, `FirstName`, `LastName`, `Sex`, `Credit`, `CallPhone`, `Address`) VALUES (60, 'kemmer.sarah@example.org', 28, 'Alvera', 'Towne', 'Male', 14246394, '+48(0)5115', '5164 Von Rapids\nFelipachester, ME 03783-6236');
INSERT INTO `Customer` (`ID`, `Email`, `Password`, `FirstName`, `LastName`, `Sex`, `Credit`, `CallPhone`, `Address`) VALUES (61, 'o\'kon.franz@example.com', 8, 'Josefina', 'Zemlak', 'Male', 69925245, '568.807.50', '31116 Fisher Isle Suite 235\nNew Marjoryburgh, IN 88373');
INSERT INTO `Customer` (`ID`, `Email`, `Password`, `FirstName`, `LastName`, `Sex`, `Credit`, `CallPhone`, `Address`) VALUES (62, 'champlin.jeromy@example.com', 78, 'Deshaun', 'Lakin', 'Male', 48779123, '(819)356-2', '296 Wyman Shoal Apt. 283\nPadbergton, WA 69423');
INSERT INTO `Customer` (`ID`, `Email`, `Password`, `FirstName`, `LastName`, `Sex`, `Credit`, `CallPhone`, `Address`) VALUES (63, 'friesen.drew@example.net', 1, 'Aaliyah', 'Powlowski', 'Male', 91368380, '(347)296-0', '80221 Wolf Club Apt. 219\nNorth Ayden, GA 38277');
INSERT INTO `Customer` (`ID`, `Email`, `Password`, `FirstName`, `LastName`, `Sex`, `Credit`, `CallPhone`, `Address`) VALUES (64, 'simonis.justen@example.net', 0, 'Alia', 'Cronin', 'Male', 78108870, '+48(7)0372', '18293 Bednar Turnpike\nOpheliafurt, NV 52879');
INSERT INTO `Customer` (`ID`, `Email`, `Password`, `FirstName`, `LastName`, `Sex`, `Credit`, `CallPhone`, `Address`) VALUES (65, 'kaitlyn.o\'conner@example.com', 4, 'Libby', 'Pouros', 'Female', 85938715, '435.735.00', '99252 Cicero Course Apt. 742\nConnfort, CT 84904-5851');
INSERT INTO `Customer` (`ID`, `Email`, `Password`, `FirstName`, `LastName`, `Sex`, `Credit`, `CallPhone`, `Address`) VALUES (66, 'audreanne.steuber@example.org', 399, 'Noel', 'Rowe', 'Female', 9563408, '068-377-96', '66541 Katelynn Plaza\nNevafort, NY 46728');
INSERT INTO `Customer` (`ID`, `Email`, `Password`, `FirstName`, `LastName`, `Sex`, `Credit`, `CallPhone`, `Address`) VALUES (67, 'cronin.hassan@example.com', 4517, 'Judy', 'Kertzmann', 'Male', 96825796, '(686)207-7', '519 Lang Hills Apt. 222\nOrphaview, WV 43163');
INSERT INTO `Customer` (`ID`, `Email`, `Password`, `FirstName`, `LastName`, `Sex`, `Credit`, `CallPhone`, `Address`) VALUES (68, 'katharina11@example.org', 5, 'Khalil', 'Hettinger', 'Male', 74174686, '0512646087', '374 Hackett Bridge\nJarrellview, OR 05309');
INSERT INTO `Customer` (`ID`, `Email`, `Password`, `FirstName`, `LastName`, `Sex`, `Credit`, `CallPhone`, `Address`) VALUES (69, 'meggie.quitzon@example.org', 0, 'Malcolm', 'Wiegand', 'Female', 25727106, '(180)273-6', '7045 Tillman Isle\nWest Linniemouth, OR 57489');
INSERT INTO `Customer` (`ID`, `Email`, `Password`, `FirstName`, `LastName`, `Sex`, `Credit`, `CallPhone`, `Address`) VALUES (70, 'davonte.hahn@example.com', 7, 'Easton', 'Spencer', 'Male', 59963901, '893-862-49', '724 Emmet Centers\nNew Hoseaview, TN 57861-8993');
INSERT INTO `Customer` (`ID`, `Email`, `Password`, `FirstName`, `LastName`, `Sex`, `Credit`, `CallPhone`, `Address`) VALUES (71, 'consuelo09@example.net', 0, 'Tyrel', 'Runte', 'Male', 2760457, '684.530.06', '834 Luettgen Estates Suite 597\nMooreland, WV 86224-6428');
INSERT INTO `Customer` (`ID`, `Email`, `Password`, `FirstName`, `LastName`, `Sex`, `Credit`, `CallPhone`, `Address`) VALUES (72, 'jaskolski.candelario@example.com', 9, 'Otilia', 'Windler', 'Male', 15609860, '1-464-604-', '37008 Walter Islands\nConstancefurt, ND 32635-3807');
INSERT INTO `Customer` (`ID`, `Email`, `Password`, `FirstName`, `LastName`, `Sex`, `Credit`, `CallPhone`, `Address`) VALUES (73, 'klocko.asha@example.net', 46, 'Everardo', 'Kuvalis', 'Female', 59152354, '819-451-96', '947 Makenna Meadow Suite 266\nSouth Cadenton, DE 74040');
INSERT INTO `Customer` (`ID`, `Email`, `Password`, `FirstName`, `LastName`, `Sex`, `Credit`, `CallPhone`, `Address`) VALUES (74, 'brekke.herminio@example.net', 0, 'Andrew', 'Franecki', 'Male', 6824109, '965.505.00', '3380 Kunze Brook Suite 304\nHodkiewicztown, UT 42004');
INSERT INTO `Customer` (`ID`, `Email`, `Password`, `FirstName`, `LastName`, `Sex`, `Credit`, `CallPhone`, `Address`) VALUES (75, 'mann.aliya@example.net', 5, 'Virgie', 'Deckow', 'Male', 15538733, '145.271.21', '44303 Kessler Vista\nLeonorafurt, NC 45756');
INSERT INTO `Customer` (`ID`, `Email`, `Password`, `FirstName`, `LastName`, `Sex`, `Credit`, `CallPhone`, `Address`) VALUES (76, 'lucile.johnson@example.net', 28, 'Ismael', 'Keeling', 'Female', 56971855, '1-840-655-', '1581 Johnson Drive Suite 452\nNorth Aiyanaview, IA 10469');
INSERT INTO `Customer` (`ID`, `Email`, `Password`, `FirstName`, `LastName`, `Sex`, `Credit`, `CallPhone`, `Address`) VALUES (77, 'aiyana.bailey@example.org', 0, 'Elbert', 'Schultz', 'Male', 26934404, '086-582-59', '47926 O\'Kon Forges\nGorczanyshire, ND 91583');
INSERT INTO `Customer` (`ID`, `Email`, `Password`, `FirstName`, `LastName`, `Sex`, `Credit`, `CallPhone`, `Address`) VALUES (78, 'torp.emelie@example.org', 79, 'Anne', 'O\'Hara', 'Male', 5066369, '1-470-964-', '5613 Lexus Streets\nRyleighberg, SC 93976-0596');
INSERT INTO `Customer` (`ID`, `Email`, `Password`, `FirstName`, `LastName`, `Sex`, `Credit`, `CallPhone`, `Address`) VALUES (79, 'jo.herman@example.com', 0, 'Jannie', 'Klocko', 'Male', 25924787, '+43(5)6240', '81586 Metz Harbors\nTaryntown, UT 79785-6835');
INSERT INTO `Customer` (`ID`, `Email`, `Password`, `FirstName`, `LastName`, `Sex`, `Credit`, `CallPhone`, `Address`) VALUES (80, 'xzboncak@example.net', 0, 'Preston', 'Bergnaum', 'Female', 40359877, '1-059-029-', '2337 Patience Trail\nHermistonside, MD 34556-8929');
INSERT INTO `Customer` (`ID`, `Email`, `Password`, `FirstName`, `LastName`, `Sex`, `Credit`, `CallPhone`, `Address`) VALUES (81, 'vpfeffer@example.net', 6, 'Karley', 'Zulauf', 'Female', 14084120, '336-673-29', '3248 Anne Route\nQuigleyfort, TN 91783-1709');
INSERT INTO `Customer` (`ID`, `Email`, `Password`, `FirstName`, `LastName`, `Sex`, `Credit`, `CallPhone`, `Address`) VALUES (82, 'gibson.elvis@example.com', 64, 'Christophe', 'Gutkowski', 'Male', 14789656, '829-465-18', '8871 White Valley Suite 418\nKodyfort, CT 06319');
INSERT INTO `Customer` (`ID`, `Email`, `Password`, `FirstName`, `LastName`, `Sex`, `Credit`, `CallPhone`, `Address`) VALUES (83, 'ssimonis@example.com', 4402, 'Else', 'Ortiz', 'Male', 3084117, '1-013-705-', '201 Lemke Rest Apt. 591\nNorth Quentin, TN 55847');
INSERT INTO `Customer` (`ID`, `Email`, `Password`, `FirstName`, `LastName`, `Sex`, `Credit`, `CallPhone`, `Address`) VALUES (84, 'olga46@example.net', 0, 'Herman', 'Glover', 'Female', 6217551, '534-746-94', '08371 Maximillia Forest\nOrnborough, ND 88907-1237');
INSERT INTO `Customer` (`ID`, `Email`, `Password`, `FirstName`, `LastName`, `Sex`, `Credit`, `CallPhone`, `Address`) VALUES (85, 'lonie.williamson@example.com', 3, 'Jaquelin', 'Cormier', 'Female', 4319728, '545-750-83', '2119 Velda Circles Suite 993\nLake Milofort, NM 06394-7586');
INSERT INTO `Customer` (`ID`, `Email`, `Password`, `FirstName`, `LastName`, `Sex`, `Credit`, `CallPhone`, `Address`) VALUES (86, 'kohler.jaylon@example.net', 8718001, 'Stephan', 'Johnston', 'Male', 43408435, '(016)855-8', '8561 Royal Radial Suite 722\nGraycehaven, NH 68924');
INSERT INTO `Customer` (`ID`, `Email`, `Password`, `FirstName`, `LastName`, `Sex`, `Credit`, `CallPhone`, `Address`) VALUES (87, 'nhessel@example.net', 61190, 'Rey', 'Zboncak', 'Female', 61710695, '962.556.58', '022 Brice Parkway\nSchmidtfort, NE 67481');
INSERT INTO `Customer` (`ID`, `Email`, `Password`, `FirstName`, `LastName`, `Sex`, `Credit`, `CallPhone`, `Address`) VALUES (88, 'wolf.icie@example.net', 69, 'Adriel', 'Kub', 'Female', 8783940, '1-090-407-', '9711 Rau Manor Suite 946\nWest Harleyton, SC 21116');
INSERT INTO `Customer` (`ID`, `Email`, `Password`, `FirstName`, `LastName`, `Sex`, `Credit`, `CallPhone`, `Address`) VALUES (89, 'marley.mann@example.com', 8, 'Alden', 'Kautzer', 'Male', 81101680, '(080)546-7', '748 Boyle Shore\nHectorshire, NE 69153-2545');
INSERT INTO `Customer` (`ID`, `Email`, `Password`, `FirstName`, `LastName`, `Sex`, `Credit`, `CallPhone`, `Address`) VALUES (90, 'vivienne.wisozk@example.org', 72, 'Lamar', 'Daniel', 'Male', 17628872, '1-163-965-', '804 Elaina Views\nEast General, RI 86680-7544');
INSERT INTO `Customer` (`ID`, `Email`, `Password`, `FirstName`, `LastName`, `Sex`, `Credit`, `CallPhone`, `Address`) VALUES (91, 'julia32@example.org', 0, 'Lavina', 'Larkin', 'Female', 18068695, '+01(7)2708', '790 Avery Cliff\nLake Alejandra, UT 73327-6466');
INSERT INTO `Customer` (`ID`, `Email`, `Password`, `FirstName`, `LastName`, `Sex`, `Credit`, `CallPhone`, `Address`) VALUES (92, 'altenwerth.tommie@example.net', 2, 'Frieda', 'Mitchell', 'Male', 50156000, '(922)078-5', '32917 Botsford Lodge Suite 716\nDelmermouth, UT 58922-1288');
INSERT INTO `Customer` (`ID`, `Email`, `Password`, `FirstName`, `LastName`, `Sex`, `Credit`, `CallPhone`, `Address`) VALUES (93, 'tess37@example.com', 8770, 'Camilla', 'Stroman', 'Female', 30054338, '041.268.76', '18078 Hirthe Stravenue\nFunkmouth, OR 95952-6848');
INSERT INTO `Customer` (`ID`, `Email`, `Password`, `FirstName`, `LastName`, `Sex`, `Credit`, `CallPhone`, `Address`) VALUES (94, 'oblick@example.net', 530, 'Ayla', 'Pacocha', 'Female', 68531170, '(025)524-7', '1691 Ocie Squares Apt. 343\nSouth Giovanni, DC 75539');
INSERT INTO `Customer` (`ID`, `Email`, `Password`, `FirstName`, `LastName`, `Sex`, `Credit`, `CallPhone`, `Address`) VALUES (95, 'pollich.trycia@example.org', 7, 'Kristian', 'Huels', 'Male', 59572801, '1-707-146-', '88577 Lehner Divide Suite 694\nNew Isaiahport, ND 75947-0419');
INSERT INTO `Customer` (`ID`, `Email`, `Password`, `FirstName`, `LastName`, `Sex`, `Credit`, `CallPhone`, `Address`) VALUES (96, 'hartmann.orlando@example.org', 659, 'Octavia', 'Schultz', 'Female', 70676024, '+61(8)2458', '79029 Mitchell Circle Apt. 083\nWelchstad, IN 21814-4379');
INSERT INTO `Customer` (`ID`, `Email`, `Password`, `FirstName`, `LastName`, `Sex`, `Credit`, `CallPhone`, `Address`) VALUES (97, 'jacobi.bessie@example.net', 152, 'Rhiannon', 'Tremblay', 'Female', 7345525, '(530)137-2', '729 Armand Divide\nSouth Sunny, CO 94879-2450');
INSERT INTO `Customer` (`ID`, `Email`, `Password`, `FirstName`, `LastName`, `Sex`, `Credit`, `CallPhone`, `Address`) VALUES (98, 'leonora75@example.net', 48, 'Tara', 'Weber', 'Female', 12889443, '1-084-632-', '31047 Shanon Mount\nPaucekshire, OH 06362-4336');
INSERT INTO `Customer` (`ID`, `Email`, `Password`, `FirstName`, `LastName`, `Sex`, `Credit`, `CallPhone`, `Address`) VALUES (99, 'irodriguez@example.org', 0, 'Brandy', 'Rutherford', 'Female', 72606272, '989.701.52', '6368 Koelpin Neck\nGennaromouth, UT 32132');
INSERT INTO `Customer` (`ID`, `Email`, `Password`, `FirstName`, `LastName`, `Sex`, `Credit`, `CallPhone`, `Address`) VALUES (100, 'vidal79@example.net', 3478, 'Naomi', 'Shanahan', 'Female', 53670360, '832-514-05', '28714 Eliza Street Apt. 727\nEast Mack, DE 20337-7711');
INSERT INTO `Customer` (`ID`, `Email`, `Password`, `FirstName`, `LastName`, `Sex`, `Credit`, `CallPhone`, `Address`) VALUES (101, 'sally87@example.org', 550226, 'Clemmie', 'Cummings', 'Male', 70079976, '(795)006-5', '5129 Paucek View Suite 783\nLake Elsa, SC 29800');
INSERT INTO `Customer` (`ID`, `Email`, `Password`, `FirstName`, `LastName`, `Sex`, `Credit`, `CallPhone`, `Address`) VALUES (102, 'jerde.zechariah@example.org', 82331, 'Larue', 'Tromp', 'Male', 28385119, '074-901-57', '32233 Pearlie Pike Apt. 295\nVadatown, CO 83204');
INSERT INTO `Customer` (`ID`, `Email`, `Password`, `FirstName`, `LastName`, `Sex`, `Credit`, `CallPhone`, `Address`) VALUES (103, 'hilario.windler@example.net', 0, 'Ryan', 'Abshire', 'Female', 67798309, '1-575-802-', '5242 Rowland Forks Suite 311\nBahringertown, WI 50889-8647');
INSERT INTO `Customer` (`ID`, `Email`, `Password`, `FirstName`, `LastName`, `Sex`, `Credit`, `CallPhone`, `Address`) VALUES (104, 'imitchell@example.net', 22, 'Loraine', 'Gutkowski', 'Male', 1105939, '699-127-92', '031 Cordie Stravenue Suite 576\nPort Elissahaven, VT 13124-0485');
INSERT INTO `Customer` (`ID`, `Email`, `Password`, `FirstName`, `LastName`, `Sex`, `Credit`, `CallPhone`, `Address`) VALUES (105, 'kenya.ziemann@example.net', 0, 'Joshuah', 'Hartmann', 'Male', 39570242, '1-665-549-', '9957 Alvina Ways\nLake Ward, VT 02734-7230');
INSERT INTO `Customer` (`ID`, `Email`, `Password`, `FirstName`, `LastName`, `Sex`, `Credit`, `CallPhone`, `Address`) VALUES (106, 'wunsch.vance@example.org', 20, 'Fredrick', 'Ritchie', 'Male', 1048655, '1-012-798-', '411 Hamill Crossroad Apt. 693\nNew Lisamouth, CA 78922-1294');
INSERT INTO `Customer` (`ID`, `Email`, `Password`, `FirstName`, `LastName`, `Sex`, `Credit`, `CallPhone`, `Address`) VALUES (107, 'freeda04@example.net', 0, 'Ashton', 'Rosenbaum', 'Male', 13337916, '1-062-155-', '790 Letitia Dam Apt. 813\nNew Martymouth, VT 35965');
INSERT INTO `Customer` (`ID`, `Email`, `Password`, `FirstName`, `LastName`, `Sex`, `Credit`, `CallPhone`, `Address`) VALUES (108, 'madeline90@example.org', 54, 'Ally', 'Osinski', 'Male', 32823826, '+28(9)1900', '32688 Streich Plaza\nDoloresfort, TN 51472');
INSERT INTO `Customer` (`ID`, `Email`, `Password`, `FirstName`, `LastName`, `Sex`, `Credit`, `CallPhone`, `Address`) VALUES (109, 'mertz.stefanie@example.net', 0, 'Jack', 'O\'Keefe', 'Female', 54778453, '143.005.85', '52926 Hegmann Ports\nWest Tomasastad, NJ 57012-2643');
INSERT INTO `Customer` (`ID`, `Email`, `Password`, `FirstName`, `LastName`, `Sex`, `Credit`, `CallPhone`, `Address`) VALUES (110, 'gsmitham@example.org', 0, 'Boris', 'Oberbrunner', 'Male', 84384640, '(409)921-8', '4247 Berge Ramp Apt. 107\nWhiteburgh, WI 65214');
INSERT INTO `Customer` (`ID`, `Email`, `Password`, `FirstName`, `LastName`, `Sex`, `Credit`, `CallPhone`, `Address`) VALUES (111, 'arnulfo85@example.net', 184, 'Wendell', 'McGlynn', 'Male', 2715268, '979.621.50', '69379 Don Roads Apt. 046\nPort Barbaraberg, MO 64646');
INSERT INTO `Customer` (`ID`, `Email`, `Password`, `FirstName`, `LastName`, `Sex`, `Credit`, `CallPhone`, `Address`) VALUES (112, 'littel.ernestina@example.net', 8707, 'Wilbert', 'Rath', 'Male', 68441900, '(126)653-4', '695 Kathryn Loop\nPort Nyah, ME 20148');
INSERT INTO `Customer` (`ID`, `Email`, `Password`, `FirstName`, `LastName`, `Sex`, `Credit`, `CallPhone`, `Address`) VALUES (113, 'ugrady@example.net', 0, 'Oliver', 'Murray', 'Female', 68508597, '1-706-628-', '57481 Percival Dale Apt. 128\nLuebury, DC 34001-0402');
INSERT INTO `Customer` (`ID`, `Email`, `Password`, `FirstName`, `LastName`, `Sex`, `Credit`, `CallPhone`, `Address`) VALUES (114, 'trey.fadel@example.com', 1, 'Jazlyn', 'Weissnat', 'Male', 20658152, '663-980-82', '59571 Demetrius Circle Apt. 493\nQueeniemouth, AL 51287');
INSERT INTO `Customer` (`ID`, `Email`, `Password`, `FirstName`, `LastName`, `Sex`, `Credit`, `CallPhone`, `Address`) VALUES (115, 'jarret03@example.org', 392, 'Evalyn', 'Kunde', 'Female', 66829786, '1-976-262-', '19922 Angel Fort Suite 336\nSpencerfort, AR 37114');
INSERT INTO `Customer` (`ID`, `Email`, `Password`, `FirstName`, `LastName`, `Sex`, `Credit`, `CallPhone`, `Address`) VALUES (116, 'shaina.christiansen@example.net', 0, 'Esperanza', 'Bayer', 'Female', 89235189, '890.675.05', '74660 Thiel Knolls\nLake Tillmanfurt, TX 43316-8375');
INSERT INTO `Customer` (`ID`, `Email`, `Password`, `FirstName`, `LastName`, `Sex`, `Credit`, `CallPhone`, `Address`) VALUES (117, 'svon@example.com', 734754554, 'Mertie', 'Effertz', 'Male', 9659391, '164.249.47', '359 Gerlach Loop\nPort Buford, MS 86670-5810');
INSERT INTO `Customer` (`ID`, `Email`, `Password`, `FirstName`, `LastName`, `Sex`, `Credit`, `CallPhone`, `Address`) VALUES (118, 'hugh87@example.net', 5, 'Nannie', 'Pollich', 'Male', 18524901, '166.379.53', '9937 Adelia Alley Apt. 244\nPort Camilletown, CT 72690');
INSERT INTO `Customer` (`ID`, `Email`, `Password`, `FirstName`, `LastName`, `Sex`, `Credit`, `CallPhone`, `Address`) VALUES (119, 'eusebio72@example.org', 543, 'Fannie', 'Ernser', 'Female', 59815992, '(488)776-5', '053 Beulah Square\nMaggioberg, CT 80837');
INSERT INTO `Customer` (`ID`, `Email`, `Password`, `FirstName`, `LastName`, `Sex`, `Credit`, `CallPhone`, `Address`) VALUES (120, 'cierra.abernathy@example.org', 0, 'Hailey', 'Koepp', 'Male', 58222617, '1-412-416-', '031 Kurt Freeway\nTreutelchester, OK 42917');
INSERT INTO `Customer` (`ID`, `Email`, `Password`, `FirstName`, `LastName`, `Sex`, `Credit`, `CallPhone`, `Address`) VALUES (121, 'vfeil@example.net', 238, 'Bo', 'Ziemann', 'Female', 81417541, '543-880-30', '75822 Angelina Orchard Apt. 029\nHankstad, WV 63116-1856');
INSERT INTO `Customer` (`ID`, `Email`, `Password`, `FirstName`, `LastName`, `Sex`, `Credit`, `CallPhone`, `Address`) VALUES (122, 'ztreutel@example.org', 8, 'Dwight', 'Torphy', 'Male', 36463041, '1-639-848-', '44970 Joanie Cliff Apt. 252\nBruenview, ME 71468-3772');
INSERT INTO `Customer` (`ID`, `Email`, `Password`, `FirstName`, `LastName`, `Sex`, `Credit`, `CallPhone`, `Address`) VALUES (123, 'heidenreich.josefa@example.com', 0, 'Anthony', 'Torphy', 'Female', 9650152, '088.271.37', '16447 Kessler Flats\nNorth Kasandraland, NM 82469');
INSERT INTO `Customer` (`ID`, `Email`, `Password`, `FirstName`, `LastName`, `Sex`, `Credit`, `CallPhone`, `Address`) VALUES (124, 'elarkin@example.net', 6, 'Bobbie', 'Daniel', 'Male', 41090484, '999-656-06', '67656 Altenwerth Highway\nBruenview, HI 47140-2668');
INSERT INTO `Customer` (`ID`, `Email`, `Password`, `FirstName`, `LastName`, `Sex`, `Credit`, `CallPhone`, `Address`) VALUES (125, 'hassan69@example.org', 8, 'Alicia', 'Adams', 'Male', 86906870, '1-895-400-', '82605 Donnelly Centers\nRodriguezport, NY 19325');
INSERT INTO `Customer` (`ID`, `Email`, `Password`, `FirstName`, `LastName`, `Sex`, `Credit`, `CallPhone`, `Address`) VALUES (126, 'sanford15@example.com', 0, 'Alexandria', 'Cruickshank', 'Female', 75242718, '287-647-99', '0854 Mathilde Highway Apt. 930\nNorth Laurymouth, KY 81355');
INSERT INTO `Customer` (`ID`, `Email`, `Password`, `FirstName`, `LastName`, `Sex`, `Credit`, `CallPhone`, `Address`) VALUES (127, 'koelpin.jaunita@example.net', 416, 'Archibald', 'Kris', 'Female', 89436006, '1-982-786-', '7813 Wolf Overpass\nTraceyland, AL 12027-3451');
INSERT INTO `Customer` (`ID`, `Email`, `Password`, `FirstName`, `LastName`, `Sex`, `Credit`, `CallPhone`, `Address`) VALUES (128, 'bayer.tierra@example.org', 0, 'Lawson', 'Bailey', 'Female', 98749921, '145.434.23', '901 Daugherty Dale Suite 821\nCharleyberg, VA 09092');
INSERT INTO `Customer` (`ID`, `Email`, `Password`, `FirstName`, `LastName`, `Sex`, `Credit`, `CallPhone`, `Address`) VALUES (129, 'cassandra39@example.net', 0, 'Tiara', 'Hackett', 'Female', 17576036, '152-759-06', '96859 Dickens Manor\nOndrickastad, HI 19381');
INSERT INTO `Customer` (`ID`, `Email`, `Password`, `FirstName`, `LastName`, `Sex`, `Credit`, `CallPhone`, `Address`) VALUES (130, 'aracely.bartoletti@example.net', 0, 'Lilly', 'Kiehn', 'Male', 25247115, '233-364-58', '51187 Morar Mountain Suite 784\nDickinsonfort, DC 72069');
INSERT INTO `Customer` (`ID`, `Email`, `Password`, `FirstName`, `LastName`, `Sex`, `Credit`, `CallPhone`, `Address`) VALUES (131, 'marlen.stracke@example.org', 0, 'Kaylah', 'D\'Amore', 'Male', 59258538, '947-656-10', '73948 Osinski Club Apt. 329\nFlatleyfurt, NH 16704');
INSERT INTO `Customer` (`ID`, `Email`, `Password`, `FirstName`, `LastName`, `Sex`, `Credit`, `CallPhone`, `Address`) VALUES (132, 'nboehm@example.net', 46, 'Jalen', 'Walter', 'Male', 92646574, '081-156-28', '5557 Batz Ramp Suite 782\nAlfordborough, RI 84205-4136');
INSERT INTO `Customer` (`ID`, `Email`, `Password`, `FirstName`, `LastName`, `Sex`, `Credit`, `CallPhone`, `Address`) VALUES (133, 'juliana.kiehn@example.com', 5, 'Danyka', 'Yundt', 'Female', 62263947, '(720)581-9', '38470 Wiza Inlet\nWest Crawford, ID 70952');
INSERT INTO `Customer` (`ID`, `Email`, `Password`, `FirstName`, `LastName`, `Sex`, `Credit`, `CallPhone`, `Address`) VALUES (134, 'raymundo03@example.net', 336, 'Brody', 'Walsh', 'Male', 73310728, '1-752-894-', '846 Kiley Landing Suite 013\nNorth Lauriane, MD 94627');
INSERT INTO `Customer` (`ID`, `Email`, `Password`, `FirstName`, `LastName`, `Sex`, `Credit`, `CallPhone`, `Address`) VALUES (135, 'nfeeney@example.net', 0, 'Kathleen', 'McDermott', 'Female', 26085323, '0172749597', '766 Predovic Loaf\nTurnerberg, FL 04284');
INSERT INTO `Customer` (`ID`, `Email`, `Password`, `FirstName`, `LastName`, `Sex`, `Credit`, `CallPhone`, `Address`) VALUES (136, 'sauer.manley@example.net', 82409, 'Josh', 'Trantow', 'Female', 60551003, '(530)301-7', '956 Nienow Meadow Suite 654\nMurraymouth, TX 03592-2184');
INSERT INTO `Customer` (`ID`, `Email`, `Password`, `FirstName`, `LastName`, `Sex`, `Credit`, `CallPhone`, `Address`) VALUES (137, 'nicolas.zulauf@example.com', 2300000, 'Shanon', 'Cassin', 'Male', 38237358, '1-797-255-', '24096 Marvin Mission Suite 352\nCassandraberg, CT 96611');
INSERT INTO `Customer` (`ID`, `Email`, `Password`, `FirstName`, `LastName`, `Sex`, `Credit`, `CallPhone`, `Address`) VALUES (138, 'dejuan67@example.com', 0, 'Eli', 'Stokes', 'Male', 23385575, '+82(2)0091', '6024 Flatley Spring\nSouth Kellen, MD 43757');
INSERT INTO `Customer` (`ID`, `Email`, `Password`, `FirstName`, `LastName`, `Sex`, `Credit`, `CallPhone`, `Address`) VALUES (139, 'qkoss@example.org', 845, 'Carrie', 'McGlynn', 'Male', 12267921, '372.969.49', '79339 Cummings Spurs Apt. 863\nGonzaloville, MA 76016-2655');
INSERT INTO `Customer` (`ID`, `Email`, `Password`, `FirstName`, `LastName`, `Sex`, `Credit`, `CallPhone`, `Address`) VALUES (140, 'wisoky.emmet@example.net', 69924, 'Lawrence', 'Wilkinson', 'Male', 76036934, '1-963-553-', '33204 Vicenta Ways Apt. 722\nPort Ransom, DC 97770');
INSERT INTO `Customer` (`ID`, `Email`, `Password`, `FirstName`, `LastName`, `Sex`, `Credit`, `CallPhone`, `Address`) VALUES (141, 'fadel.tyra@example.com', 54, 'Romaine', 'Upton', 'Female', 52330930, '(306)657-8', '9636 Boehm Ville\nLubowitzberg, OK 50061');
INSERT INTO `Customer` (`ID`, `Email`, `Password`, `FirstName`, `LastName`, `Sex`, `Credit`, `CallPhone`, `Address`) VALUES (142, 'lullrich@example.com', 32, 'Marcelino', 'Bartoletti', 'Male', 97789242, '(450)834-6', '8728 Agustina Drive Suite 920\nWest Annetta, LA 30371-2556');
INSERT INTO `Customer` (`ID`, `Email`, `Password`, `FirstName`, `LastName`, `Sex`, `Credit`, `CallPhone`, `Address`) VALUES (143, 'torrey71@example.com', 0, 'Immanuel', 'Leuschke', 'Female', 56817462, '598.690.63', '846 Guillermo Cliff\nWest Elfrieda, NY 87915');
INSERT INTO `Customer` (`ID`, `Email`, `Password`, `FirstName`, `LastName`, `Sex`, `Credit`, `CallPhone`, `Address`) VALUES (144, 'torphy.donna@example.org', 92, 'Ronny', 'Fay', 'Female', 41960432, '(992)316-3', '2086 Alexandrine Crest Suite 687\nConniebury, AZ 67876-4514');
INSERT INTO `Customer` (`ID`, `Email`, `Password`, `FirstName`, `LastName`, `Sex`, `Credit`, `CallPhone`, `Address`) VALUES (145, 'lowe.vena@example.net', 3, 'Olen', 'Turner', 'Male', 82877431, '0700240593', '4812 Kenton Mills Suite 511\nRodriguezborough, NY 53791-2201');
INSERT INTO `Customer` (`ID`, `Email`, `Password`, `FirstName`, `LastName`, `Sex`, `Credit`, `CallPhone`, `Address`) VALUES (146, 'arvid.schinner@example.org', 3, 'Jayce', 'Becker', 'Female', 38790639, '0401891130', '922 Fanny Highway\nKundeshire, DE 57980');
INSERT INTO `Customer` (`ID`, `Email`, `Password`, `FirstName`, `LastName`, `Sex`, `Credit`, `CallPhone`, `Address`) VALUES (147, 'feeney.heloise@example.org', 7, 'Kasandra', 'Romaguera', 'Male', 82483064, '0274594108', '91529 Cristobal Forest\nHilperttown, NC 97102-6164');
INSERT INTO `Customer` (`ID`, `Email`, `Password`, `FirstName`, `LastName`, `Sex`, `Credit`, `CallPhone`, `Address`) VALUES (148, 'smitham.savanna@example.net', 672, 'Melba', 'Leffler', 'Male', 50350707, '(282)762-2', '0511 Weissnat Street Apt. 744\nEast Bradley, TN 10667');
INSERT INTO `Customer` (`ID`, `Email`, `Password`, `FirstName`, `LastName`, `Sex`, `Credit`, `CallPhone`, `Address`) VALUES (149, 'frank81@example.net', 34915, 'Lenna', 'Feeney', 'Female', 15071909, '1-476-872-', '20070 Hansen Corner\nMargefurt, MI 75411-7280');
INSERT INTO `Customer` (`ID`, `Email`, `Password`, `FirstName`, `LastName`, `Sex`, `Credit`, `CallPhone`, `Address`) VALUES (150, 'daphney00@example.org', 370, 'Allen', 'Hodkiewicz', 'Female', 38079875, '750.636.47', '94739 Elissa Summit\nPreciousborough, AK 87808-9303');
INSERT INTO `Customer` (`ID`, `Email`, `Password`, `FirstName`, `LastName`, `Sex`, `Credit`, `CallPhone`, `Address`) VALUES (151, 'rswaniawski@example.com', 488, 'Leland', 'Kerluke', 'Female', 69317885, '+81(1)3615', '893 Hansen Well Apt. 079\nPort Melvinborough, DE 00064-5652');
INSERT INTO `Customer` (`ID`, `Email`, `Password`, `FirstName`, `LastName`, `Sex`, `Credit`, `CallPhone`, `Address`) VALUES (152, 'schaefer.phyllis@example.com', 39, 'Noe', 'D\'Amore', 'Female', 83605426, '(456)392-4', '8986 Charlene Island Apt. 099\nLake Nelda, NC 84073');
INSERT INTO `Customer` (`ID`, `Email`, `Password`, `FirstName`, `LastName`, `Sex`, `Credit`, `CallPhone`, `Address`) VALUES (153, 'emelie64@example.org', 8, 'Marie', 'Cruickshank', 'Male', 15422586, '803-408-65', '6542 Sawayn Neck\nWest Andrew, FL 75900-8748');
INSERT INTO `Customer` (`ID`, `Email`, `Password`, `FirstName`, `LastName`, `Sex`, `Credit`, `CallPhone`, `Address`) VALUES (154, 'lemke.thaddeus@example.org', 0, 'Lue', 'Hane', 'Male', 68259505, '(929)778-7', '6894 Kristian Villages Suite 027\nHilllshire, SC 96665-8932');
INSERT INTO `Customer` (`ID`, `Email`, `Password`, `FirstName`, `LastName`, `Sex`, `Credit`, `CallPhone`, `Address`) VALUES (155, 'giovani46@example.org', 7, 'Jaylin', 'Mann', 'Female', 43474341, '0358588120', '153 Haley Summit\nMckaylachester, KS 59752-4450');
INSERT INTO `Customer` (`ID`, `Email`, `Password`, `FirstName`, `LastName`, `Sex`, `Credit`, `CallPhone`, `Address`) VALUES (156, 'rasheed.barton@example.org', 2, 'Bella', 'Bechtelar', 'Female', 99073087, '1-767-627-', '25753 Jerel Crossing Apt. 981\nDevinville, MT 12869');
INSERT INTO `Customer` (`ID`, `Email`, `Password`, `FirstName`, `LastName`, `Sex`, `Credit`, `CallPhone`, `Address`) VALUES (157, 'qhermiston@example.org', 1091, 'Brandi', 'Lueilwitz', 'Female', 7474759, '0235339469', '61144 Hoeger Orchard Suite 364\nEmoryberg, KS 77783');
INSERT INTO `Customer` (`ID`, `Email`, `Password`, `FirstName`, `LastName`, `Sex`, `Credit`, `CallPhone`, `Address`) VALUES (158, 'avis41@example.org', 0, 'Annalise', 'Rau', 'Female', 15002145, '(446)636-4', '3924 Skiles Wall Apt. 613\nNorth Keenan, NC 11864');
INSERT INTO `Customer` (`ID`, `Email`, `Password`, `FirstName`, `LastName`, `Sex`, `Credit`, `CallPhone`, `Address`) VALUES (159, 'lhermiston@example.com', 0, 'Raphael', 'Williamson', 'Female', 88019330, '(343)850-2', '34816 Michel Route\nArnaldohaven, WY 39831');
INSERT INTO `Customer` (`ID`, `Email`, `Password`, `FirstName`, `LastName`, `Sex`, `Credit`, `CallPhone`, `Address`) VALUES (160, 'qjerde@example.com', 0, 'Hipolito', 'Schimmel', 'Male', 66154138, '825-548-16', '7924 Willy Lodge Suite 134\nMichaleburgh, LA 28747-1090');
INSERT INTO `Customer` (`ID`, `Email`, `Password`, `FirstName`, `LastName`, `Sex`, `Credit`, `CallPhone`, `Address`) VALUES (161, 'brooke26@example.org', 55, 'Reanna', 'Adams', 'Male', 76825991, '241.969.49', '3493 Carrie Crossroad Apt. 277\nPort Mavisberg, GA 37731-6478');
INSERT INTO `Customer` (`ID`, `Email`, `Password`, `FirstName`, `LastName`, `Sex`, `Credit`, `CallPhone`, `Address`) VALUES (162, 'jfarrell@example.net', 9, 'Ian', 'Shields', 'Male', 36620508, '0327977292', '1856 Nolan Harbor\nSouth Frankiefort, ND 11957-0648');
INSERT INTO `Customer` (`ID`, `Email`, `Password`, `FirstName`, `LastName`, `Sex`, `Credit`, `CallPhone`, `Address`) VALUES (163, 'hgoyette@example.net', 0, 'Remington', 'Blick', 'Female', 59403572, '794.557.23', '8048 Lynch Fork\nSawaynshire, RI 11269');
INSERT INTO `Customer` (`ID`, `Email`, `Password`, `FirstName`, `LastName`, `Sex`, `Credit`, `CallPhone`, `Address`) VALUES (164, 'stanton.berta@example.net', 6, 'Kenneth', 'Mayer', 'Female', 62776479, '0067080624', '160 Madisen Knoll Suite 419\nMeghanville, NY 19282');
INSERT INTO `Customer` (`ID`, `Email`, `Password`, `FirstName`, `LastName`, `Sex`, `Credit`, `CallPhone`, `Address`) VALUES (165, 'rbaumbach@example.net', 67, 'Vernice', 'Streich', 'Male', 3139151, '282.571.80', '23732 Frederick Place\nLake Michelleside, OH 47920');
INSERT INTO `Customer` (`ID`, `Email`, `Password`, `FirstName`, `LastName`, `Sex`, `Credit`, `CallPhone`, `Address`) VALUES (166, 'bmaggio@example.org', 26, 'Stephania', 'O\'Connell', 'Male', 99322814, '1-802-008-', '919 Elyssa Roads Apt. 091\nNorth Lexie, MS 62227-6036');
INSERT INTO `Customer` (`ID`, `Email`, `Password`, `FirstName`, `LastName`, `Sex`, `Credit`, `CallPhone`, `Address`) VALUES (167, 'nyah93@example.org', 0, 'Abdul', 'Daugherty', 'Male', 17359108, '(865)903-1', '1477 Hadley Brooks Apt. 196\nPollichville, IA 44187');
INSERT INTO `Customer` (`ID`, `Email`, `Password`, `FirstName`, `LastName`, `Sex`, `Credit`, `CallPhone`, `Address`) VALUES (168, 'dankunding@example.org', 2147483647, 'Abdiel', 'Ondricka', 'Male', 52252499, '1-794-425-', '97323 Kerluke Cove Apt. 831\nNew Barton, FL 01525-4299');
INSERT INTO `Customer` (`ID`, `Email`, `Password`, `FirstName`, `LastName`, `Sex`, `Credit`, `CallPhone`, `Address`) VALUES (169, 'jast.duncan@example.org', 2, 'Ericka', 'Johnston', 'Male', 34404655, '1-916-732-', '56110 Rafael Pines\nLarkinshire, ID 08237-5892');
INSERT INTO `Customer` (`ID`, `Email`, `Password`, `FirstName`, `LastName`, `Sex`, `Credit`, `CallPhone`, `Address`) VALUES (170, 'milton.kessler@example.org', 7, 'Louisa', 'Gleason', 'Female', 44477154, '(414)623-1', '20866 Powlowski Station\nWest Alyshaport, NE 24817-5069');
INSERT INTO `Customer` (`ID`, `Email`, `Password`, `FirstName`, `LastName`, `Sex`, `Credit`, `CallPhone`, `Address`) VALUES (171, 'mazie76@example.org', 0, 'Grady', 'Johnston', 'Female', 12135055, '1-014-794-', '5586 Rohan Springs\nBergstrommouth, CT 47038-4888');
INSERT INTO `Customer` (`ID`, `Email`, `Password`, `FirstName`, `LastName`, `Sex`, `Credit`, `CallPhone`, `Address`) VALUES (172, 'eliza80@example.org', 0, 'Peter', 'Homenick', 'Male', 3119779, '1-027-103-', '697 Klein Skyway\nNeilfurt, IA 89018-4271');
INSERT INTO `Customer` (`ID`, `Email`, `Password`, `FirstName`, `LastName`, `Sex`, `Credit`, `CallPhone`, `Address`) VALUES (173, 'fbarrows@example.com', 33, 'Casper', 'Connelly', 'Female', 13537068, '+94(7)3910', '8168 Murray Mountain Suite 010\nWest Everardo, CO 82156');
INSERT INTO `Customer` (`ID`, `Email`, `Password`, `FirstName`, `LastName`, `Sex`, `Credit`, `CallPhone`, `Address`) VALUES (174, 'pollich.chloe@example.org', 0, 'Kevon', 'Keeling', 'Male', 56673000, '303-988-25', '75439 Schaden Hill\nWuckertbury, GA 51023-1748');
INSERT INTO `Customer` (`ID`, `Email`, `Password`, `FirstName`, `LastName`, `Sex`, `Credit`, `CallPhone`, `Address`) VALUES (175, 'rspencer@example.net', 0, 'Leora', 'Paucek', 'Male', 39774761, '1-586-833-', '05585 Feeney Drives\nPort Aubree, NE 25657');
INSERT INTO `Customer` (`ID`, `Email`, `Password`, `FirstName`, `LastName`, `Sex`, `Credit`, `CallPhone`, `Address`) VALUES (176, 'toy.dean@example.net', 6, 'Darrel', 'Runolfsson', 'Male', 80420069, '583-474-48', '79042 Zemlak Burg Suite 419\nLake Christianahaven, WI 40622-8653');
INSERT INTO `Customer` (`ID`, `Email`, `Password`, `FirstName`, `LastName`, `Sex`, `Credit`, `CallPhone`, `Address`) VALUES (177, 'jesus74@example.net', 0, 'Ubaldo', 'Marks', 'Female', 92161045, '452.238.88', '6937 Okey Forges\nWhiteville, OH 43165-5919');
INSERT INTO `Customer` (`ID`, `Email`, `Password`, `FirstName`, `LastName`, `Sex`, `Credit`, `CallPhone`, `Address`) VALUES (178, 'halvorson.wilfred@example.net', 9, 'Payton', 'Bayer', 'Male', 98549509, '(208)312-9', '3650 Lincoln Falls Apt. 534\nJohnnytown, LA 37326-8130');
INSERT INTO `Customer` (`ID`, `Email`, `Password`, `FirstName`, `LastName`, `Sex`, `Credit`, `CallPhone`, `Address`) VALUES (179, 'jacklyn07@example.org', 0, 'Murl', 'Ankunding', 'Male', 11820236, '1-001-811-', '245 Leffler Radial Apt. 443\nNettietown, NV 66647-6395');
INSERT INTO `Customer` (`ID`, `Email`, `Password`, `FirstName`, `LastName`, `Sex`, `Credit`, `CallPhone`, `Address`) VALUES (180, 'doyle.tyrese@example.org', 0, 'Mallie', 'O\'Conner', 'Male', 28130179, '0115069949', '405 Goldner Walks Suite 119\nNorth Lottieland, IL 81069');
INSERT INTO `Customer` (`ID`, `Email`, `Password`, `FirstName`, `LastName`, `Sex`, `Credit`, `CallPhone`, `Address`) VALUES (181, 'max21@example.org', 9, 'Caleb', 'Berge', 'Female', 23377328, '1-553-252-', '5154 Aliza Lights\nDangeloborough, UT 14559');
INSERT INTO `Customer` (`ID`, `Email`, `Password`, `FirstName`, `LastName`, `Sex`, `Credit`, `CallPhone`, `Address`) VALUES (182, 'volkman.glen@example.net', 49, 'Oda', 'Ruecker', 'Female', 12753264, '386.790.69', '79993 O\'Kon Divide Suite 763\nBeattyfurt, MN 82333');
INSERT INTO `Customer` (`ID`, `Email`, `Password`, `FirstName`, `LastName`, `Sex`, `Credit`, `CallPhone`, `Address`) VALUES (183, 'katlyn68@example.com', 0, 'Jessica', 'Eichmann', 'Male', 3940719, '+10(5)4824', '777 Runte Forges\nWalterfurt, IA 22338');
INSERT INTO `Customer` (`ID`, `Email`, `Password`, `FirstName`, `LastName`, `Sex`, `Credit`, `CallPhone`, `Address`) VALUES (184, 'ajenkins@example.org', 83, 'Jacynthe', 'Feil', 'Male', 51538441, '+03(0)5461', '736 Grant Forge Suite 319\nMafaldaview, NH 07450-4608');
INSERT INTO `Customer` (`ID`, `Email`, `Password`, `FirstName`, `LastName`, `Sex`, `Credit`, `CallPhone`, `Address`) VALUES (185, 'ebarton@example.net', 8, 'Catalina', 'Deckow', 'Male', 69565096, '142-749-63', '97633 Bins Street Suite 425\nNew Tiffany, WI 60749');
INSERT INTO `Customer` (`ID`, `Email`, `Password`, `FirstName`, `LastName`, `Sex`, `Credit`, `CallPhone`, `Address`) VALUES (186, 'jaylan13@example.com', 65, 'Murray', 'Metz', 'Male', 67536532, '373.104.83', '51328 Collin Underpass Apt. 976\nWest Kendra, DE 92651-2243');
INSERT INTO `Customer` (`ID`, `Email`, `Password`, `FirstName`, `LastName`, `Sex`, `Credit`, `CallPhone`, `Address`) VALUES (187, 'hmonahan@example.com', 7, 'Chyna', 'Walsh', 'Female', 21429971, '1-801-408-', '400 Bode Terrace\nReinholdhaven, VA 70725-2560');
INSERT INTO `Customer` (`ID`, `Email`, `Password`, `FirstName`, `LastName`, `Sex`, `Credit`, `CallPhone`, `Address`) VALUES (188, 'toni.pfannerstill@example.net', 0, 'Gabriella', 'Lueilwitz', 'Female', 35345224, '1-011-092-', '06217 Mayert Track Apt. 927\nLake Esperanzaville, VA 25313-8892');
INSERT INTO `Customer` (`ID`, `Email`, `Password`, `FirstName`, `LastName`, `Sex`, `Credit`, `CallPhone`, `Address`) VALUES (189, 'jaylan05@example.org', 2147483647, 'Imogene', 'Bashirian', 'Male', 36939315, '(664)539-7', '914 Era Cove Suite 134\nSouth Daisyfort, WV 34666-1009');
INSERT INTO `Customer` (`ID`, `Email`, `Password`, `FirstName`, `LastName`, `Sex`, `Credit`, `CallPhone`, `Address`) VALUES (190, 'fsatterfield@example.net', 2753, 'Adriel', 'Kulas', 'Female', 86667080, '0826506958', '13809 Elise Plaza Suite 621\nLake Wiley, FL 45716-3705');
INSERT INTO `Customer` (`ID`, `Email`, `Password`, `FirstName`, `LastName`, `Sex`, `Credit`, `CallPhone`, `Address`) VALUES (191, 'othompson@example.net', 7, 'Madie', 'Gerhold', 'Male', 31412778, '+12(6)2243', '6917 Alexane Throughway Suite 908\nNew Caseyside, MO 01557-9080');
INSERT INTO `Customer` (`ID`, `Email`, `Password`, `FirstName`, `LastName`, `Sex`, `Credit`, `CallPhone`, `Address`) VALUES (192, 'luna37@example.com', 0, 'London', 'Cruickshank', 'Female', 57796921, '958.116.02', '299 Javonte Oval Suite 317\nPort Emie, MD 05244');
INSERT INTO `Customer` (`ID`, `Email`, `Password`, `FirstName`, `LastName`, `Sex`, `Credit`, `CallPhone`, `Address`) VALUES (193, 'lbayer@example.org', 8, 'Danielle', 'Jenkins', 'Male', 61920426, '1-418-653-', '456 Destany Heights\nEast Sydnichester, MT 72500');
INSERT INTO `Customer` (`ID`, `Email`, `Password`, `FirstName`, `LastName`, `Sex`, `Credit`, `CallPhone`, `Address`) VALUES (194, 'angela94@example.org', 0, 'Amely', 'Watsica', 'Male', 61315801, '0109693401', '5315 Virginie Square\nSouth Janickport, KY 87936-3071');
INSERT INTO `Customer` (`ID`, `Email`, `Password`, `FirstName`, `LastName`, `Sex`, `Credit`, `CallPhone`, `Address`) VALUES (195, 'lang.tamara@example.com', 0, 'Johanna', 'Ritchie', 'Female', 39769240, '+65(6)7170', '407 Marlen Drives Suite 614\nMarksfurt, MA 49915-3197');
INSERT INTO `Customer` (`ID`, `Email`, `Password`, `FirstName`, `LastName`, `Sex`, `Credit`, `CallPhone`, `Address`) VALUES (196, 'daltenwerth@example.org', 1054, 'Larue', 'Marquardt', 'Female', 15343296, '615.735.30', '900 Stephany Trace\nNew Lunafurt, MI 10229');
INSERT INTO `Customer` (`ID`, `Email`, `Password`, `FirstName`, `LastName`, `Sex`, `Credit`, `CallPhone`, `Address`) VALUES (197, 'boyd.boyle@example.org', 99482, 'Ivah', 'Eichmann', 'Female', 57714275, '1-551-440-', '1202 Roslyn Field Apt. 264\nMooreland, NV 85875-0413');
INSERT INTO `Customer` (`ID`, `Email`, `Password`, `FirstName`, `LastName`, `Sex`, `Credit`, `CallPhone`, `Address`) VALUES (198, 'elmo51@example.org', 0, 'Marie', 'Adams', 'Female', 75912965, '(923)272-6', '75618 Rory Tunnel\nJonesmouth, VT 24470');
INSERT INTO `Customer` (`ID`, `Email`, `Password`, `FirstName`, `LastName`, `Sex`, `Credit`, `CallPhone`, `Address`) VALUES (199, 'romaguera.angelina@example.net', 386, 'Jamal', 'Nicolas', 'Female', 32539877, '1-748-948-', '5956 Breanne Overpass Suite 993\nWilliamsonberg, AZ 77002');
INSERT INTO `Customer` (`ID`, `Email`, `Password`, `FirstName`, `LastName`, `Sex`, `Credit`, `CallPhone`, `Address`) VALUES (200, 'ladarius39@example.net', 720000000, 'Jeffery', 'Cruickshank', 'Female', 98624498, '438-955-58', '757 White Oval Apt. 257\nSouth Maximillianbury, ID 06327-9672');


-- #
-- # TABLE STRUCTURE FOR: Manager
-- #
--
-- DROP TABLE IF EXISTS `Manager`;
--
-- CREATE TABLE `Manager` (
--   `ID` int(15) NOT NULL AUTO_INCREMENT,
--   `Email` varchar(100) COLLATE utf8_unicode_ci NOT NULL,
--   `Password` int(15) NOT NULL,
--   `FirstName` varchar(50) COLLATE utf8_unicode_ci NOT NULL,
--   `LastName` varchar(50) COLLATE utf8_unicode_ci NOT NULL,
--   `Sex` enum('Male','Female') COLLATE utf8_unicode_ci DEFAULT NULL,
--   `CallPhone` char(10) COLLATE utf8_unicode_ci NOT NULL,
--   `Address` varchar(100) COLLATE utf8_unicode_ci NOT NULL,
--   PRIMARY KEY (`ID`)
-- ) ENGINE=InnoDB AUTO_INCREMENT=6 DEFAULT CHARSET=utf8 COLLATE=utf8_unicode_ci;

INSERT INTO `Manager` (`ID`, `Email`, `Password`, `FirstName`, `LastName`, `Sex`, `CallPhone`, `Address`) VALUES (1, 'sylvia.moen@example.com', 3, 'Karlee', 'Fay', 'Female', '0654560571', '709 Idell Courts\nDevenmouth, ND 25082');
INSERT INTO `Manager` (`ID`, `Email`, `Password`, `FirstName`, `LastName`, `Sex`, `CallPhone`, `Address`) VALUES (2, 'hbechtelar@example.com', 219, 'Shane', 'Zboncak', 'Female', '(467)904-4', '58010 Hartmann Neck\nDevontemouth, TX 06902');
INSERT INTO `Manager` (`ID`, `Email`, `Password`, `FirstName`, `LastName`, `Sex`, `CallPhone`, `Address`) VALUES (3, 'dickens.gabe@example.org', 0, 'Nyasia', 'Rau', 'Male', '(576)851-7', '54690 Heathcote Lock Suite 180\nSchadenfurt, ND 97355-1316');
INSERT INTO `Manager` (`ID`, `Email`, `Password`, `FirstName`, `LastName`, `Sex`, `CallPhone`, `Address`) VALUES (4, 'jude17@example.org', 494, 'Thurman', 'Spencer', 'Male', '1-883-042-', '43387 Jonatan Springs Apt. 941\nO\'Connellside, CT 06404');
INSERT INTO `Manager` (`ID`, `Email`, `Password`, `FirstName`, `LastName`, `Sex`, `CallPhone`, `Address`) VALUES (5, 'rgislason@example.net', 0, 'Keshawn', 'Weimann', 'Female', '1-131-626-', '87860 O\'Reilly Turnpike\nHerzogshire, WA 79419-7967');


-- #
-- # TABLE STRUCTURE FOR: Vendor
-- #
--
-- DROP TABLE IF EXISTS `Vendor`;
--
-- CREATE TABLE `Vendor` (
--   `ID` int(15) NOT NULL AUTO_INCREMENT,
--   `Title` varchar(50) COLLATE utf8_unicode_ci NOT NULL,
--   `City` varchar(50) COLLATE utf8_unicode_ci NOT NULL,
--   `ManagerID` int(15) NOT NULL,
--   `Phone` char(10) COLLATE utf8_unicode_ci NOT NULL,
--   `Address` varchar(100) COLLATE utf8_unicode_ci NOT NULL,
--   PRIMARY KEY (`ID`,`ManagerID`),
--   KEY `ManagerID` (`ManagerID`),
--   CONSTRAINT `Vendor_ibfk_1` FOREIGN KEY (`ManagerID`) REFERENCES `Manager` (`ID`)
-- ) ENGINE=InnoDB AUTO_INCREMENT=16 DEFAULT CHARSET=utf8 COLLATE=utf8_unicode_ci;

INSERT INTO `Vendor` (`ID`, `Title`, `City`, `ManagerID`, `Phone`, `Address`) VALUES (1, 'eos', 'West Claudia', 1, '+47(2)7578', '44767 Bailey Loop Apt. 140\nGoodwintown, CO 13399-3588');
INSERT INTO `Vendor` (`ID`, `Title`, `City`, `ManagerID`, `Phone`, `Address`) VALUES (2, 'laborum', 'Koleview', 2, '+43(4)7685', '5703 Pagac Corner Suite 023\nEast Jamir, SD 98916-4544');
INSERT INTO `Vendor` (`ID`, `Title`, `City`, `ManagerID`, `Phone`, `Address`) VALUES (3, 'libero', 'New Lorna', 3, '+32(8)6461', '47503 Kuhlman Trail\nNorth Dejonside, MS 42975-4482');
INSERT INTO `Vendor` (`ID`, `Title`, `City`, `ManagerID`, `Phone`, `Address`) VALUES (4, 'dolorem', 'Yeseniaville', 4, '(488)401-9', '5086 Hauck Forges Apt. 660\nBertamouth, SD 89667');
INSERT INTO `Vendor` (`ID`, `Title`, `City`, `ManagerID`, `Phone`, `Address`) VALUES (5, 'modi', 'East Carol', 5, '1-101-063-', '4932 Robel Lakes Suite 300\nSouth Deontae, NE 20298-0278');
INSERT INTO `Vendor` (`ID`, `Title`, `City`, `ManagerID`, `Phone`, `Address`) VALUES (6, 'officiis', 'Maribelmouth', 1, '1-640-385-', '71759 Taryn Bypass\nPort Kathlynville, AZ 42117');
INSERT INTO `Vendor` (`ID`, `Title`, `City`, `ManagerID`, `Phone`, `Address`) VALUES (7, 'non', 'East Otiliachester', 2, '0081661894', '1178 Mauricio Grove Suite 088\nMayerfurt, DE 89038-8602');
INSERT INTO `Vendor` (`ID`, `Title`, `City`, `ManagerID`, `Phone`, `Address`) VALUES (8, 'ipsum', 'West Ubaldoview', 3, '745-376-39', '218 Rohan Rue\nWest Graceport, UT 32992-5437');
INSERT INTO `Vendor` (`ID`, `Title`, `City`, `ManagerID`, `Phone`, `Address`) VALUES (9, 'ducimus', 'Murazikbury', 4, '(613)134-5', '500 Jeffry Dale\nNorth Easterchester, VT 77622-0841');
INSERT INTO `Vendor` (`ID`, `Title`, `City`, `ManagerID`, `Phone`, `Address`) VALUES (10, 'quae', 'Jessiechester', 5, '297-719-49', '7182 Vivian Parkways Apt. 271\nWolfftown, NH 12337');
INSERT INTO `Vendor` (`ID`, `Title`, `City`, `ManagerID`, `Phone`, `Address`) VALUES (11, 'quas', 'East Justuschester', 1, '+88(0)0511', '595 Kuhn Street Suite 697\nAbeberg, SC 86128');
INSERT INTO `Vendor` (`ID`, `Title`, `City`, `ManagerID`, `Phone`, `Address`) VALUES (12, 'deleniti', 'Jaychester', 2, '571-581-73', '00715 Schaefer Hill Apt. 304\nSchneiderfort, NC 70060');
INSERT INTO `Vendor` (`ID`, `Title`, `City`, `ManagerID`, `Phone`, `Address`) VALUES (13, 'et', 'North Donatoville', 3, '+61(2)2768', '288 Martine Orchard Apt. 014\nEast Mireya, AZ 94318');
INSERT INTO `Vendor` (`ID`, `Title`, `City`, `ManagerID`, `Phone`, `Address`) VALUES (14, 'similique', 'South Luellamouth', 4, '520.797.98', '657 Parker Trail Suite 972\nNew Chaz, DC 60639');
INSERT INTO `Vendor` (`ID`, `Title`, `City`, `ManagerID`, `Phone`, `Address`) VALUES (15, 'itaque', 'Port Kenyon', 5, '+86(2)7906', '61053 Howell Drives\nLefflerland, LA 03738');






-- #
-- # TABLE STRUCTURE FOR: Orders
-- #
--
-- DROP TABLE IF EXISTS `Orders`;
--
-- CREATE TABLE `Orders` (
--   `ID` int(15) NOT NULL AUTO_INCREMENT,
--   `VendorID` int(15) NOT NULL,
--   `CustomerID` int(15) NOT NULL,
--   `Status` enum('Registered','Sending','Delivered') COLLATE utf8_unicode_ci NOT NULL,
--   `PaymentType` enum('CreditPayment','OnlinePayment') COLLATE utf8_unicode_ci NOT NULL,
--   `CreatedAt` timestamp NOT NULL DEFAULT current_timestamp() ON UPDATE current_timestamp(),
--   `DeliveryAddress` varchar(100) COLLATE utf8_unicode_ci NOT NULL,
--   PRIMARY KEY (`ID`,`VendorID`,`CustomerID`),
--   KEY `VendorID` (`VendorID`),
--   KEY `CustomerID` (`CustomerID`),
--   CONSTRAINT `Orders_ibfk_1` FOREIGN KEY (`VendorID`) REFERENCES `Vendor` (`ID`),
--   CONSTRAINT `Orders_ibfk_2` FOREIGN KEY (`CustomerID`) REFERENCES `Customer` (`ID`)
-- ) ENGINE=InnoDB AUTO_INCREMENT=801 DEFAULT CHARSET=utf8 COLLATE=utf8_unicode_ci;

INSERT INTO `Orders` (`ID`, `VendorID`, `CustomerID`, `Status`, `PaymentType`, `CreatedAt`, `DeliveryAddress`) VALUES (1, 1, 1, 'Registered', 'OnlinePayment', '2015-05-29 15:27:58', '796 Halvorson Grove\nShieldsview, NY 67377-9333');
INSERT INTO `Orders` (`ID`, `VendorID`, `CustomerID`, `Status`, `PaymentType`, `CreatedAt`, `DeliveryAddress`) VALUES (2, 2, 2, 'Registered', 'OnlinePayment', '2001-09-14 04:01:30', '1312 Eloise Islands\nNorth Theo, CO 66546-0570');
INSERT INTO `Orders` (`ID`, `VendorID`, `CustomerID`, `Status`, `PaymentType`, `CreatedAt`, `DeliveryAddress`) VALUES (3, 3, 3, 'Sending', 'CreditPayment', '2009-02-05 12:18:02', '3941 Kris Green\nSigridfort, AL 04106-5547');
INSERT INTO `Orders` (`ID`, `VendorID`, `CustomerID`, `Status`, `PaymentType`, `CreatedAt`, `DeliveryAddress`) VALUES (4, 4, 4, 'Delivered', 'CreditPayment', '2015-01-24 10:49:24', '2866 Hills Meadows Apt. 492\nNorth Mozelleside, NY 29579');
INSERT INTO `Orders` (`ID`, `VendorID`, `CustomerID`, `Status`, `PaymentType`, `CreatedAt`, `DeliveryAddress`) VALUES (5, 5, 5, 'Registered', 'OnlinePayment', '2000-02-04 19:03:02', '387 Yost Drives Suite 699\nDaniellestad, MI 98380-2460');
INSERT INTO `Orders` (`ID`, `VendorID`, `CustomerID`, `Status`, `PaymentType`, `CreatedAt`, `DeliveryAddress`) VALUES (6, 6, 6, 'Delivered', 'OnlinePayment', '1995-04-15 18:33:57', '1854 McClure Hill\nDouglasport, OK 01007-2447');
INSERT INTO `Orders` (`ID`, `VendorID`, `CustomerID`, `Status`, `PaymentType`, `CreatedAt`, `DeliveryAddress`) VALUES (7, 7, 7, 'Sending', 'CreditPayment', '1987-12-30 10:42:18', '4068 Reanna Coves Apt. 325\nMaeberg, UT 23359-8428');
INSERT INTO `Orders` (`ID`, `VendorID`, `CustomerID`, `Status`, `PaymentType`, `CreatedAt`, `DeliveryAddress`) VALUES (8, 8, 8, 'Delivered', 'CreditPayment', '2001-12-17 19:27:34', '5934 Breana Way Suite 654\nLoweland, SC 84953');
INSERT INTO `Orders` (`ID`, `VendorID`, `CustomerID`, `Status`, `PaymentType`, `CreatedAt`, `DeliveryAddress`) VALUES (9, 9, 9, 'Registered', 'CreditPayment', '1970-04-21 10:24:37', '187 Heath Villages Suite 781\nFlatleyshire, OR 29652-9621');
INSERT INTO `Orders` (`ID`, `VendorID`, `CustomerID`, `Status`, `PaymentType`, `CreatedAt`, `DeliveryAddress`) VALUES (10, 10, 10, 'Sending', 'OnlinePayment', '2003-02-22 01:28:04', '0015 Marcelle Summit Apt. 158\nEast Aubree, ND 08054-6308');
INSERT INTO `Orders` (`ID`, `VendorID`, `CustomerID`, `Status`, `PaymentType`, `CreatedAt`, `DeliveryAddress`) VALUES (11, 11, 11, 'Delivered', 'CreditPayment', '2014-12-09 12:28:43', '51693 Lelah Hills\nLarkinfurt, RI 41152-5496');
INSERT INTO `Orders` (`ID`, `VendorID`, `CustomerID`, `Status`, `PaymentType`, `CreatedAt`, `DeliveryAddress`) VALUES (12, 12, 12, 'Delivered', 'CreditPayment', '1970-06-16 21:29:44', '10632 Altenwerth Key\nGwenchester, NY 20733-7492');
INSERT INTO `Orders` (`ID`, `VendorID`, `CustomerID`, `Status`, `PaymentType`, `CreatedAt`, `DeliveryAddress`) VALUES (13, 13, 13, 'Delivered', 'CreditPayment', '1974-04-25 00:24:22', '6505 Dolly Estates Suite 831\nQuigleyton, IL 73256-8527');
INSERT INTO `Orders` (`ID`, `VendorID`, `CustomerID`, `Status`, `PaymentType`, `CreatedAt`, `DeliveryAddress`) VALUES (14, 14, 14, 'Delivered', 'CreditPayment', '1981-01-16 00:56:21', '6332 Adalberto Vista Apt. 524\nRitaland, MD 70475');
INSERT INTO `Orders` (`ID`, `VendorID`, `CustomerID`, `Status`, `PaymentType`, `CreatedAt`, `DeliveryAddress`) VALUES (15, 15, 15, 'Sending', 'CreditPayment', '1986-10-04 19:53:01', '91474 Marcus Prairie Suite 576\nPort Keatonfurt, MT 84238-8153');
INSERT INTO `Orders` (`ID`, `VendorID`, `CustomerID`, `Status`, `PaymentType`, `CreatedAt`, `DeliveryAddress`) VALUES (16, 1, 16, 'Sending', 'CreditPayment', '1982-08-10 12:04:58', '62958 Skiles Ridges\nStephanport, MS 70004-9443');
INSERT INTO `Orders` (`ID`, `VendorID`, `CustomerID`, `Status`, `PaymentType`, `CreatedAt`, `DeliveryAddress`) VALUES (17, 2, 17, 'Registered', 'CreditPayment', '2010-12-19 11:32:21', '560 Jacey Creek\nPort Janick, WY 60959');
INSERT INTO `Orders` (`ID`, `VendorID`, `CustomerID`, `Status`, `PaymentType`, `CreatedAt`, `DeliveryAddress`) VALUES (18, 3, 18, 'Registered', 'OnlinePayment', '2014-01-26 12:52:29', '7836 Harley Ferry Suite 409\nSouth Michael, CO 54695-5916');
INSERT INTO `Orders` (`ID`, `VendorID`, `CustomerID`, `Status`, `PaymentType`, `CreatedAt`, `DeliveryAddress`) VALUES (19, 4, 19, 'Sending', 'CreditPayment', '1972-08-05 05:16:18', '387 Vincenza Inlet Suite 303\nLake Clydefort, SC 23659-7914');
INSERT INTO `Orders` (`ID`, `VendorID`, `CustomerID`, `Status`, `PaymentType`, `CreatedAt`, `DeliveryAddress`) VALUES (20, 5, 20, 'Delivered', 'OnlinePayment', '2015-12-25 08:12:53', '52769 Judson Burg\nWest Wilfredoview, UT 47841');
INSERT INTO `Orders` (`ID`, `VendorID`, `CustomerID`, `Status`, `PaymentType`, `CreatedAt`, `DeliveryAddress`) VALUES (21, 6, 21, 'Delivered', 'OnlinePayment', '2018-04-23 15:46:33', '0719 Murray Hill\nKihnhaven, NC 97213');
INSERT INTO `Orders` (`ID`, `VendorID`, `CustomerID`, `Status`, `PaymentType`, `CreatedAt`, `DeliveryAddress`) VALUES (22, 7, 22, 'Delivered', 'CreditPayment', '1976-06-23 10:32:56', '597 Torp Circles\nWest Shanna, OH 01942-1881');
INSERT INTO `Orders` (`ID`, `VendorID`, `CustomerID`, `Status`, `PaymentType`, `CreatedAt`, `DeliveryAddress`) VALUES (23, 8, 23, 'Sending', 'OnlinePayment', '1974-02-14 11:01:52', '540 Ondricka Shoal\nHelenberg, WY 91093-0583');
INSERT INTO `Orders` (`ID`, `VendorID`, `CustomerID`, `Status`, `PaymentType`, `CreatedAt`, `DeliveryAddress`) VALUES (24, 9, 24, 'Delivered', 'CreditPayment', '1988-11-14 21:02:11', '06312 Kasandra Brooks Apt. 792\nJosueburgh, CT 95268');
INSERT INTO `Orders` (`ID`, `VendorID`, `CustomerID`, `Status`, `PaymentType`, `CreatedAt`, `DeliveryAddress`) VALUES (25, 10, 25, 'Sending', 'CreditPayment', '2001-04-25 17:31:32', '1672 Dietrich Gardens\nNew Marcusburgh, NM 97982-9418');
INSERT INTO `Orders` (`ID`, `VendorID`, `CustomerID`, `Status`, `PaymentType`, `CreatedAt`, `DeliveryAddress`) VALUES (26, 11, 26, 'Sending', 'OnlinePayment', '1970-04-02 20:25:21', '081 Dameon Lights Suite 917\nLake Keven, DC 78690-4510');
INSERT INTO `Orders` (`ID`, `VendorID`, `CustomerID`, `Status`, `PaymentType`, `CreatedAt`, `DeliveryAddress`) VALUES (27, 12, 27, 'Registered', 'CreditPayment', '2017-09-19 23:42:37', '00758 Torey Cape\nNorth Vladimir, TX 12833-6404');
INSERT INTO `Orders` (`ID`, `VendorID`, `CustomerID`, `Status`, `PaymentType`, `CreatedAt`, `DeliveryAddress`) VALUES (28, 13, 28, 'Sending', 'CreditPayment', '2016-01-02 20:01:07', '33872 Hodkiewicz Orchard\nPort Johnny, WA 99981-9483');
INSERT INTO `Orders` (`ID`, `VendorID`, `CustomerID`, `Status`, `PaymentType`, `CreatedAt`, `DeliveryAddress`) VALUES (29, 14, 29, 'Delivered', 'OnlinePayment', '2012-02-24 12:44:29', '510 Medhurst Run\nNorth Aliciaborough, CO 21328-8704');
INSERT INTO `Orders` (`ID`, `VendorID`, `CustomerID`, `Status`, `PaymentType`, `CreatedAt`, `DeliveryAddress`) VALUES (30, 15, 30, 'Registered', 'OnlinePayment', '2017-09-09 13:26:16', '7779 Rowena Mill\nLake Hiltonchester, WA 47412-7860');
INSERT INTO `Orders` (`ID`, `VendorID`, `CustomerID`, `Status`, `PaymentType`, `CreatedAt`, `DeliveryAddress`) VALUES (31, 1, 31, 'Sending', 'CreditPayment', '1998-11-06 22:53:30', '948 Bernadette Ford\nWest Wilfredo, UT 14471-8752');
INSERT INTO `Orders` (`ID`, `VendorID`, `CustomerID`, `Status`, `PaymentType`, `CreatedAt`, `DeliveryAddress`) VALUES (32, 2, 32, 'Delivered', 'OnlinePayment', '2012-04-23 01:38:21', '812 Julius Prairie Apt. 961\nLake Layla, IN 81906-9823');
INSERT INTO `Orders` (`ID`, `VendorID`, `CustomerID`, `Status`, `PaymentType`, `CreatedAt`, `DeliveryAddress`) VALUES (33, 3, 33, 'Sending', 'OnlinePayment', '1970-03-03 15:25:32', '44368 Madie Junction\nEast Modestaville, WA 62922');
INSERT INTO `Orders` (`ID`, `VendorID`, `CustomerID`, `Status`, `PaymentType`, `CreatedAt`, `DeliveryAddress`) VALUES (34, 4, 34, 'Sending', 'CreditPayment', '1987-05-18 17:49:02', '64822 Roxanne Estates\nMcKenzieview, MS 49305-1735');
INSERT INTO `Orders` (`ID`, `VendorID`, `CustomerID`, `Status`, `PaymentType`, `CreatedAt`, `DeliveryAddress`) VALUES (35, 5, 35, 'Delivered', 'CreditPayment', '2000-06-16 13:58:48', '4765 Nikolaus Crescent Apt. 531\nNew Roy, MT 95389');
INSERT INTO `Orders` (`ID`, `VendorID`, `CustomerID`, `Status`, `PaymentType`, `CreatedAt`, `DeliveryAddress`) VALUES (36, 6, 36, 'Delivered', 'CreditPayment', '1979-10-20 00:19:20', '2505 Nova Hills\nPort Arlo, UT 20965');
INSERT INTO `Orders` (`ID`, `VendorID`, `CustomerID`, `Status`, `PaymentType`, `CreatedAt`, `DeliveryAddress`) VALUES (37, 7, 37, 'Sending', 'CreditPayment', '1987-08-30 10:51:22', '12759 Langosh Landing Apt. 850\nKaylieland, FL 45683-1579');
INSERT INTO `Orders` (`ID`, `VendorID`, `CustomerID`, `Status`, `PaymentType`, `CreatedAt`, `DeliveryAddress`) VALUES (38, 8, 38, 'Sending', 'CreditPayment', '1998-07-30 17:56:04', '52942 Shanny Port Suite 007\nEast Juliet, OR 50066');
INSERT INTO `Orders` (`ID`, `VendorID`, `CustomerID`, `Status`, `PaymentType`, `CreatedAt`, `DeliveryAddress`) VALUES (39, 9, 39, 'Sending', 'OnlinePayment', '1989-09-25 13:39:31', '7466 Schimmel Meadows Suite 378\nKatharinafurt, KY 77819');
INSERT INTO `Orders` (`ID`, `VendorID`, `CustomerID`, `Status`, `PaymentType`, `CreatedAt`, `DeliveryAddress`) VALUES (40, 10, 40, 'Registered', 'CreditPayment', '2008-09-12 13:14:04', '403 Deckow Unions\nWest Deven, NY 58236');
INSERT INTO `Orders` (`ID`, `VendorID`, `CustomerID`, `Status`, `PaymentType`, `CreatedAt`, `DeliveryAddress`) VALUES (41, 11, 41, 'Registered', 'CreditPayment', '1991-02-02 09:24:13', '1099 Jast Flat Apt. 269\nEmmerichton, ME 01590');
INSERT INTO `Orders` (`ID`, `VendorID`, `CustomerID`, `Status`, `PaymentType`, `CreatedAt`, `DeliveryAddress`) VALUES (42, 12, 42, 'Sending', 'CreditPayment', '2009-02-10 02:34:50', '8603 Crona Course\nKunzemouth, SD 39688-0766');
INSERT INTO `Orders` (`ID`, `VendorID`, `CustomerID`, `Status`, `PaymentType`, `CreatedAt`, `DeliveryAddress`) VALUES (43, 13, 43, 'Sending', 'CreditPayment', '2015-06-03 12:29:51', '32225 Howe Ways\nHuelsport, HI 42654');
INSERT INTO `Orders` (`ID`, `VendorID`, `CustomerID`, `Status`, `PaymentType`, `CreatedAt`, `DeliveryAddress`) VALUES (44, 14, 44, 'Delivered', 'CreditPayment', '2004-04-03 04:48:20', '4091 Shania Parks\nPort Hirammouth, GA 51316-0245');
INSERT INTO `Orders` (`ID`, `VendorID`, `CustomerID`, `Status`, `PaymentType`, `CreatedAt`, `DeliveryAddress`) VALUES (45, 15, 45, 'Registered', 'CreditPayment', '1978-10-30 21:34:52', '16896 Howe Plains Apt. 364\nSouth Gus, OH 03787');
INSERT INTO `Orders` (`ID`, `VendorID`, `CustomerID`, `Status`, `PaymentType`, `CreatedAt`, `DeliveryAddress`) VALUES (46, 1, 46, 'Sending', 'OnlinePayment', '1996-03-09 04:35:10', '2993 Nedra Stravenue Suite 643\nHillsview, MN 10788');
INSERT INTO `Orders` (`ID`, `VendorID`, `CustomerID`, `Status`, `PaymentType`, `CreatedAt`, `DeliveryAddress`) VALUES (47, 2, 47, 'Delivered', 'OnlinePayment', '1986-07-23 11:32:51', '6441 Larissa Hollow\nWest Jordon, WA 93492');
INSERT INTO `Orders` (`ID`, `VendorID`, `CustomerID`, `Status`, `PaymentType`, `CreatedAt`, `DeliveryAddress`) VALUES (48, 3, 48, 'Sending', 'CreditPayment', '2000-01-03 11:35:40', '282 Sheldon Square Apt. 924\nKleinberg, MS 73723');
INSERT INTO `Orders` (`ID`, `VendorID`, `CustomerID`, `Status`, `PaymentType`, `CreatedAt`, `DeliveryAddress`) VALUES (49, 4, 49, 'Sending', 'CreditPayment', '2018-05-04 04:41:15', '083 Martina Fork Suite 118\nPort Derick, AZ 25407-9861');
INSERT INTO `Orders` (`ID`, `VendorID`, `CustomerID`, `Status`, `PaymentType`, `CreatedAt`, `DeliveryAddress`) VALUES (50, 5, 50, 'Sending', 'CreditPayment', '2013-06-22 04:13:03', '786 Savanah Well Suite 168\nColtenton, NJ 64186-9526');
INSERT INTO `Orders` (`ID`, `VendorID`, `CustomerID`, `Status`, `PaymentType`, `CreatedAt`, `DeliveryAddress`) VALUES (51, 6, 51, 'Registered', 'CreditPayment', '1990-10-30 13:25:49', '070 Renner Park\nNaderstad, RI 00040');
INSERT INTO `Orders` (`ID`, `VendorID`, `CustomerID`, `Status`, `PaymentType`, `CreatedAt`, `DeliveryAddress`) VALUES (52, 7, 52, 'Registered', 'CreditPayment', '1997-10-15 00:36:36', '201 Reichel Field Suite 364\nNorth Cordiamouth, WI 43125-2421');
INSERT INTO `Orders` (`ID`, `VendorID`, `CustomerID`, `Status`, `PaymentType`, `CreatedAt`, `DeliveryAddress`) VALUES (53, 8, 53, 'Delivered', 'OnlinePayment', '1988-05-06 22:38:54', '210 Gleason Points\nPort Geoffreyborough, NV 11786-5806');
INSERT INTO `Orders` (`ID`, `VendorID`, `CustomerID`, `Status`, `PaymentType`, `CreatedAt`, `DeliveryAddress`) VALUES (54, 9, 54, 'Delivered', 'OnlinePayment', '1987-09-15 19:28:11', '5689 Silas Loaf\nEast Madalynfort, MI 72009-7481');
INSERT INTO `Orders` (`ID`, `VendorID`, `CustomerID`, `Status`, `PaymentType`, `CreatedAt`, `DeliveryAddress`) VALUES (55, 10, 55, 'Delivered', 'OnlinePayment', '2007-08-30 01:43:47', '155 Streich Village\nMargothaven, WY 20009');
INSERT INTO `Orders` (`ID`, `VendorID`, `CustomerID`, `Status`, `PaymentType`, `CreatedAt`, `DeliveryAddress`) VALUES (56, 11, 56, 'Delivered', 'CreditPayment', '1973-11-07 20:53:53', '633 Rolfson Street\nOdessaland, KS 78333');
INSERT INTO `Orders` (`ID`, `VendorID`, `CustomerID`, `Status`, `PaymentType`, `CreatedAt`, `DeliveryAddress`) VALUES (57, 12, 57, 'Registered', 'CreditPayment', '1998-04-02 11:31:46', '51055 McCullough Isle Apt. 064\nNew Ayana, VA 01368');
INSERT INTO `Orders` (`ID`, `VendorID`, `CustomerID`, `Status`, `PaymentType`, `CreatedAt`, `DeliveryAddress`) VALUES (58, 13, 58, 'Sending', 'CreditPayment', '2006-11-23 17:36:08', '3950 Robert Fork Apt. 916\nEast Oliver, NY 83164');
INSERT INTO `Orders` (`ID`, `VendorID`, `CustomerID`, `Status`, `PaymentType`, `CreatedAt`, `DeliveryAddress`) VALUES (59, 14, 59, 'Delivered', 'OnlinePayment', '1973-04-20 08:43:17', '001 Boyle Drive Suite 846\nSouth Elisaborough, MN 18438');
INSERT INTO `Orders` (`ID`, `VendorID`, `CustomerID`, `Status`, `PaymentType`, `CreatedAt`, `DeliveryAddress`) VALUES (60, 15, 60, 'Delivered', 'OnlinePayment', '1976-01-14 06:35:55', '948 Ahmad Tunnel\nNew Veldashire, VT 09420');
INSERT INTO `Orders` (`ID`, `VendorID`, `CustomerID`, `Status`, `PaymentType`, `CreatedAt`, `DeliveryAddress`) VALUES (61, 1, 61, 'Registered', 'OnlinePayment', '2005-09-13 04:28:34', '75171 Kemmer Highway\nLake Dayne, IL 18308-1819');
INSERT INTO `Orders` (`ID`, `VendorID`, `CustomerID`, `Status`, `PaymentType`, `CreatedAt`, `DeliveryAddress`) VALUES (62, 2, 62, 'Sending', 'OnlinePayment', '1977-10-16 07:26:00', '9031 Wilderman Mill\nEthylburgh, SD 70357');
INSERT INTO `Orders` (`ID`, `VendorID`, `CustomerID`, `Status`, `PaymentType`, `CreatedAt`, `DeliveryAddress`) VALUES (63, 3, 63, 'Registered', 'CreditPayment', '1996-05-19 23:13:23', '2914 Streich Forks Apt. 049\nSchmidthaven, MD 95156-1368');
INSERT INTO `Orders` (`ID`, `VendorID`, `CustomerID`, `Status`, `PaymentType`, `CreatedAt`, `DeliveryAddress`) VALUES (64, 4, 64, 'Registered', 'OnlinePayment', '1977-02-10 16:05:46', '513 Kilback Trafficway\nSouth Valliemouth, AK 75409-6881');
INSERT INTO `Orders` (`ID`, `VendorID`, `CustomerID`, `Status`, `PaymentType`, `CreatedAt`, `DeliveryAddress`) VALUES (65, 5, 65, 'Sending', 'CreditPayment', '1974-03-11 00:44:57', '0951 Bartholome Island Suite 786\nCliftonfort, NY 52097-6268');
INSERT INTO `Orders` (`ID`, `VendorID`, `CustomerID`, `Status`, `PaymentType`, `CreatedAt`, `DeliveryAddress`) VALUES (66, 6, 66, 'Delivered', 'OnlinePayment', '2017-11-10 19:33:55', '19679 Wilderman Neck Apt. 101\nEast Brendanland, WV 79350-5172');
INSERT INTO `Orders` (`ID`, `VendorID`, `CustomerID`, `Status`, `PaymentType`, `CreatedAt`, `DeliveryAddress`) VALUES (67, 7, 67, 'Registered', 'OnlinePayment', '1986-08-07 15:04:18', '77233 Abbott Crossroad Suite 398\nCandaceside, MT 58669-7129');
INSERT INTO `Orders` (`ID`, `VendorID`, `CustomerID`, `Status`, `PaymentType`, `CreatedAt`, `DeliveryAddress`) VALUES (68, 8, 68, 'Delivered', 'OnlinePayment', '1971-12-27 00:25:32', '282 Peggie Trace\nRoryborough, AR 51504');
INSERT INTO `Orders` (`ID`, `VendorID`, `CustomerID`, `Status`, `PaymentType`, `CreatedAt`, `DeliveryAddress`) VALUES (69, 9, 69, 'Sending', 'CreditPayment', '2005-01-30 04:15:51', '8710 Cassin Junctions Apt. 380\nNorth Orland, WA 86910-8318');
INSERT INTO `Orders` (`ID`, `VendorID`, `CustomerID`, `Status`, `PaymentType`, `CreatedAt`, `DeliveryAddress`) VALUES (70, 10, 70, 'Registered', 'OnlinePayment', '1973-03-25 04:33:02', '0320 McLaughlin Lock\nManuelamouth, NE 88008');
INSERT INTO `Orders` (`ID`, `VendorID`, `CustomerID`, `Status`, `PaymentType`, `CreatedAt`, `DeliveryAddress`) VALUES (71, 11, 71, 'Registered', 'CreditPayment', '2000-10-30 23:28:57', '63924 Kunze Light\nPort Greg, ME 20440-3307');
INSERT INTO `Orders` (`ID`, `VendorID`, `CustomerID`, `Status`, `PaymentType`, `CreatedAt`, `DeliveryAddress`) VALUES (72, 12, 72, 'Delivered', 'OnlinePayment', '1982-04-18 01:29:19', '59675 Marks Cove\nWest Dagmarfurt, AR 19892-2692');
INSERT INTO `Orders` (`ID`, `VendorID`, `CustomerID`, `Status`, `PaymentType`, `CreatedAt`, `DeliveryAddress`) VALUES (73, 13, 73, 'Registered', 'CreditPayment', '1999-08-28 08:07:02', '360 Bogan Tunnel\nSchmittland, CA 64237');
INSERT INTO `Orders` (`ID`, `VendorID`, `CustomerID`, `Status`, `PaymentType`, `CreatedAt`, `DeliveryAddress`) VALUES (74, 14, 74, 'Delivered', 'CreditPayment', '1980-03-30 04:38:55', '8007 Davis Street Apt. 745\nJulienport, VA 13055');
INSERT INTO `Orders` (`ID`, `VendorID`, `CustomerID`, `Status`, `PaymentType`, `CreatedAt`, `DeliveryAddress`) VALUES (75, 15, 75, 'Registered', 'OnlinePayment', '1985-11-25 10:40:47', '7725 Schinner Estates Suite 912\nO\'Keefeville, ME 50179-5432');
INSERT INTO `Orders` (`ID`, `VendorID`, `CustomerID`, `Status`, `PaymentType`, `CreatedAt`, `DeliveryAddress`) VALUES (76, 1, 76, 'Delivered', 'OnlinePayment', '1978-06-17 22:08:29', '102 Verlie Plains Suite 377\nSierrastad, IN 56562');
INSERT INTO `Orders` (`ID`, `VendorID`, `CustomerID`, `Status`, `PaymentType`, `CreatedAt`, `DeliveryAddress`) VALUES (77, 2, 77, 'Sending', 'OnlinePayment', '2018-10-23 22:56:18', '378 Schimmel Villages\nKarianehaven, ME 71780');
INSERT INTO `Orders` (`ID`, `VendorID`, `CustomerID`, `Status`, `PaymentType`, `CreatedAt`, `DeliveryAddress`) VALUES (78, 3, 78, 'Sending', 'OnlinePayment', '2003-06-19 03:30:23', '8170 Caroline Highway\nLake Helgamouth, NJ 11358-9387');
INSERT INTO `Orders` (`ID`, `VendorID`, `CustomerID`, `Status`, `PaymentType`, `CreatedAt`, `DeliveryAddress`) VALUES (79, 4, 79, 'Sending', 'OnlinePayment', '1982-08-22 22:39:29', '10440 Wintheiser Bridge\nLake Chloeport, NY 14691');
INSERT INTO `Orders` (`ID`, `VendorID`, `CustomerID`, `Status`, `PaymentType`, `CreatedAt`, `DeliveryAddress`) VALUES (80, 5, 80, 'Sending', 'CreditPayment', '2011-02-15 14:21:15', '954 Rowe Course\nNorth Jaylan, NY 01160-1781');
INSERT INTO `Orders` (`ID`, `VendorID`, `CustomerID`, `Status`, `PaymentType`, `CreatedAt`, `DeliveryAddress`) VALUES (81, 6, 81, 'Delivered', 'CreditPayment', '2011-02-27 22:01:06', '5739 Bernier Mills Suite 329\nNew Mercedesstad, NE 53236');
INSERT INTO `Orders` (`ID`, `VendorID`, `CustomerID`, `Status`, `PaymentType`, `CreatedAt`, `DeliveryAddress`) VALUES (82, 7, 82, 'Sending', 'CreditPayment', '2016-03-30 07:14:53', '5156 Corwin Center\nTowneburgh, KY 13290-4768');
INSERT INTO `Orders` (`ID`, `VendorID`, `CustomerID`, `Status`, `PaymentType`, `CreatedAt`, `DeliveryAddress`) VALUES (83, 8, 83, 'Registered', 'CreditPayment', '2003-02-23 17:31:15', '2224 Hortense Brook Apt. 481\nRunolfssonview, CT 70186');
INSERT INTO `Orders` (`ID`, `VendorID`, `CustomerID`, `Status`, `PaymentType`, `CreatedAt`, `DeliveryAddress`) VALUES (84, 9, 84, 'Delivered', 'CreditPayment', '1990-09-26 15:50:40', '4144 Schmidt Manor Suite 092\nNorth Alexisland, OH 05301-1352');
INSERT INTO `Orders` (`ID`, `VendorID`, `CustomerID`, `Status`, `PaymentType`, `CreatedAt`, `DeliveryAddress`) VALUES (85, 10, 85, 'Registered', 'CreditPayment', '1976-08-21 07:41:51', '894 Schulist Common Apt. 451\nHansenborough, IA 53847');
INSERT INTO `Orders` (`ID`, `VendorID`, `CustomerID`, `Status`, `PaymentType`, `CreatedAt`, `DeliveryAddress`) VALUES (86, 11, 86, 'Registered', 'OnlinePayment', '2016-03-13 11:34:06', '8548 Heaney Centers\nHarberfort, AR 76553');
INSERT INTO `Orders` (`ID`, `VendorID`, `CustomerID`, `Status`, `PaymentType`, `CreatedAt`, `DeliveryAddress`) VALUES (87, 12, 87, 'Sending', 'OnlinePayment', '1981-06-20 17:30:21', '0304 Pearl Orchard\nWest Ellen, SC 05372');
INSERT INTO `Orders` (`ID`, `VendorID`, `CustomerID`, `Status`, `PaymentType`, `CreatedAt`, `DeliveryAddress`) VALUES (88, 13, 88, 'Registered', 'OnlinePayment', '1982-07-10 18:18:16', '18242 Witting Corners Suite 340\nImogeneport, NJ 47800-1610');
INSERT INTO `Orders` (`ID`, `VendorID`, `CustomerID`, `Status`, `PaymentType`, `CreatedAt`, `DeliveryAddress`) VALUES (89, 14, 89, 'Sending', 'CreditPayment', '1975-12-05 06:07:47', '0373 Kassulke Ways\nWest Rhoda, VA 33265');
INSERT INTO `Orders` (`ID`, `VendorID`, `CustomerID`, `Status`, `PaymentType`, `CreatedAt`, `DeliveryAddress`) VALUES (90, 15, 90, 'Sending', 'OnlinePayment', '1997-06-17 00:29:57', '165 Raynor Summit\nMireyachester, GA 27746');
INSERT INTO `Orders` (`ID`, `VendorID`, `CustomerID`, `Status`, `PaymentType`, `CreatedAt`, `DeliveryAddress`) VALUES (91, 1, 91, 'Sending', 'CreditPayment', '1986-12-26 19:37:13', '8686 Breitenberg Canyon Suite 154\nTerryhaven, NY 01675-2687');
INSERT INTO `Orders` (`ID`, `VendorID`, `CustomerID`, `Status`, `PaymentType`, `CreatedAt`, `DeliveryAddress`) VALUES (92, 2, 92, 'Registered', 'CreditPayment', '1972-12-11 07:28:37', '64153 Kuhn Drive\nWelchchester, DC 63777');
INSERT INTO `Orders` (`ID`, `VendorID`, `CustomerID`, `Status`, `PaymentType`, `CreatedAt`, `DeliveryAddress`) VALUES (93, 3, 93, 'Sending', 'OnlinePayment', '1985-07-06 20:24:15', '0227 Coby Forest Suite 875\nNorth Jonathonmouth, WV 65762-1060');
INSERT INTO `Orders` (`ID`, `VendorID`, `CustomerID`, `Status`, `PaymentType`, `CreatedAt`, `DeliveryAddress`) VALUES (94, 4, 94, 'Registered', 'OnlinePayment', '1980-02-27 02:30:18', '8120 Valentin Roads Suite 961\nStokesstad, KS 79344-2040');
INSERT INTO `Orders` (`ID`, `VendorID`, `CustomerID`, `Status`, `PaymentType`, `CreatedAt`, `DeliveryAddress`) VALUES (95, 5, 95, 'Sending', 'OnlinePayment', '1972-08-14 23:10:53', '20659 Armstrong Cliff\nPort Margaretta, MS 56998');
INSERT INTO `Orders` (`ID`, `VendorID`, `CustomerID`, `Status`, `PaymentType`, `CreatedAt`, `DeliveryAddress`) VALUES (96, 6, 96, 'Sending', 'OnlinePayment', '1982-08-01 20:31:20', '81643 Derrick Plain Suite 106\nPort Yessenia, MA 74276');
INSERT INTO `Orders` (`ID`, `VendorID`, `CustomerID`, `Status`, `PaymentType`, `CreatedAt`, `DeliveryAddress`) VALUES (97, 7, 97, 'Delivered', 'CreditPayment', '2007-09-29 04:39:48', '01193 Jordan Station\nFaefort, AK 05785-7002');
INSERT INTO `Orders` (`ID`, `VendorID`, `CustomerID`, `Status`, `PaymentType`, `CreatedAt`, `DeliveryAddress`) VALUES (98, 8, 98, 'Delivered', 'OnlinePayment', '2017-05-04 00:51:35', '33735 Curtis Dale\nKiramouth, NM 65902');
INSERT INTO `Orders` (`ID`, `VendorID`, `CustomerID`, `Status`, `PaymentType`, `CreatedAt`, `DeliveryAddress`) VALUES (99, 9, 99, 'Delivered', 'OnlinePayment', '2003-02-04 22:58:12', '33356 Strosin Pines\nNew Wardport, SC 75122-9360');
INSERT INTO `Orders` (`ID`, `VendorID`, `CustomerID`, `Status`, `PaymentType`, `CreatedAt`, `DeliveryAddress`) VALUES (100, 10, 100, 'Sending', 'OnlinePayment', '1989-02-05 16:56:46', '546 Bauch Lodge Suite 555\nBartolettiburgh, VT 57573-2581');
INSERT INTO `Orders` (`ID`, `VendorID`, `CustomerID`, `Status`, `PaymentType`, `CreatedAt`, `DeliveryAddress`) VALUES (101, 11, 101, 'Registered', 'CreditPayment', '2001-03-19 20:15:48', '3277 Corrine Burg Suite 736\nWest Peggie, CT 26258-8509');
INSERT INTO `Orders` (`ID`, `VendorID`, `CustomerID`, `Status`, `PaymentType`, `CreatedAt`, `DeliveryAddress`) VALUES (102, 12, 102, 'Delivered', 'OnlinePayment', '2008-03-09 21:55:02', '328 Miller Ways Apt. 374\nSouth Enrique, NM 67293-6033');
INSERT INTO `Orders` (`ID`, `VendorID`, `CustomerID`, `Status`, `PaymentType`, `CreatedAt`, `DeliveryAddress`) VALUES (103, 13, 103, 'Sending', 'CreditPayment', '1991-10-03 13:54:43', '72528 Irwin Street\nLake Eldon, WY 18473-4035');
INSERT INTO `Orders` (`ID`, `VendorID`, `CustomerID`, `Status`, `PaymentType`, `CreatedAt`, `DeliveryAddress`) VALUES (104, 14, 104, 'Registered', 'OnlinePayment', '1972-08-22 20:26:54', '97840 Vivianne Flat Apt. 284\nNew Kennedy, NM 51475-2633');
INSERT INTO `Orders` (`ID`, `VendorID`, `CustomerID`, `Status`, `PaymentType`, `CreatedAt`, `DeliveryAddress`) VALUES (105, 15, 105, 'Sending', 'CreditPayment', '1973-05-08 03:02:31', '41463 Kurt Rapid\nLindborough, VA 73201');
INSERT INTO `Orders` (`ID`, `VendorID`, `CustomerID`, `Status`, `PaymentType`, `CreatedAt`, `DeliveryAddress`) VALUES (106, 1, 106, 'Registered', 'CreditPayment', '1979-04-29 14:43:56', '0164 Terry Brook Apt. 015\nWest Madalynton, IL 07590');
INSERT INTO `Orders` (`ID`, `VendorID`, `CustomerID`, `Status`, `PaymentType`, `CreatedAt`, `DeliveryAddress`) VALUES (107, 2, 107, 'Sending', 'CreditPayment', '2011-04-03 10:41:02', '2566 Leopoldo Lake Apt. 109\nTodfurt, TX 99895');
INSERT INTO `Orders` (`ID`, `VendorID`, `CustomerID`, `Status`, `PaymentType`, `CreatedAt`, `DeliveryAddress`) VALUES (108, 3, 108, 'Sending', 'OnlinePayment', '1991-08-20 17:21:38', '111 Hauck Ranch Suite 443\nEast Haven, AZ 44752');
INSERT INTO `Orders` (`ID`, `VendorID`, `CustomerID`, `Status`, `PaymentType`, `CreatedAt`, `DeliveryAddress`) VALUES (109, 4, 109, 'Registered', 'OnlinePayment', '1981-06-04 04:15:24', '15040 Adams Gateway\nLangworthfort, MT 21527');
INSERT INTO `Orders` (`ID`, `VendorID`, `CustomerID`, `Status`, `PaymentType`, `CreatedAt`, `DeliveryAddress`) VALUES (110, 5, 110, 'Delivered', 'OnlinePayment', '2012-08-05 23:25:34', '530 Dickinson Manors\nNorth Rosalia, AR 01055');
INSERT INTO `Orders` (`ID`, `VendorID`, `CustomerID`, `Status`, `PaymentType`, `CreatedAt`, `DeliveryAddress`) VALUES (111, 6, 111, 'Delivered', 'CreditPayment', '1990-10-19 15:25:26', '995 Gleason Turnpike\nRatkebury, HI 51407');
INSERT INTO `Orders` (`ID`, `VendorID`, `CustomerID`, `Status`, `PaymentType`, `CreatedAt`, `DeliveryAddress`) VALUES (112, 7, 112, 'Delivered', 'OnlinePayment', '1973-10-21 19:28:57', '426 Wolff Unions\nUptonfurt, UT 51161-0658');
INSERT INTO `Orders` (`ID`, `VendorID`, `CustomerID`, `Status`, `PaymentType`, `CreatedAt`, `DeliveryAddress`) VALUES (113, 8, 113, 'Delivered', 'OnlinePayment', '1979-02-10 22:52:35', '247 Dare Fords\nFerrytown, NE 25509');
INSERT INTO `Orders` (`ID`, `VendorID`, `CustomerID`, `Status`, `PaymentType`, `CreatedAt`, `DeliveryAddress`) VALUES (114, 9, 114, 'Registered', 'OnlinePayment', '2010-01-03 14:07:08', '072 Herman Mountains\nPatrickfurt, LA 21373');
INSERT INTO `Orders` (`ID`, `VendorID`, `CustomerID`, `Status`, `PaymentType`, `CreatedAt`, `DeliveryAddress`) VALUES (115, 10, 115, 'Delivered', 'OnlinePayment', '2007-02-26 15:02:43', '10804 Ivory Rapid\nMadilynshire, LA 69870-5114');
INSERT INTO `Orders` (`ID`, `VendorID`, `CustomerID`, `Status`, `PaymentType`, `CreatedAt`, `DeliveryAddress`) VALUES (116, 11, 116, 'Sending', 'OnlinePayment', '1987-01-26 20:42:59', '2717 Waino Trafficway Apt. 982\nMargaritastad, SD 55992');
INSERT INTO `Orders` (`ID`, `VendorID`, `CustomerID`, `Status`, `PaymentType`, `CreatedAt`, `DeliveryAddress`) VALUES (117, 12, 117, 'Sending', 'CreditPayment', '1989-12-15 05:06:41', '7350 Cary Court Apt. 222\nJerdeside, FL 04549-1490');
INSERT INTO `Orders` (`ID`, `VendorID`, `CustomerID`, `Status`, `PaymentType`, `CreatedAt`, `DeliveryAddress`) VALUES (118, 13, 118, 'Registered', 'OnlinePayment', '1986-05-13 11:31:48', '320 Ivy Road\nLeannonside, NC 54514-1511');
INSERT INTO `Orders` (`ID`, `VendorID`, `CustomerID`, `Status`, `PaymentType`, `CreatedAt`, `DeliveryAddress`) VALUES (119, 14, 119, 'Sending', 'CreditPayment', '1995-11-06 14:13:01', '209 Cronin Burgs Suite 721\nLethatown, OR 40288-1043');
INSERT INTO `Orders` (`ID`, `VendorID`, `CustomerID`, `Status`, `PaymentType`, `CreatedAt`, `DeliveryAddress`) VALUES (120, 15, 120, 'Sending', 'OnlinePayment', '2009-09-06 02:15:43', '8471 Annamae Cape Apt. 656\nWest Garret, IA 66010');
INSERT INTO `Orders` (`ID`, `VendorID`, `CustomerID`, `Status`, `PaymentType`, `CreatedAt`, `DeliveryAddress`) VALUES (121, 1, 121, 'Sending', 'OnlinePayment', '1985-12-24 17:30:49', '4568 Josianne Corner\nHeathcoteborough, WV 16672-7326');
INSERT INTO `Orders` (`ID`, `VendorID`, `CustomerID`, `Status`, `PaymentType`, `CreatedAt`, `DeliveryAddress`) VALUES (122, 2, 122, 'Sending', 'OnlinePayment', '2004-07-16 11:32:38', '674 Dakota Loaf Suite 145\nNorth Sageland, AR 40325');
INSERT INTO `Orders` (`ID`, `VendorID`, `CustomerID`, `Status`, `PaymentType`, `CreatedAt`, `DeliveryAddress`) VALUES (123, 3, 123, 'Delivered', 'CreditPayment', '1977-06-10 20:46:42', '2559 Nikki Throughway Suite 054\nWestleybury, AZ 92993');
INSERT INTO `Orders` (`ID`, `VendorID`, `CustomerID`, `Status`, `PaymentType`, `CreatedAt`, `DeliveryAddress`) VALUES (124, 4, 124, 'Sending', 'CreditPayment', '1986-09-25 02:26:19', '447 Tamia Islands\nPort Maci, NH 86436');
INSERT INTO `Orders` (`ID`, `VendorID`, `CustomerID`, `Status`, `PaymentType`, `CreatedAt`, `DeliveryAddress`) VALUES (125, 5, 125, 'Sending', 'OnlinePayment', '2010-11-29 19:34:10', '2562 Muhammad Village Suite 804\nSouth Mellie, NE 09896-7954');
INSERT INTO `Orders` (`ID`, `VendorID`, `CustomerID`, `Status`, `PaymentType`, `CreatedAt`, `DeliveryAddress`) VALUES (126, 6, 126, 'Registered', 'CreditPayment', '1983-07-25 08:37:51', '9048 Virgie Meadows\nNew Patriciaburgh, MA 68984-0158');
INSERT INTO `Orders` (`ID`, `VendorID`, `CustomerID`, `Status`, `PaymentType`, `CreatedAt`, `DeliveryAddress`) VALUES (127, 7, 127, 'Delivered', 'OnlinePayment', '1981-12-21 01:30:59', '0414 Macejkovic Plains Suite 611\nLowehaven, ID 39753');
INSERT INTO `Orders` (`ID`, `VendorID`, `CustomerID`, `Status`, `PaymentType`, `CreatedAt`, `DeliveryAddress`) VALUES (128, 8, 128, 'Delivered', 'OnlinePayment', '1990-08-09 15:18:31', '8730 Lori Radial\nEast Berniceberg, SC 81935');
INSERT INTO `Orders` (`ID`, `VendorID`, `CustomerID`, `Status`, `PaymentType`, `CreatedAt`, `DeliveryAddress`) VALUES (129, 9, 129, 'Registered', 'CreditPayment', '1992-03-26 14:00:20', '4188 Sporer Squares Suite 556\nGulgowskichester, KS 86796-7946');
INSERT INTO `Orders` (`ID`, `VendorID`, `CustomerID`, `Status`, `PaymentType`, `CreatedAt`, `DeliveryAddress`) VALUES (130, 10, 130, 'Sending', 'OnlinePayment', '2017-02-06 16:11:30', '554 Hills Rest Apt. 847\nSouth Fostermouth, HI 08329-0748');
INSERT INTO `Orders` (`ID`, `VendorID`, `CustomerID`, `Status`, `PaymentType`, `CreatedAt`, `DeliveryAddress`) VALUES (131, 11, 131, 'Registered', 'OnlinePayment', '1999-01-02 14:36:36', '2263 Elwin Gateway Apt. 728\nStrosinside, IN 97141');
INSERT INTO `Orders` (`ID`, `VendorID`, `CustomerID`, `Status`, `PaymentType`, `CreatedAt`, `DeliveryAddress`) VALUES (132, 12, 132, 'Delivered', 'OnlinePayment', '1979-10-23 15:19:48', '754 Abbott Cove Suite 160\nEast Everardo, NV 47459');
INSERT INTO `Orders` (`ID`, `VendorID`, `CustomerID`, `Status`, `PaymentType`, `CreatedAt`, `DeliveryAddress`) VALUES (133, 13, 133, 'Delivered', 'OnlinePayment', '2012-11-26 10:55:57', '74102 Herzog Ways Suite 984\nNorth Madisonchester, IN 77227');
INSERT INTO `Orders` (`ID`, `VendorID`, `CustomerID`, `Status`, `PaymentType`, `CreatedAt`, `DeliveryAddress`) VALUES (134, 14, 134, 'Sending', 'OnlinePayment', '2014-03-23 20:39:42', '22766 Emery Lake Suite 965\nSouth Mitchell, FL 27453');
INSERT INTO `Orders` (`ID`, `VendorID`, `CustomerID`, `Status`, `PaymentType`, `CreatedAt`, `DeliveryAddress`) VALUES (135, 15, 135, 'Registered', 'OnlinePayment', '1978-01-01 05:17:09', '23494 Stefan Course Apt. 947\nDemariomouth, WV 91741');
INSERT INTO `Orders` (`ID`, `VendorID`, `CustomerID`, `Status`, `PaymentType`, `CreatedAt`, `DeliveryAddress`) VALUES (136, 1, 136, 'Delivered', 'OnlinePayment', '1972-08-08 23:25:15', '096 Cleveland Falls\nHickleton, AZ 52398-5933');
INSERT INTO `Orders` (`ID`, `VendorID`, `CustomerID`, `Status`, `PaymentType`, `CreatedAt`, `DeliveryAddress`) VALUES (137, 2, 137, 'Registered', 'OnlinePayment', '2010-07-26 10:09:54', '597 Connelly Spur\nEast Lorine, MN 36758');
INSERT INTO `Orders` (`ID`, `VendorID`, `CustomerID`, `Status`, `PaymentType`, `CreatedAt`, `DeliveryAddress`) VALUES (138, 3, 138, 'Delivered', 'OnlinePayment', '2009-06-28 06:09:18', '0511 Prosacco Island Suite 776\nAshlynnberg, MD 98587-7500');
INSERT INTO `Orders` (`ID`, `VendorID`, `CustomerID`, `Status`, `PaymentType`, `CreatedAt`, `DeliveryAddress`) VALUES (139, 4, 139, 'Sending', 'OnlinePayment', '2011-07-04 15:38:08', '76785 Amalia Unions\nNorth Daijafort, MS 13145-9786');
INSERT INTO `Orders` (`ID`, `VendorID`, `CustomerID`, `Status`, `PaymentType`, `CreatedAt`, `DeliveryAddress`) VALUES (140, 5, 140, 'Sending', 'OnlinePayment', '1993-04-20 23:13:40', '23126 Lebsack Valleys Suite 338\nBalistrerifort, ME 69534-4414');
INSERT INTO `Orders` (`ID`, `VendorID`, `CustomerID`, `Status`, `PaymentType`, `CreatedAt`, `DeliveryAddress`) VALUES (141, 6, 141, 'Registered', 'CreditPayment', '1987-12-15 12:23:14', '4860 Skye Corners Suite 028\nLake Antoniochester, MI 54498-5852');
INSERT INTO `Orders` (`ID`, `VendorID`, `CustomerID`, `Status`, `PaymentType`, `CreatedAt`, `DeliveryAddress`) VALUES (142, 7, 142, 'Registered', 'CreditPayment', '2012-01-18 19:04:28', '219 Heller Village\nSouth Aliyah, MN 21965');
INSERT INTO `Orders` (`ID`, `VendorID`, `CustomerID`, `Status`, `PaymentType`, `CreatedAt`, `DeliveryAddress`) VALUES (143, 8, 143, 'Delivered', 'CreditPayment', '1985-02-11 00:50:10', '700 McDermott Fork Suite 967\nSouth Stellamouth, WV 41522');
INSERT INTO `Orders` (`ID`, `VendorID`, `CustomerID`, `Status`, `PaymentType`, `CreatedAt`, `DeliveryAddress`) VALUES (144, 9, 144, 'Sending', 'OnlinePayment', '2005-11-19 21:44:56', '902 Cruickshank Station Suite 877\nMcLaughlinmouth, CO 43863');
INSERT INTO `Orders` (`ID`, `VendorID`, `CustomerID`, `Status`, `PaymentType`, `CreatedAt`, `DeliveryAddress`) VALUES (145, 10, 145, 'Registered', 'CreditPayment', '1999-05-28 20:23:38', '10930 Hansen Street Suite 751\nJillianview, PA 50818');
INSERT INTO `Orders` (`ID`, `VendorID`, `CustomerID`, `Status`, `PaymentType`, `CreatedAt`, `DeliveryAddress`) VALUES (146, 11, 146, 'Sending', 'CreditPayment', '2008-09-11 11:53:48', '477 Trycia Falls\nNoahmouth, NC 82365');
INSERT INTO `Orders` (`ID`, `VendorID`, `CustomerID`, `Status`, `PaymentType`, `CreatedAt`, `DeliveryAddress`) VALUES (147, 12, 147, 'Registered', 'CreditPayment', '2011-02-22 21:45:36', '68615 Koch Crossroad\nDashawnton, VT 42860-4328');
INSERT INTO `Orders` (`ID`, `VendorID`, `CustomerID`, `Status`, `PaymentType`, `CreatedAt`, `DeliveryAddress`) VALUES (148, 13, 148, 'Delivered', 'OnlinePayment', '2014-11-30 10:26:53', '32290 Hamill Ways\nEast Alvahtown, NM 28465-1431');
INSERT INTO `Orders` (`ID`, `VendorID`, `CustomerID`, `Status`, `PaymentType`, `CreatedAt`, `DeliveryAddress`) VALUES (149, 14, 149, 'Delivered', 'OnlinePayment', '1980-01-10 03:10:26', '968 Parker Courts Suite 089\nSouth Velva, WI 56142');
INSERT INTO `Orders` (`ID`, `VendorID`, `CustomerID`, `Status`, `PaymentType`, `CreatedAt`, `DeliveryAddress`) VALUES (150, 15, 150, 'Delivered', 'CreditPayment', '2005-03-22 10:38:00', '844 Harvey Divide\nChestertown, VA 90541');
INSERT INTO `Orders` (`ID`, `VendorID`, `CustomerID`, `Status`, `PaymentType`, `CreatedAt`, `DeliveryAddress`) VALUES (151, 1, 151, 'Sending', 'CreditPayment', '1973-03-10 06:14:36', '200 Schumm Burgs\nNew Alda, VA 13259-4586');
INSERT INTO `Orders` (`ID`, `VendorID`, `CustomerID`, `Status`, `PaymentType`, `CreatedAt`, `DeliveryAddress`) VALUES (152, 2, 152, 'Delivered', 'CreditPayment', '2011-07-19 07:02:19', '9659 Cormier Avenue Suite 824\nAlessandrafurt, MA 44532-3284');
INSERT INTO `Orders` (`ID`, `VendorID`, `CustomerID`, `Status`, `PaymentType`, `CreatedAt`, `DeliveryAddress`) VALUES (153, 3, 153, 'Registered', 'CreditPayment', '1991-04-21 04:54:51', '47952 Flatley Cliffs Apt. 948\nNorth Judy, IN 16990');
INSERT INTO `Orders` (`ID`, `VendorID`, `CustomerID`, `Status`, `PaymentType`, `CreatedAt`, `DeliveryAddress`) VALUES (154, 4, 154, 'Sending', 'OnlinePayment', '2013-01-20 10:39:40', '11442 Virginia Orchard Apt. 640\nSouth Tatyana, AK 83764');
INSERT INTO `Orders` (`ID`, `VendorID`, `CustomerID`, `Status`, `PaymentType`, `CreatedAt`, `DeliveryAddress`) VALUES (155, 5, 155, 'Registered', 'OnlinePayment', '1979-08-12 19:36:58', '5810 O\'Conner Greens\nWeimannview, NC 86362-1145');
INSERT INTO `Orders` (`ID`, `VendorID`, `CustomerID`, `Status`, `PaymentType`, `CreatedAt`, `DeliveryAddress`) VALUES (156, 6, 156, 'Delivered', 'OnlinePayment', '2015-12-07 12:44:58', '57028 Gunner Pines\nWest Kristina, WI 15101');
INSERT INTO `Orders` (`ID`, `VendorID`, `CustomerID`, `Status`, `PaymentType`, `CreatedAt`, `DeliveryAddress`) VALUES (157, 7, 157, 'Sending', 'CreditPayment', '1983-10-16 20:50:46', '427 Lockman Curve Apt. 864\nWest Idellafort, NM 38904-5844');
INSERT INTO `Orders` (`ID`, `VendorID`, `CustomerID`, `Status`, `PaymentType`, `CreatedAt`, `DeliveryAddress`) VALUES (158, 8, 158, 'Delivered', 'OnlinePayment', '2009-10-16 19:22:06', '19568 Rogers Lakes\nChelseytown, NH 18701-9335');
INSERT INTO `Orders` (`ID`, `VendorID`, `CustomerID`, `Status`, `PaymentType`, `CreatedAt`, `DeliveryAddress`) VALUES (159, 9, 159, 'Delivered', 'CreditPayment', '1987-03-09 06:23:52', '22342 Aurelia Camp Apt. 906\nAbshireshire, NC 16432-3325');
INSERT INTO `Orders` (`ID`, `VendorID`, `CustomerID`, `Status`, `PaymentType`, `CreatedAt`, `DeliveryAddress`) VALUES (160, 10, 160, 'Sending', 'OnlinePayment', '1999-06-13 08:28:13', '3436 Ferry Lights\nRitchieburgh, NY 48765-5744');
INSERT INTO `Orders` (`ID`, `VendorID`, `CustomerID`, `Status`, `PaymentType`, `CreatedAt`, `DeliveryAddress`) VALUES (161, 11, 161, 'Sending', 'CreditPayment', '1992-01-26 05:58:47', '45654 Gutmann Path Apt. 016\nPort Dejon, CA 78160-3015');
INSERT INTO `Orders` (`ID`, `VendorID`, `CustomerID`, `Status`, `PaymentType`, `CreatedAt`, `DeliveryAddress`) VALUES (162, 12, 162, 'Registered', 'CreditPayment', '2015-06-02 06:55:53', '283 Hubert Plaza\nKochberg, AK 15392');
INSERT INTO `Orders` (`ID`, `VendorID`, `CustomerID`, `Status`, `PaymentType`, `CreatedAt`, `DeliveryAddress`) VALUES (163, 13, 163, 'Sending', 'CreditPayment', '2007-08-17 12:10:00', '144 Auer Creek Apt. 457\nTillmanfurt, WV 92732');
INSERT INTO `Orders` (`ID`, `VendorID`, `CustomerID`, `Status`, `PaymentType`, `CreatedAt`, `DeliveryAddress`) VALUES (164, 14, 164, 'Sending', 'OnlinePayment', '1970-11-25 00:02:13', '1129 Dedric Landing\nFabiolafort, WV 23289');
INSERT INTO `Orders` (`ID`, `VendorID`, `CustomerID`, `Status`, `PaymentType`, `CreatedAt`, `DeliveryAddress`) VALUES (165, 15, 165, 'Registered', 'CreditPayment', '1981-03-28 18:05:32', '4631 Schroeder Roads Suite 096\nNorth Norene, FL 31352-8984');
INSERT INTO `Orders` (`ID`, `VendorID`, `CustomerID`, `Status`, `PaymentType`, `CreatedAt`, `DeliveryAddress`) VALUES (166, 1, 166, 'Registered', 'CreditPayment', '2011-04-15 04:32:12', '720 Adell Place Suite 177\nElissaberg, MI 19997-4164');
INSERT INTO `Orders` (`ID`, `VendorID`, `CustomerID`, `Status`, `PaymentType`, `CreatedAt`, `DeliveryAddress`) VALUES (167, 2, 167, 'Registered', 'CreditPayment', '2005-12-25 08:50:32', '3495 Ayla Squares Suite 537\nWest Jaime, SD 16774');
INSERT INTO `Orders` (`ID`, `VendorID`, `CustomerID`, `Status`, `PaymentType`, `CreatedAt`, `DeliveryAddress`) VALUES (168, 3, 168, 'Sending', 'CreditPayment', '1974-10-13 13:43:25', '5918 Parker Springs Apt. 798\nNew Brennonchester, AR 15695');
INSERT INTO `Orders` (`ID`, `VendorID`, `CustomerID`, `Status`, `PaymentType`, `CreatedAt`, `DeliveryAddress`) VALUES (169, 4, 169, 'Registered', 'CreditPayment', '2015-02-26 19:26:28', '9628 Purdy Terrace\nDedricmouth, AK 47219-3756');
INSERT INTO `Orders` (`ID`, `VendorID`, `CustomerID`, `Status`, `PaymentType`, `CreatedAt`, `DeliveryAddress`) VALUES (170, 5, 170, 'Sending', 'CreditPayment', '1990-12-18 03:23:48', '350 Tromp Radial Apt. 638\nYvettemouth, TN 97141');
INSERT INTO `Orders` (`ID`, `VendorID`, `CustomerID`, `Status`, `PaymentType`, `CreatedAt`, `DeliveryAddress`) VALUES (171, 6, 171, 'Sending', 'CreditPayment', '2017-06-07 01:51:52', '48074 Lindsay Trail Apt. 031\nPfefferside, MO 97027');
INSERT INTO `Orders` (`ID`, `VendorID`, `CustomerID`, `Status`, `PaymentType`, `CreatedAt`, `DeliveryAddress`) VALUES (172, 7, 172, 'Registered', 'CreditPayment', '1975-05-17 01:51:05', '46847 Bergnaum Run\nNorth Jaylan, MT 91240-2432');
INSERT INTO `Orders` (`ID`, `VendorID`, `CustomerID`, `Status`, `PaymentType`, `CreatedAt`, `DeliveryAddress`) VALUES (173, 8, 173, 'Sending', 'OnlinePayment', '2000-12-30 08:51:26', '641 Sporer Lodge\nSchusterstad, DE 77802');
INSERT INTO `Orders` (`ID`, `VendorID`, `CustomerID`, `Status`, `PaymentType`, `CreatedAt`, `DeliveryAddress`) VALUES (174, 9, 174, 'Sending', 'OnlinePayment', '2016-01-14 03:58:20', '626 Edmond Estate\nMaximusview, MI 20320');
INSERT INTO `Orders` (`ID`, `VendorID`, `CustomerID`, `Status`, `PaymentType`, `CreatedAt`, `DeliveryAddress`) VALUES (175, 10, 175, 'Sending', 'OnlinePayment', '2005-06-12 17:51:59', '2320 Feest Forges Suite 152\nPort Zander, AL 50907');
INSERT INTO `Orders` (`ID`, `VendorID`, `CustomerID`, `Status`, `PaymentType`, `CreatedAt`, `DeliveryAddress`) VALUES (176, 11, 176, 'Registered', 'CreditPayment', '1992-02-20 11:47:06', '1338 Tanner Vista Suite 765\nWest Bethelfurt, IN 62404-5954');
INSERT INTO `Orders` (`ID`, `VendorID`, `CustomerID`, `Status`, `PaymentType`, `CreatedAt`, `DeliveryAddress`) VALUES (177, 12, 177, 'Registered', 'CreditPayment', '1995-07-25 06:17:53', '6536 Zachery Path Suite 204\nLauryfurt, OK 43356');
INSERT INTO `Orders` (`ID`, `VendorID`, `CustomerID`, `Status`, `PaymentType`, `CreatedAt`, `DeliveryAddress`) VALUES (178, 13, 178, 'Registered', 'OnlinePayment', '1973-10-04 12:10:04', '45252 Bernhard Island\nBeermouth, WA 02774-8201');
INSERT INTO `Orders` (`ID`, `VendorID`, `CustomerID`, `Status`, `PaymentType`, `CreatedAt`, `DeliveryAddress`) VALUES (179, 14, 179, 'Registered', 'CreditPayment', '1988-11-12 18:54:02', '70010 Loy Heights\nPort Destin, SC 27186');
INSERT INTO `Orders` (`ID`, `VendorID`, `CustomerID`, `Status`, `PaymentType`, `CreatedAt`, `DeliveryAddress`) VALUES (180, 15, 180, 'Delivered', 'CreditPayment', '1988-04-25 17:16:43', '40442 Collier Ridges Apt. 836\nWilfredoview, KS 17030-5906');
INSERT INTO `Orders` (`ID`, `VendorID`, `CustomerID`, `Status`, `PaymentType`, `CreatedAt`, `DeliveryAddress`) VALUES (181, 1, 181, 'Delivered', 'CreditPayment', '1983-10-29 09:18:42', '5024 Bryce Gardens Suite 431\nNew Melyna, HI 80858');
INSERT INTO `Orders` (`ID`, `VendorID`, `CustomerID`, `Status`, `PaymentType`, `CreatedAt`, `DeliveryAddress`) VALUES (182, 2, 182, 'Delivered', 'CreditPayment', '1986-07-06 23:56:07', '53483 Ezekiel Court Suite 312\nBorermouth, CO 59979-0910');
INSERT INTO `Orders` (`ID`, `VendorID`, `CustomerID`, `Status`, `PaymentType`, `CreatedAt`, `DeliveryAddress`) VALUES (183, 3, 183, 'Registered', 'OnlinePayment', '1980-11-26 07:26:03', '76524 Carlos Place\nLake Kian, MT 72588-5364');
INSERT INTO `Orders` (`ID`, `VendorID`, `CustomerID`, `Status`, `PaymentType`, `CreatedAt`, `DeliveryAddress`) VALUES (184, 4, 184, 'Delivered', 'CreditPayment', '1975-10-27 16:20:28', '7191 Bayer Expressway Suite 398\nGleichnerchester, MN 98703-0174');
INSERT INTO `Orders` (`ID`, `VendorID`, `CustomerID`, `Status`, `PaymentType`, `CreatedAt`, `DeliveryAddress`) VALUES (185, 5, 185, 'Registered', 'CreditPayment', '1971-04-14 06:22:21', '2301 Ankunding Light\nMrazmouth, LA 93096');
INSERT INTO `Orders` (`ID`, `VendorID`, `CustomerID`, `Status`, `PaymentType`, `CreatedAt`, `DeliveryAddress`) VALUES (186, 6, 186, 'Delivered', 'CreditPayment', '1982-01-05 07:39:56', '13299 Beer Heights\nTalonstad, KS 32598-9890');
INSERT INTO `Orders` (`ID`, `VendorID`, `CustomerID`, `Status`, `PaymentType`, `CreatedAt`, `DeliveryAddress`) VALUES (187, 7, 187, 'Delivered', 'OnlinePayment', '1981-03-26 13:16:59', '2577 Kunde Walk\nNorth Delphine, IA 35731');
INSERT INTO `Orders` (`ID`, `VendorID`, `CustomerID`, `Status`, `PaymentType`, `CreatedAt`, `DeliveryAddress`) VALUES (188, 8, 188, 'Delivered', 'CreditPayment', '2011-07-26 20:53:56', '80151 Miller Rest\nRutheburgh, OH 53766');
INSERT INTO `Orders` (`ID`, `VendorID`, `CustomerID`, `Status`, `PaymentType`, `CreatedAt`, `DeliveryAddress`) VALUES (189, 9, 189, 'Delivered', 'CreditPayment', '1998-12-04 20:23:45', '11287 Ofelia Place\nBoyleside, MS 02611');
INSERT INTO `Orders` (`ID`, `VendorID`, `CustomerID`, `Status`, `PaymentType`, `CreatedAt`, `DeliveryAddress`) VALUES (190, 10, 190, 'Registered', 'OnlinePayment', '2009-09-03 05:46:55', '63654 Howe Forges\nJamiestad, NJ 60264');
INSERT INTO `Orders` (`ID`, `VendorID`, `CustomerID`, `Status`, `PaymentType`, `CreatedAt`, `DeliveryAddress`) VALUES (191, 11, 191, 'Sending', 'OnlinePayment', '1970-02-10 22:58:44', '8186 Lakin Skyway\nRaynorbury, NC 70257');
INSERT INTO `Orders` (`ID`, `VendorID`, `CustomerID`, `Status`, `PaymentType`, `CreatedAt`, `DeliveryAddress`) VALUES (192, 12, 192, 'Delivered', 'CreditPayment', '1978-09-16 22:50:13', '436 Champlin Plains\nSouth Baby, FL 88426');
INSERT INTO `Orders` (`ID`, `VendorID`, `CustomerID`, `Status`, `PaymentType`, `CreatedAt`, `DeliveryAddress`) VALUES (193, 13, 193, 'Registered', 'OnlinePayment', '2009-08-01 14:49:20', '73092 Conn Pines Apt. 480\nMakenziemouth, GA 32136-8703');
INSERT INTO `Orders` (`ID`, `VendorID`, `CustomerID`, `Status`, `PaymentType`, `CreatedAt`, `DeliveryAddress`) VALUES (194, 14, 194, 'Delivered', 'OnlinePayment', '2007-06-23 21:31:37', '9548 Milford Islands Suite 134\nDenesikburgh, MD 91635-4787');
INSERT INTO `Orders` (`ID`, `VendorID`, `CustomerID`, `Status`, `PaymentType`, `CreatedAt`, `DeliveryAddress`) VALUES (195, 15, 195, 'Registered', 'OnlinePayment', '2001-06-05 05:45:35', '804 Skiles Vista Apt. 525\nSouth Sadyemouth, GA 23447');
INSERT INTO `Orders` (`ID`, `VendorID`, `CustomerID`, `Status`, `PaymentType`, `CreatedAt`, `DeliveryAddress`) VALUES (196, 1, 196, 'Sending', 'CreditPayment', '1978-08-24 07:59:06', '9766 Ansley Spurs Suite 403\nKingborough, MD 51639-2634');
INSERT INTO `Orders` (`ID`, `VendorID`, `CustomerID`, `Status`, `PaymentType`, `CreatedAt`, `DeliveryAddress`) VALUES (197, 2, 197, 'Sending', 'CreditPayment', '2013-05-14 01:10:45', '69949 Jakubowski Tunnel\nNew Tracey, MA 67201-8235');
INSERT INTO `Orders` (`ID`, `VendorID`, `CustomerID`, `Status`, `PaymentType`, `CreatedAt`, `DeliveryAddress`) VALUES (198, 3, 198, 'Registered', 'OnlinePayment', '1999-03-27 18:13:16', '4390 Jane Dale Apt. 987\nSouth Lonnieshire, KY 80524');
INSERT INTO `Orders` (`ID`, `VendorID`, `CustomerID`, `Status`, `PaymentType`, `CreatedAt`, `DeliveryAddress`) VALUES (199, 4, 199, 'Registered', 'OnlinePayment', '1993-12-22 17:22:02', '5491 Cora Crescent Suite 203\nZemlakport, LA 18163-9242');
INSERT INTO `Orders` (`ID`, `VendorID`, `CustomerID`, `Status`, `PaymentType`, `CreatedAt`, `DeliveryAddress`) VALUES (200, 5, 200, 'Registered', 'OnlinePayment', '2009-10-29 18:33:42', '60633 Madge Turnpike\nDeonport, FL 38883-3897');
INSERT INTO `Orders` (`ID`, `VendorID`, `CustomerID`, `Status`, `PaymentType`, `CreatedAt`, `DeliveryAddress`) VALUES (201, 6, 1, 'Delivered', 'OnlinePayment', '1974-06-24 14:06:21', '587 Botsford Underpass\nSouth Mathewfurt, AK 60341-5264');
INSERT INTO `Orders` (`ID`, `VendorID`, `CustomerID`, `Status`, `PaymentType`, `CreatedAt`, `DeliveryAddress`) VALUES (202, 7, 2, 'Sending', 'OnlinePayment', '2001-10-13 23:47:11', '4398 Koepp Prairie Suite 327\nTerryhaven, MS 11117');
INSERT INTO `Orders` (`ID`, `VendorID`, `CustomerID`, `Status`, `PaymentType`, `CreatedAt`, `DeliveryAddress`) VALUES (203, 8, 3, 'Delivered', 'OnlinePayment', '2012-03-02 12:03:00', '90481 Denesik Skyway\nJovanborough, WY 55293');
INSERT INTO `Orders` (`ID`, `VendorID`, `CustomerID`, `Status`, `PaymentType`, `CreatedAt`, `DeliveryAddress`) VALUES (204, 9, 4, 'Sending', 'CreditPayment', '2010-11-14 06:18:43', '43766 Kellen Trail Apt. 192\nHartmannfort, SD 38995');
INSERT INTO `Orders` (`ID`, `VendorID`, `CustomerID`, `Status`, `PaymentType`, `CreatedAt`, `DeliveryAddress`) VALUES (205, 10, 5, 'Delivered', 'OnlinePayment', '1988-08-24 18:19:17', '699 Lillie Flat\nWest Claireton, NY 92535-1791');
INSERT INTO `Orders` (`ID`, `VendorID`, `CustomerID`, `Status`, `PaymentType`, `CreatedAt`, `DeliveryAddress`) VALUES (206, 11, 6, 'Delivered', 'OnlinePayment', '1987-11-22 15:16:54', '252 Carroll Hollow\nKamrenborough, AK 99275-1386');
INSERT INTO `Orders` (`ID`, `VendorID`, `CustomerID`, `Status`, `PaymentType`, `CreatedAt`, `DeliveryAddress`) VALUES (207, 12, 7, 'Registered', 'CreditPayment', '1986-02-10 14:43:38', '596 Runte Manor Apt. 283\nZiemannshire, NH 71722');
INSERT INTO `Orders` (`ID`, `VendorID`, `CustomerID`, `Status`, `PaymentType`, `CreatedAt`, `DeliveryAddress`) VALUES (208, 13, 8, 'Delivered', 'OnlinePayment', '2002-01-18 21:04:42', '717 Chyna Pine\nEast Vicky, NM 23766-6968');
INSERT INTO `Orders` (`ID`, `VendorID`, `CustomerID`, `Status`, `PaymentType`, `CreatedAt`, `DeliveryAddress`) VALUES (209, 14, 9, 'Registered', 'CreditPayment', '1986-07-10 22:40:15', '2931 Padberg Vista Suite 759\nRippinport, CA 90914');
INSERT INTO `Orders` (`ID`, `VendorID`, `CustomerID`, `Status`, `PaymentType`, `CreatedAt`, `DeliveryAddress`) VALUES (210, 15, 10, 'Registered', 'OnlinePayment', '2015-03-23 12:51:23', '018 Bogisich Land\nLazaroton, VA 51916');
INSERT INTO `Orders` (`ID`, `VendorID`, `CustomerID`, `Status`, `PaymentType`, `CreatedAt`, `DeliveryAddress`) VALUES (211, 1, 11, 'Sending', 'OnlinePayment', '2014-09-11 11:58:33', '457 Imelda Ridges Suite 605\nStrosinchester, DE 58121');
INSERT INTO `Orders` (`ID`, `VendorID`, `CustomerID`, `Status`, `PaymentType`, `CreatedAt`, `DeliveryAddress`) VALUES (212, 2, 12, 'Delivered', 'OnlinePayment', '1996-05-28 13:46:30', '523 Harry Brook\nRitchiehaven, NJ 60684');
INSERT INTO `Orders` (`ID`, `VendorID`, `CustomerID`, `Status`, `PaymentType`, `CreatedAt`, `DeliveryAddress`) VALUES (213, 3, 13, 'Registered', 'OnlinePayment', '1998-03-31 03:29:41', '6634 Trudie Summit Apt. 066\nNorth Howell, VA 58119');
INSERT INTO `Orders` (`ID`, `VendorID`, `CustomerID`, `Status`, `PaymentType`, `CreatedAt`, `DeliveryAddress`) VALUES (214, 4, 14, 'Sending', 'CreditPayment', '1991-11-19 13:14:34', '194 Sauer Extensions\nPort Marielaburgh, WI 22883-5179');
INSERT INTO `Orders` (`ID`, `VendorID`, `CustomerID`, `Status`, `PaymentType`, `CreatedAt`, `DeliveryAddress`) VALUES (215, 5, 15, 'Registered', 'OnlinePayment', '2006-12-06 00:38:34', '5602 Witting Pike Apt. 759\nEduardoton, MO 93146');
INSERT INTO `Orders` (`ID`, `VendorID`, `CustomerID`, `Status`, `PaymentType`, `CreatedAt`, `DeliveryAddress`) VALUES (216, 6, 16, 'Registered', 'OnlinePayment', '1995-02-09 08:19:05', '10574 Schinner Mountains Suite 467\nCadentown, MN 21677');
INSERT INTO `Orders` (`ID`, `VendorID`, `CustomerID`, `Status`, `PaymentType`, `CreatedAt`, `DeliveryAddress`) VALUES (217, 7, 17, 'Sending', 'OnlinePayment', '1995-12-03 14:31:21', '03501 Rath Cape\nJonesberg, MN 38028');
INSERT INTO `Orders` (`ID`, `VendorID`, `CustomerID`, `Status`, `PaymentType`, `CreatedAt`, `DeliveryAddress`) VALUES (218, 8, 18, 'Sending', 'OnlinePayment', '2016-10-19 20:19:08', '50535 Wilkinson Ramp Apt. 539\nChaimbury, ND 42096');
INSERT INTO `Orders` (`ID`, `VendorID`, `CustomerID`, `Status`, `PaymentType`, `CreatedAt`, `DeliveryAddress`) VALUES (219, 9, 19, 'Registered', 'CreditPayment', '2004-05-23 00:24:20', '902 Hickle Shoals\nNorth Glendastad, NM 68472-0283');
INSERT INTO `Orders` (`ID`, `VendorID`, `CustomerID`, `Status`, `PaymentType`, `CreatedAt`, `DeliveryAddress`) VALUES (220, 10, 20, 'Registered', 'OnlinePayment', '2006-12-03 05:55:40', '05798 Quigley Pine\nHaroldtown, CO 15519-3352');
INSERT INTO `Orders` (`ID`, `VendorID`, `CustomerID`, `Status`, `PaymentType`, `CreatedAt`, `DeliveryAddress`) VALUES (221, 11, 21, 'Delivered', 'OnlinePayment', '1977-01-11 23:21:09', '80709 Alfred Mount Suite 858\nNorth Hildegard, TX 93286-2012');
INSERT INTO `Orders` (`ID`, `VendorID`, `CustomerID`, `Status`, `PaymentType`, `CreatedAt`, `DeliveryAddress`) VALUES (222, 12, 22, 'Delivered', 'OnlinePayment', '2010-10-12 19:49:32', '65306 Konopelski Meadows\nDickinsonmouth, IL 08173-1467');
INSERT INTO `Orders` (`ID`, `VendorID`, `CustomerID`, `Status`, `PaymentType`, `CreatedAt`, `DeliveryAddress`) VALUES (223, 13, 23, 'Delivered', 'CreditPayment', '1986-02-12 17:16:59', '19744 Glennie Roads\nAliviatown, SD 87610');
INSERT INTO `Orders` (`ID`, `VendorID`, `CustomerID`, `Status`, `PaymentType`, `CreatedAt`, `DeliveryAddress`) VALUES (224, 14, 24, 'Sending', 'CreditPayment', '1979-06-23 17:35:17', '418 Cummerata Mills Suite 069\nWest Hilmaton, DC 95696-0870');
INSERT INTO `Orders` (`ID`, `VendorID`, `CustomerID`, `Status`, `PaymentType`, `CreatedAt`, `DeliveryAddress`) VALUES (225, 15, 25, 'Registered', 'OnlinePayment', '1992-05-27 19:59:44', '6763 Medhurst Burg\nPort Amberview, NV 17013-2647');
INSERT INTO `Orders` (`ID`, `VendorID`, `CustomerID`, `Status`, `PaymentType`, `CreatedAt`, `DeliveryAddress`) VALUES (226, 1, 26, 'Delivered', 'CreditPayment', '1978-05-02 11:49:21', '90668 Ritchie Lake Apt. 669\nAuerton, ME 78375');
INSERT INTO `Orders` (`ID`, `VendorID`, `CustomerID`, `Status`, `PaymentType`, `CreatedAt`, `DeliveryAddress`) VALUES (227, 2, 27, 'Sending', 'OnlinePayment', '1998-11-08 13:39:09', '82682 Collier Turnpike\nRunteville, ID 21240');
INSERT INTO `Orders` (`ID`, `VendorID`, `CustomerID`, `Status`, `PaymentType`, `CreatedAt`, `DeliveryAddress`) VALUES (228, 3, 28, 'Sending', 'OnlinePayment', '1999-02-27 23:29:54', '4250 Colin Route\nWest Theodorechester, ME 99704');
INSERT INTO `Orders` (`ID`, `VendorID`, `CustomerID`, `Status`, `PaymentType`, `CreatedAt`, `DeliveryAddress`) VALUES (229, 4, 29, 'Delivered', 'OnlinePayment', '1986-06-20 18:00:56', '808 Klein Islands Suite 914\nKrystinaborough, HI 25006');
INSERT INTO `Orders` (`ID`, `VendorID`, `CustomerID`, `Status`, `PaymentType`, `CreatedAt`, `DeliveryAddress`) VALUES (230, 5, 30, 'Sending', 'CreditPayment', '1977-06-13 20:31:10', '1021 Howell Junctions Apt. 006\nManteburgh, AZ 08467-5717');
INSERT INTO `Orders` (`ID`, `VendorID`, `CustomerID`, `Status`, `PaymentType`, `CreatedAt`, `DeliveryAddress`) VALUES (231, 6, 31, 'Sending', 'CreditPayment', '1993-11-04 15:22:46', '98814 Mills Summit Suite 735\nQuitzonbury, KY 78847-3401');
INSERT INTO `Orders` (`ID`, `VendorID`, `CustomerID`, `Status`, `PaymentType`, `CreatedAt`, `DeliveryAddress`) VALUES (232, 7, 32, 'Sending', 'OnlinePayment', '1992-08-29 03:51:22', '234 Raegan Mountains Suite 377\nHughchester, OK 20058-4936');
INSERT INTO `Orders` (`ID`, `VendorID`, `CustomerID`, `Status`, `PaymentType`, `CreatedAt`, `DeliveryAddress`) VALUES (233, 8, 33, 'Delivered', 'CreditPayment', '2010-09-01 03:56:21', '872 Moore Station Apt. 142\nPort Sydni, TN 79186');
INSERT INTO `Orders` (`ID`, `VendorID`, `CustomerID`, `Status`, `PaymentType`, `CreatedAt`, `DeliveryAddress`) VALUES (234, 9, 34, 'Sending', 'OnlinePayment', '1975-05-25 06:14:47', '691 VonRueden Vista\nRossiechester, NY 47146');
INSERT INTO `Orders` (`ID`, `VendorID`, `CustomerID`, `Status`, `PaymentType`, `CreatedAt`, `DeliveryAddress`) VALUES (235, 10, 35, 'Delivered', 'CreditPayment', '2004-01-02 18:00:02', '83140 Nedra Point\nSouth Maybellview, WY 85906');
INSERT INTO `Orders` (`ID`, `VendorID`, `CustomerID`, `Status`, `PaymentType`, `CreatedAt`, `DeliveryAddress`) VALUES (236, 11, 36, 'Delivered', 'CreditPayment', '2004-07-16 07:29:19', '767 Giovanny Isle Suite 517\nNatalieland, FL 16905-4529');
INSERT INTO `Orders` (`ID`, `VendorID`, `CustomerID`, `Status`, `PaymentType`, `CreatedAt`, `DeliveryAddress`) VALUES (237, 12, 37, 'Registered', 'CreditPayment', '1993-02-15 11:54:12', '050 Leopoldo Plaza Suite 127\nEast Tracyborough, ND 13640-8866');
INSERT INTO `Orders` (`ID`, `VendorID`, `CustomerID`, `Status`, `PaymentType`, `CreatedAt`, `DeliveryAddress`) VALUES (238, 13, 38, 'Delivered', 'CreditPayment', '2016-05-04 18:29:55', '83875 Hunter Rapids\nWest Jannie, NV 62811-1495');
INSERT INTO `Orders` (`ID`, `VendorID`, `CustomerID`, `Status`, `PaymentType`, `CreatedAt`, `DeliveryAddress`) VALUES (239, 14, 39, 'Delivered', 'OnlinePayment', '1984-11-22 04:03:06', '89318 Neoma Square Suite 253\nSouth Gayberg, WV 17249');
INSERT INTO `Orders` (`ID`, `VendorID`, `CustomerID`, `Status`, `PaymentType`, `CreatedAt`, `DeliveryAddress`) VALUES (240, 15, 40, 'Delivered', 'CreditPayment', '1971-06-05 20:12:50', '434 Marshall Keys Apt. 322\nRoxanneport, KY 05851');
INSERT INTO `Orders` (`ID`, `VendorID`, `CustomerID`, `Status`, `PaymentType`, `CreatedAt`, `DeliveryAddress`) VALUES (241, 1, 41, 'Sending', 'OnlinePayment', '1974-05-09 03:52:49', '660 Rippin Forest Apt. 019\nNorth Martin, PA 24822-3692');
INSERT INTO `Orders` (`ID`, `VendorID`, `CustomerID`, `Status`, `PaymentType`, `CreatedAt`, `DeliveryAddress`) VALUES (242, 2, 42, 'Sending', 'CreditPayment', '2016-05-22 15:40:08', '888 Schmitt Landing\nSouth Gerald, MS 16381-3741');
INSERT INTO `Orders` (`ID`, `VendorID`, `CustomerID`, `Status`, `PaymentType`, `CreatedAt`, `DeliveryAddress`) VALUES (243, 3, 43, 'Delivered', 'OnlinePayment', '2004-04-30 16:03:35', '4013 Lesch Fields Suite 180\nAntonialand, NE 73412-8838');
INSERT INTO `Orders` (`ID`, `VendorID`, `CustomerID`, `Status`, `PaymentType`, `CreatedAt`, `DeliveryAddress`) VALUES (244, 4, 44, 'Sending', 'OnlinePayment', '2013-07-28 20:22:41', '729 Berneice Mountains\nSouth Trevionland, IL 16532-3331');
INSERT INTO `Orders` (`ID`, `VendorID`, `CustomerID`, `Status`, `PaymentType`, `CreatedAt`, `DeliveryAddress`) VALUES (245, 5, 45, 'Sending', 'OnlinePayment', '2009-06-10 12:58:04', '57545 Zieme Via Apt. 037\nLake Bruce, WI 61953-4971');
INSERT INTO `Orders` (`ID`, `VendorID`, `CustomerID`, `Status`, `PaymentType`, `CreatedAt`, `DeliveryAddress`) VALUES (246, 6, 46, 'Registered', 'CreditPayment', '1998-12-28 22:33:00', '4451 Moen Circle\nGrahamborough, IN 18342');
INSERT INTO `Orders` (`ID`, `VendorID`, `CustomerID`, `Status`, `PaymentType`, `CreatedAt`, `DeliveryAddress`) VALUES (247, 7, 47, 'Registered', 'OnlinePayment', '2008-10-04 14:23:11', '5056 Alisa Cape Apt. 942\nEast Leonoramouth, SD 18040-6492');
INSERT INTO `Orders` (`ID`, `VendorID`, `CustomerID`, `Status`, `PaymentType`, `CreatedAt`, `DeliveryAddress`) VALUES (248, 8, 48, 'Sending', 'OnlinePayment', '1981-08-29 14:48:52', '47815 Casper Spring\nMikaylashire, OR 32542');
INSERT INTO `Orders` (`ID`, `VendorID`, `CustomerID`, `Status`, `PaymentType`, `CreatedAt`, `DeliveryAddress`) VALUES (249, 9, 49, 'Registered', 'OnlinePayment', '2015-08-12 17:42:10', '857 Selmer Plains Apt. 430\nNew Adaton, SD 34017-0411');
INSERT INTO `Orders` (`ID`, `VendorID`, `CustomerID`, `Status`, `PaymentType`, `CreatedAt`, `DeliveryAddress`) VALUES (250, 10, 50, 'Delivered', 'OnlinePayment', '1993-11-08 05:38:18', '3926 Zemlak Flat Suite 579\nWizaborough, MT 10222-8057');
INSERT INTO `Orders` (`ID`, `VendorID`, `CustomerID`, `Status`, `PaymentType`, `CreatedAt`, `DeliveryAddress`) VALUES (251, 11, 51, 'Sending', 'CreditPayment', '2017-02-12 21:57:02', '063 Friesen Fort\nAbernathyfurt, ME 87384');
INSERT INTO `Orders` (`ID`, `VendorID`, `CustomerID`, `Status`, `PaymentType`, `CreatedAt`, `DeliveryAddress`) VALUES (252, 12, 52, 'Delivered', 'CreditPayment', '1990-11-18 07:34:30', '1101 Schuppe Place\nLake Calista, UT 03040');
INSERT INTO `Orders` (`ID`, `VendorID`, `CustomerID`, `Status`, `PaymentType`, `CreatedAt`, `DeliveryAddress`) VALUES (253, 13, 53, 'Sending', 'CreditPayment', '1985-06-12 21:17:41', '83050 Paige Field\nPort Emmafort, NH 09334');
INSERT INTO `Orders` (`ID`, `VendorID`, `CustomerID`, `Status`, `PaymentType`, `CreatedAt`, `DeliveryAddress`) VALUES (254, 14, 54, 'Registered', 'OnlinePayment', '2002-10-19 10:24:14', '49613 Angelica Pass\nSouth Staceyshire, MI 31261');
INSERT INTO `Orders` (`ID`, `VendorID`, `CustomerID`, `Status`, `PaymentType`, `CreatedAt`, `DeliveryAddress`) VALUES (255, 15, 55, 'Sending', 'CreditPayment', '1978-01-10 09:02:40', '23738 Shanny Trafficway\nSchoenfort, TX 59433');
INSERT INTO `Orders` (`ID`, `VendorID`, `CustomerID`, `Status`, `PaymentType`, `CreatedAt`, `DeliveryAddress`) VALUES (256, 1, 56, 'Delivered', 'OnlinePayment', '1984-03-14 01:22:08', '821 Huels Landing\nLake Ian, AR 46219');
INSERT INTO `Orders` (`ID`, `VendorID`, `CustomerID`, `Status`, `PaymentType`, `CreatedAt`, `DeliveryAddress`) VALUES (257, 2, 57, 'Sending', 'OnlinePayment', '1996-12-26 01:11:41', '2513 Veronica Park\nSouth Dominic, VT 49348');
INSERT INTO `Orders` (`ID`, `VendorID`, `CustomerID`, `Status`, `PaymentType`, `CreatedAt`, `DeliveryAddress`) VALUES (258, 3, 58, 'Registered', 'CreditPayment', '2008-03-28 01:51:41', '0266 Amya Pines\nNonafort, KS 53403-0907');
INSERT INTO `Orders` (`ID`, `VendorID`, `CustomerID`, `Status`, `PaymentType`, `CreatedAt`, `DeliveryAddress`) VALUES (259, 4, 59, 'Sending', 'OnlinePayment', '1977-06-18 00:23:30', '189 Lebsack Drives\nBartellmouth, PA 85724');
INSERT INTO `Orders` (`ID`, `VendorID`, `CustomerID`, `Status`, `PaymentType`, `CreatedAt`, `DeliveryAddress`) VALUES (260, 5, 60, 'Sending', 'OnlinePayment', '2016-08-31 19:18:05', '360 Garrick Way\nLawrenceborough, NM 58050-3477');
INSERT INTO `Orders` (`ID`, `VendorID`, `CustomerID`, `Status`, `PaymentType`, `CreatedAt`, `DeliveryAddress`) VALUES (261, 6, 61, 'Delivered', 'CreditPayment', '2000-09-18 06:44:05', '979 Myron Mission Suite 777\nCaraburgh, DC 95245');
INSERT INTO `Orders` (`ID`, `VendorID`, `CustomerID`, `Status`, `PaymentType`, `CreatedAt`, `DeliveryAddress`) VALUES (262, 7, 62, 'Sending', 'OnlinePayment', '2016-07-14 01:09:12', '26702 Dandre Gardens\nSouth Arielfurt, MD 97662-4398');
INSERT INTO `Orders` (`ID`, `VendorID`, `CustomerID`, `Status`, `PaymentType`, `CreatedAt`, `DeliveryAddress`) VALUES (263, 8, 63, 'Registered', 'OnlinePayment', '2004-10-21 11:46:33', '25184 Linnea Station Apt. 299\nWatersbury, VT 67086');
INSERT INTO `Orders` (`ID`, `VendorID`, `CustomerID`, `Status`, `PaymentType`, `CreatedAt`, `DeliveryAddress`) VALUES (264, 9, 64, 'Registered', 'CreditPayment', '2000-01-07 14:22:35', '382 Pacocha Lights Suite 573\nPort Rusty, VA 21755-7576');
INSERT INTO `Orders` (`ID`, `VendorID`, `CustomerID`, `Status`, `PaymentType`, `CreatedAt`, `DeliveryAddress`) VALUES (265, 10, 65, 'Sending', 'CreditPayment', '2013-02-26 23:23:12', '991 Sydnie Mission\nLake Mavisside, KY 42863');
INSERT INTO `Orders` (`ID`, `VendorID`, `CustomerID`, `Status`, `PaymentType`, `CreatedAt`, `DeliveryAddress`) VALUES (266, 11, 66, 'Sending', 'OnlinePayment', '1974-11-26 06:53:11', '240 Maynard Walk Apt. 772\nSouth Jessicaberg, RI 34057');
INSERT INTO `Orders` (`ID`, `VendorID`, `CustomerID`, `Status`, `PaymentType`, `CreatedAt`, `DeliveryAddress`) VALUES (267, 12, 67, 'Delivered', 'CreditPayment', '1998-10-31 08:36:17', '151 Monahan Crossroad Suite 568\nNew Deondrebury, AK 96345-9703');
INSERT INTO `Orders` (`ID`, `VendorID`, `CustomerID`, `Status`, `PaymentType`, `CreatedAt`, `DeliveryAddress`) VALUES (268, 13, 68, 'Sending', 'CreditPayment', '1985-09-05 02:44:42', '20293 Graham Meadow Apt. 981\nEveretteshire, ID 92354');
INSERT INTO `Orders` (`ID`, `VendorID`, `CustomerID`, `Status`, `PaymentType`, `CreatedAt`, `DeliveryAddress`) VALUES (269, 14, 69, 'Sending', 'OnlinePayment', '1991-01-15 03:05:08', '4594 Hyatt Parkways\nWisokyland, ND 81775');
INSERT INTO `Orders` (`ID`, `VendorID`, `CustomerID`, `Status`, `PaymentType`, `CreatedAt`, `DeliveryAddress`) VALUES (270, 15, 70, 'Sending', 'CreditPayment', '2000-08-11 12:10:52', '909 Stehr Canyon Suite 047\nMurrayberg, NY 81822-3288');
INSERT INTO `Orders` (`ID`, `VendorID`, `CustomerID`, `Status`, `PaymentType`, `CreatedAt`, `DeliveryAddress`) VALUES (271, 1, 71, 'Registered', 'OnlinePayment', '1988-10-02 23:51:13', '201 Naomi Shores Apt. 931\nSouth Jedediah, NH 99597-5515');
INSERT INTO `Orders` (`ID`, `VendorID`, `CustomerID`, `Status`, `PaymentType`, `CreatedAt`, `DeliveryAddress`) VALUES (272, 2, 72, 'Registered', 'CreditPayment', '1990-03-13 22:22:48', '344 Miller Island Suite 855\nWolfmouth, NY 56985-2304');
INSERT INTO `Orders` (`ID`, `VendorID`, `CustomerID`, `Status`, `PaymentType`, `CreatedAt`, `DeliveryAddress`) VALUES (273, 3, 73, 'Delivered', 'CreditPayment', '1974-11-12 06:08:36', '058 Henderson Way Apt. 287\nOllieburgh, MA 07382-1173');
INSERT INTO `Orders` (`ID`, `VendorID`, `CustomerID`, `Status`, `PaymentType`, `CreatedAt`, `DeliveryAddress`) VALUES (274, 4, 74, 'Registered', 'CreditPayment', '1977-12-14 15:26:44', '1070 Brekke Dale\nDarrellmouth, FL 59912');
INSERT INTO `Orders` (`ID`, `VendorID`, `CustomerID`, `Status`, `PaymentType`, `CreatedAt`, `DeliveryAddress`) VALUES (275, 5, 75, 'Delivered', 'OnlinePayment', '2010-04-13 06:32:59', '3397 Bogisich Dam\nNew Raheemview, NJ 03757-6678');
INSERT INTO `Orders` (`ID`, `VendorID`, `CustomerID`, `Status`, `PaymentType`, `CreatedAt`, `DeliveryAddress`) VALUES (276, 6, 76, 'Registered', 'OnlinePayment', '1973-02-18 00:32:39', '9048 Jovani Keys\nSchadenfurt, NC 07982-3926');
INSERT INTO `Orders` (`ID`, `VendorID`, `CustomerID`, `Status`, `PaymentType`, `CreatedAt`, `DeliveryAddress`) VALUES (277, 7, 77, 'Registered', 'OnlinePayment', '1988-08-19 15:31:44', '980 Kilback Mews\nRetabury, NE 95788-0223');
INSERT INTO `Orders` (`ID`, `VendorID`, `CustomerID`, `Status`, `PaymentType`, `CreatedAt`, `DeliveryAddress`) VALUES (278, 8, 78, 'Registered', 'OnlinePayment', '1977-09-19 02:24:28', '399 Crooks Mills\nDestinibury, NJ 19339-7830');
INSERT INTO `Orders` (`ID`, `VendorID`, `CustomerID`, `Status`, `PaymentType`, `CreatedAt`, `DeliveryAddress`) VALUES (279, 9, 79, 'Sending', 'OnlinePayment', '1986-06-28 09:32:42', '305 Justine Station\nKassulketon, MS 77321');
INSERT INTO `Orders` (`ID`, `VendorID`, `CustomerID`, `Status`, `PaymentType`, `CreatedAt`, `DeliveryAddress`) VALUES (280, 10, 80, 'Delivered', 'OnlinePayment', '1985-08-17 09:12:04', '25659 Hudson Throughway Apt. 419\nBlandamouth, HI 74416-7355');
INSERT INTO `Orders` (`ID`, `VendorID`, `CustomerID`, `Status`, `PaymentType`, `CreatedAt`, `DeliveryAddress`) VALUES (281, 11, 81, 'Delivered', 'CreditPayment', '2014-01-04 21:40:58', '026 Christiansen Mountains Apt. 407\nPort Herbert, KY 38369-1201');
INSERT INTO `Orders` (`ID`, `VendorID`, `CustomerID`, `Status`, `PaymentType`, `CreatedAt`, `DeliveryAddress`) VALUES (282, 12, 82, 'Delivered', 'OnlinePayment', '1979-09-06 08:23:10', '1214 Rohan Plains\nSouth Javonchester, IN 73377-7013');
INSERT INTO `Orders` (`ID`, `VendorID`, `CustomerID`, `Status`, `PaymentType`, `CreatedAt`, `DeliveryAddress`) VALUES (283, 13, 83, 'Delivered', 'OnlinePayment', '1985-04-07 15:01:37', '567 Burley Glen Apt. 648\nNorth Maymie, MT 70211-1041');
INSERT INTO `Orders` (`ID`, `VendorID`, `CustomerID`, `Status`, `PaymentType`, `CreatedAt`, `DeliveryAddress`) VALUES (284, 14, 84, 'Delivered', 'CreditPayment', '1979-06-09 11:30:10', '279 Magdalena Row\nLake Gladycetown, MO 70439');
INSERT INTO `Orders` (`ID`, `VendorID`, `CustomerID`, `Status`, `PaymentType`, `CreatedAt`, `DeliveryAddress`) VALUES (285, 15, 85, 'Delivered', 'OnlinePayment', '1973-10-26 10:26:11', '94247 Tromp Tunnel Apt. 515\nTorranceburgh, NH 19145-3266');
INSERT INTO `Orders` (`ID`, `VendorID`, `CustomerID`, `Status`, `PaymentType`, `CreatedAt`, `DeliveryAddress`) VALUES (286, 1, 86, 'Registered', 'CreditPayment', '1992-01-21 15:57:53', '1541 Kuhic Route Apt. 394\nPort Raeton, NM 41296-2004');
INSERT INTO `Orders` (`ID`, `VendorID`, `CustomerID`, `Status`, `PaymentType`, `CreatedAt`, `DeliveryAddress`) VALUES (287, 2, 87, 'Sending', 'OnlinePayment', '2010-08-22 04:30:30', '60036 Madge Trail Suite 486\nRolandobury, MO 89042');
INSERT INTO `Orders` (`ID`, `VendorID`, `CustomerID`, `Status`, `PaymentType`, `CreatedAt`, `DeliveryAddress`) VALUES (288, 3, 88, 'Registered', 'OnlinePayment', '1987-05-16 18:13:45', '62366 Mills Wells Suite 613\nDomenicofort, ID 59392');
INSERT INTO `Orders` (`ID`, `VendorID`, `CustomerID`, `Status`, `PaymentType`, `CreatedAt`, `DeliveryAddress`) VALUES (289, 4, 89, 'Sending', 'OnlinePayment', '1999-01-03 16:40:03', '1694 Wava Greens Apt. 538\nLefflerburgh, RI 36977-0836');
INSERT INTO `Orders` (`ID`, `VendorID`, `CustomerID`, `Status`, `PaymentType`, `CreatedAt`, `DeliveryAddress`) VALUES (290, 5, 90, 'Delivered', 'OnlinePayment', '1985-02-04 13:22:39', '31606 Kiarra Prairie Apt. 520\nWest Christopburgh, OH 95502-0462');
INSERT INTO `Orders` (`ID`, `VendorID`, `CustomerID`, `Status`, `PaymentType`, `CreatedAt`, `DeliveryAddress`) VALUES (291, 6, 91, 'Registered', 'OnlinePayment', '2000-11-23 08:47:07', '484 Judy Plaza Suite 078\nMullerberg, UT 28441');
INSERT INTO `Orders` (`ID`, `VendorID`, `CustomerID`, `Status`, `PaymentType`, `CreatedAt`, `DeliveryAddress`) VALUES (292, 7, 92, 'Delivered', 'CreditPayment', '1974-04-16 02:02:43', '5922 Monica Lodge\nNew Jaronchester, KS 04591');
INSERT INTO `Orders` (`ID`, `VendorID`, `CustomerID`, `Status`, `PaymentType`, `CreatedAt`, `DeliveryAddress`) VALUES (293, 8, 93, 'Sending', 'OnlinePayment', '1982-03-19 01:33:35', '4066 Demetris Light\nEast Ritahaven, WV 51189-5010');
INSERT INTO `Orders` (`ID`, `VendorID`, `CustomerID`, `Status`, `PaymentType`, `CreatedAt`, `DeliveryAddress`) VALUES (294, 9, 94, 'Registered', 'CreditPayment', '2014-04-22 22:58:55', '83461 Gerlach Bridge\nCloydton, AZ 06169');
INSERT INTO `Orders` (`ID`, `VendorID`, `CustomerID`, `Status`, `PaymentType`, `CreatedAt`, `DeliveryAddress`) VALUES (295, 10, 95, 'Registered', 'CreditPayment', '1983-07-28 23:06:30', '07768 Isaiah Center Apt. 619\nAdeliastad, AK 40956');
INSERT INTO `Orders` (`ID`, `VendorID`, `CustomerID`, `Status`, `PaymentType`, `CreatedAt`, `DeliveryAddress`) VALUES (296, 11, 96, 'Sending', 'OnlinePayment', '2001-12-16 17:04:49', '648 Chase Summit\nTillmanfurt, NV 05444-1133');
INSERT INTO `Orders` (`ID`, `VendorID`, `CustomerID`, `Status`, `PaymentType`, `CreatedAt`, `DeliveryAddress`) VALUES (297, 12, 97, 'Delivered', 'CreditPayment', '1970-11-25 14:58:55', '86086 Lebsack Row\nWalkerhaven, VA 22130-7626');
INSERT INTO `Orders` (`ID`, `VendorID`, `CustomerID`, `Status`, `PaymentType`, `CreatedAt`, `DeliveryAddress`) VALUES (298, 13, 98, 'Sending', 'CreditPayment', '1993-02-18 09:51:14', '0284 Lakin Garden\nAlexzanderview, AL 06706');
INSERT INTO `Orders` (`ID`, `VendorID`, `CustomerID`, `Status`, `PaymentType`, `CreatedAt`, `DeliveryAddress`) VALUES (299, 14, 99, 'Registered', 'CreditPayment', '1985-05-15 09:41:35', '661 Kihn Points Suite 406\nMacejkovicfurt, VT 91486-7579');
INSERT INTO `Orders` (`ID`, `VendorID`, `CustomerID`, `Status`, `PaymentType`, `CreatedAt`, `DeliveryAddress`) VALUES (300, 15, 100, 'Sending', 'OnlinePayment', '2008-07-20 16:08:34', '028 Wiley Orchard Apt. 142\nMelisamouth, AZ 41429');
INSERT INTO `Orders` (`ID`, `VendorID`, `CustomerID`, `Status`, `PaymentType`, `CreatedAt`, `DeliveryAddress`) VALUES (301, 1, 101, 'Registered', 'OnlinePayment', '1975-06-04 08:41:44', '3866 Willms Cape\nEast Arnulfofurt, MS 25419');
INSERT INTO `Orders` (`ID`, `VendorID`, `CustomerID`, `Status`, `PaymentType`, `CreatedAt`, `DeliveryAddress`) VALUES (302, 2, 102, 'Sending', 'OnlinePayment', '1991-11-25 11:29:32', '07099 Maximus Mission Apt. 837\nTorpstad, ND 02943');
INSERT INTO `Orders` (`ID`, `VendorID`, `CustomerID`, `Status`, `PaymentType`, `CreatedAt`, `DeliveryAddress`) VALUES (303, 3, 103, 'Sending', 'CreditPayment', '1978-07-28 15:05:36', '332 Olson Plains Suite 365\nNew Lucy, ND 16421');
INSERT INTO `Orders` (`ID`, `VendorID`, `CustomerID`, `Status`, `PaymentType`, `CreatedAt`, `DeliveryAddress`) VALUES (304, 4, 104, 'Delivered', 'OnlinePayment', '1989-06-19 20:49:11', '7017 Feeney Mount\nGuidoland, VA 50310');
INSERT INTO `Orders` (`ID`, `VendorID`, `CustomerID`, `Status`, `PaymentType`, `CreatedAt`, `DeliveryAddress`) VALUES (305, 5, 105, 'Sending', 'OnlinePayment', '1991-08-23 00:35:23', '793 Thompson Crossroad Suite 535\nWisozktown, IL 60479-0857');
INSERT INTO `Orders` (`ID`, `VendorID`, `CustomerID`, `Status`, `PaymentType`, `CreatedAt`, `DeliveryAddress`) VALUES (306, 6, 106, 'Registered', 'CreditPayment', '1993-12-29 16:44:56', '90273 Delpha Throughway\nMargaretchester, ME 48611');
INSERT INTO `Orders` (`ID`, `VendorID`, `CustomerID`, `Status`, `PaymentType`, `CreatedAt`, `DeliveryAddress`) VALUES (307, 7, 107, 'Sending', 'OnlinePayment', '1979-05-18 12:36:57', '6310 Chad Squares Suite 307\nCoreneshire, OH 13273-1486');
INSERT INTO `Orders` (`ID`, `VendorID`, `CustomerID`, `Status`, `PaymentType`, `CreatedAt`, `DeliveryAddress`) VALUES (308, 8, 108, 'Sending', 'CreditPayment', '2014-07-31 08:33:25', '3836 Lubowitz Key Apt. 542\nConnellyburgh, DE 52220-0482');
INSERT INTO `Orders` (`ID`, `VendorID`, `CustomerID`, `Status`, `PaymentType`, `CreatedAt`, `DeliveryAddress`) VALUES (309, 9, 109, 'Registered', 'CreditPayment', '1980-11-14 21:20:12', '83811 Michaela Inlet\nNew Lafayette, ND 41010');
INSERT INTO `Orders` (`ID`, `VendorID`, `CustomerID`, `Status`, `PaymentType`, `CreatedAt`, `DeliveryAddress`) VALUES (310, 10, 110, 'Sending', 'OnlinePayment', '1985-07-25 14:13:07', '7675 Ortiz Roads Apt. 280\nHilllfort, GA 85840');
INSERT INTO `Orders` (`ID`, `VendorID`, `CustomerID`, `Status`, `PaymentType`, `CreatedAt`, `DeliveryAddress`) VALUES (311, 11, 111, 'Delivered', 'CreditPayment', '1999-03-21 02:57:33', '762 Bauch Alley\nHintzfurt, AZ 11586');
INSERT INTO `Orders` (`ID`, `VendorID`, `CustomerID`, `Status`, `PaymentType`, `CreatedAt`, `DeliveryAddress`) VALUES (312, 12, 112, 'Sending', 'OnlinePayment', '1995-08-09 11:04:03', '031 Krista Falls\nLake Ari, MO 09882-7264');
INSERT INTO `Orders` (`ID`, `VendorID`, `CustomerID`, `Status`, `PaymentType`, `CreatedAt`, `DeliveryAddress`) VALUES (313, 13, 113, 'Sending', 'OnlinePayment', '1987-08-17 18:46:05', '93278 David Causeway Suite 220\nLake Tyrese, FL 09910-4399');
INSERT INTO `Orders` (`ID`, `VendorID`, `CustomerID`, `Status`, `PaymentType`, `CreatedAt`, `DeliveryAddress`) VALUES (314, 14, 114, 'Delivered', 'CreditPayment', '2013-12-03 16:26:15', '04153 D\'Amore Walk Suite 585\nO\'Connellchester, CT 24632-4736');
INSERT INTO `Orders` (`ID`, `VendorID`, `CustomerID`, `Status`, `PaymentType`, `CreatedAt`, `DeliveryAddress`) VALUES (315, 15, 115, 'Registered', 'CreditPayment', '1975-12-28 02:28:39', '578 Gerda Forges\nWest Lacey, TN 21552');
INSERT INTO `Orders` (`ID`, `VendorID`, `CustomerID`, `Status`, `PaymentType`, `CreatedAt`, `DeliveryAddress`) VALUES (316, 1, 116, 'Registered', 'OnlinePayment', '2004-06-01 19:10:08', '9280 Swift Landing\nStromanburgh, OR 49478-8620');
INSERT INTO `Orders` (`ID`, `VendorID`, `CustomerID`, `Status`, `PaymentType`, `CreatedAt`, `DeliveryAddress`) VALUES (317, 2, 117, 'Sending', 'CreditPayment', '2002-08-18 19:24:26', '691 Goldner Parkways Suite 518\nWest Leonardmouth, NV 61086');
INSERT INTO `Orders` (`ID`, `VendorID`, `CustomerID`, `Status`, `PaymentType`, `CreatedAt`, `DeliveryAddress`) VALUES (318, 3, 118, 'Delivered', 'CreditPayment', '2009-06-16 10:44:03', '27731 Elliot Stravenue\nHarveyborough, WY 26510');
INSERT INTO `Orders` (`ID`, `VendorID`, `CustomerID`, `Status`, `PaymentType`, `CreatedAt`, `DeliveryAddress`) VALUES (319, 4, 119, 'Sending', 'CreditPayment', '1985-06-18 16:13:09', '9577 Feeney Knolls\nWest Giaport, MD 82626');
INSERT INTO `Orders` (`ID`, `VendorID`, `CustomerID`, `Status`, `PaymentType`, `CreatedAt`, `DeliveryAddress`) VALUES (320, 5, 120, 'Sending', 'OnlinePayment', '1999-06-16 06:50:29', '00092 Wilderman Tunnel Suite 507\nMetzstad, AR 26239-2972');
INSERT INTO `Orders` (`ID`, `VendorID`, `CustomerID`, `Status`, `PaymentType`, `CreatedAt`, `DeliveryAddress`) VALUES (321, 6, 121, 'Registered', 'OnlinePayment', '1991-08-28 19:30:37', '54816 Trevor Junction Apt. 706\nWest Angelinafort, SD 41484-3778');
INSERT INTO `Orders` (`ID`, `VendorID`, `CustomerID`, `Status`, `PaymentType`, `CreatedAt`, `DeliveryAddress`) VALUES (322, 7, 122, 'Delivered', 'OnlinePayment', '1984-05-03 05:34:36', '23640 Magali Walk\nKaelahaven, WV 81190');
INSERT INTO `Orders` (`ID`, `VendorID`, `CustomerID`, `Status`, `PaymentType`, `CreatedAt`, `DeliveryAddress`) VALUES (323, 8, 123, 'Delivered', 'CreditPayment', '1997-03-15 18:53:43', '0717 Wiza Mission\nEast Brain, WY 63118-6857');
INSERT INTO `Orders` (`ID`, `VendorID`, `CustomerID`, `Status`, `PaymentType`, `CreatedAt`, `DeliveryAddress`) VALUES (324, 9, 124, 'Sending', 'CreditPayment', '2015-08-20 12:36:22', '3193 Ernser Mountains Apt. 665\nMrazberg, ID 31816-0238');
INSERT INTO `Orders` (`ID`, `VendorID`, `CustomerID`, `Status`, `PaymentType`, `CreatedAt`, `DeliveryAddress`) VALUES (325, 10, 125, 'Delivered', 'CreditPayment', '2003-06-26 03:35:20', '3303 Barton Ranch\nKassulkeport, CA 57002-9381');
INSERT INTO `Orders` (`ID`, `VendorID`, `CustomerID`, `Status`, `PaymentType`, `CreatedAt`, `DeliveryAddress`) VALUES (326, 11, 126, 'Sending', 'CreditPayment', '1998-04-13 01:32:23', '8479 Rudy Mount\nMillerside, AR 76169');
INSERT INTO `Orders` (`ID`, `VendorID`, `CustomerID`, `Status`, `PaymentType`, `CreatedAt`, `DeliveryAddress`) VALUES (327, 12, 127, 'Delivered', 'OnlinePayment', '1985-11-26 15:35:57', '0604 Ottis Circle Apt. 255\nEmmerichberg, KS 94725');
INSERT INTO `Orders` (`ID`, `VendorID`, `CustomerID`, `Status`, `PaymentType`, `CreatedAt`, `DeliveryAddress`) VALUES (328, 13, 128, 'Delivered', 'CreditPayment', '1983-03-04 15:42:22', '96099 Yundt Stravenue\nNorth Duane, FL 93059');
INSERT INTO `Orders` (`ID`, `VendorID`, `CustomerID`, `Status`, `PaymentType`, `CreatedAt`, `DeliveryAddress`) VALUES (329, 14, 129, 'Registered', 'CreditPayment', '1978-04-05 09:00:10', '8093 Towne Freeway\nWest Pearl, OR 23045');
INSERT INTO `Orders` (`ID`, `VendorID`, `CustomerID`, `Status`, `PaymentType`, `CreatedAt`, `DeliveryAddress`) VALUES (330, 15, 130, 'Registered', 'CreditPayment', '1982-11-13 04:50:00', '550 Goyette Harbor\nOlafhaven, IL 49984-6003');
INSERT INTO `Orders` (`ID`, `VendorID`, `CustomerID`, `Status`, `PaymentType`, `CreatedAt`, `DeliveryAddress`) VALUES (331, 1, 131, 'Registered', 'CreditPayment', '1973-07-19 14:16:41', '76396 Bergnaum Alley\nNew Josiane, ME 83194');
INSERT INTO `Orders` (`ID`, `VendorID`, `CustomerID`, `Status`, `PaymentType`, `CreatedAt`, `DeliveryAddress`) VALUES (332, 2, 132, 'Delivered', 'OnlinePayment', '1977-10-29 17:43:25', '819 Maurine Run\nDickensborough, AK 86409-9219');
INSERT INTO `Orders` (`ID`, `VendorID`, `CustomerID`, `Status`, `PaymentType`, `CreatedAt`, `DeliveryAddress`) VALUES (333, 3, 133, 'Registered', 'OnlinePayment', '1987-12-23 23:05:55', '7751 D\'Amore Shoal Apt. 160\nAshleyton, KY 09654');
INSERT INTO `Orders` (`ID`, `VendorID`, `CustomerID`, `Status`, `PaymentType`, `CreatedAt`, `DeliveryAddress`) VALUES (334, 4, 134, 'Sending', 'OnlinePayment', '2012-05-21 11:37:39', '4722 Greenholt Extension Apt. 860\nKubside, HI 03850');
INSERT INTO `Orders` (`ID`, `VendorID`, `CustomerID`, `Status`, `PaymentType`, `CreatedAt`, `DeliveryAddress`) VALUES (335, 5, 135, 'Sending', 'OnlinePayment', '1970-02-11 00:19:02', '237 Zemlak Junctions\nClemenston, UT 23929-1325');
INSERT INTO `Orders` (`ID`, `VendorID`, `CustomerID`, `Status`, `PaymentType`, `CreatedAt`, `DeliveryAddress`) VALUES (336, 6, 136, 'Sending', 'CreditPayment', '1993-09-21 05:43:57', '40974 Kemmer Dale Suite 158\nNew Sallie, NV 42455-7179');
INSERT INTO `Orders` (`ID`, `VendorID`, `CustomerID`, `Status`, `PaymentType`, `CreatedAt`, `DeliveryAddress`) VALUES (337, 7, 137, 'Delivered', 'OnlinePayment', '1999-03-21 05:13:19', '633 Gerry Mountain\nLake Lacey, AL 63665-2892');
INSERT INTO `Orders` (`ID`, `VendorID`, `CustomerID`, `Status`, `PaymentType`, `CreatedAt`, `DeliveryAddress`) VALUES (338, 8, 138, 'Delivered', 'OnlinePayment', '1994-03-14 01:31:17', '18562 Matilda Cliff Suite 742\nLake Katelynn, DE 89799');
INSERT INTO `Orders` (`ID`, `VendorID`, `CustomerID`, `Status`, `PaymentType`, `CreatedAt`, `DeliveryAddress`) VALUES (339, 9, 139, 'Delivered', 'OnlinePayment', '1994-06-16 05:02:40', '686 Kiehn Way Apt. 020\nWest Iciestad, NJ 17212');
INSERT INTO `Orders` (`ID`, `VendorID`, `CustomerID`, `Status`, `PaymentType`, `CreatedAt`, `DeliveryAddress`) VALUES (340, 10, 140, 'Sending', 'OnlinePayment', '2007-12-20 19:33:57', '782 Lavada Glen Suite 579\nNorth Tre, MA 85157');
INSERT INTO `Orders` (`ID`, `VendorID`, `CustomerID`, `Status`, `PaymentType`, `CreatedAt`, `DeliveryAddress`) VALUES (341, 11, 141, 'Sending', 'OnlinePayment', '2005-06-05 04:55:37', '55353 Noemy Tunnel Apt. 662\nEast Tyrelfort, MN 09602');
INSERT INTO `Orders` (`ID`, `VendorID`, `CustomerID`, `Status`, `PaymentType`, `CreatedAt`, `DeliveryAddress`) VALUES (342, 12, 142, 'Delivered', 'CreditPayment', '2014-11-11 15:46:59', '948 Mike Junctions\nEast Alf, AR 47059-8661');
INSERT INTO `Orders` (`ID`, `VendorID`, `CustomerID`, `Status`, `PaymentType`, `CreatedAt`, `DeliveryAddress`) VALUES (343, 13, 143, 'Registered', 'CreditPayment', '1982-03-16 04:28:32', '7983 Collier Via Apt. 155\nEmeliafort, TN 40767-3550');
INSERT INTO `Orders` (`ID`, `VendorID`, `CustomerID`, `Status`, `PaymentType`, `CreatedAt`, `DeliveryAddress`) VALUES (344, 14, 144, 'Sending', 'OnlinePayment', '2017-12-01 00:41:18', '6935 Osinski Roads\nBahringerburgh, KS 92380-7921');
INSERT INTO `Orders` (`ID`, `VendorID`, `CustomerID`, `Status`, `PaymentType`, `CreatedAt`, `DeliveryAddress`) VALUES (345, 15, 145, 'Delivered', 'OnlinePayment', '1990-03-07 06:30:29', '26164 Santos Curve\nTremblayside, NY 99894');
INSERT INTO `Orders` (`ID`, `VendorID`, `CustomerID`, `Status`, `PaymentType`, `CreatedAt`, `DeliveryAddress`) VALUES (346, 1, 146, 'Delivered', 'OnlinePayment', '1991-09-23 12:14:29', '03137 Isai Key\nHarberville, SC 82705-7394');
INSERT INTO `Orders` (`ID`, `VendorID`, `CustomerID`, `Status`, `PaymentType`, `CreatedAt`, `DeliveryAddress`) VALUES (347, 2, 147, 'Delivered', 'CreditPayment', '2017-02-05 01:15:05', '202 Eladio Orchard\nPort Foster, TX 77530-9945');
INSERT INTO `Orders` (`ID`, `VendorID`, `CustomerID`, `Status`, `PaymentType`, `CreatedAt`, `DeliveryAddress`) VALUES (348, 3, 148, 'Delivered', 'CreditPayment', '1971-12-18 13:53:26', '7961 Hessel Circle\nMozellbury, RI 90051');
INSERT INTO `Orders` (`ID`, `VendorID`, `CustomerID`, `Status`, `PaymentType`, `CreatedAt`, `DeliveryAddress`) VALUES (349, 4, 149, 'Registered', 'OnlinePayment', '2018-09-11 06:46:35', '6645 Yadira Coves Apt. 798\nLake Marcos, WY 47633-9481');
INSERT INTO `Orders` (`ID`, `VendorID`, `CustomerID`, `Status`, `PaymentType`, `CreatedAt`, `DeliveryAddress`) VALUES (350, 5, 150, 'Delivered', 'CreditPayment', '1987-06-06 19:17:52', '9478 Jaylon Pass Apt. 455\nRomagueraton, AR 08384');
INSERT INTO `Orders` (`ID`, `VendorID`, `CustomerID`, `Status`, `PaymentType`, `CreatedAt`, `DeliveryAddress`) VALUES (351, 6, 151, 'Registered', 'OnlinePayment', '2010-09-25 16:20:34', '94062 Brandy Locks Suite 464\nFernport, SD 87198-1643');
INSERT INTO `Orders` (`ID`, `VendorID`, `CustomerID`, `Status`, `PaymentType`, `CreatedAt`, `DeliveryAddress`) VALUES (352, 7, 152, 'Delivered', 'OnlinePayment', '1998-01-03 05:01:06', '669 Providenci Hollow Apt. 723\nRueckerport, FL 69348');
INSERT INTO `Orders` (`ID`, `VendorID`, `CustomerID`, `Status`, `PaymentType`, `CreatedAt`, `DeliveryAddress`) VALUES (353, 8, 153, 'Delivered', 'CreditPayment', '1979-03-06 03:22:14', '68444 Rohan Locks Apt. 444\nSouth Mellie, GA 40414-6701');
INSERT INTO `Orders` (`ID`, `VendorID`, `CustomerID`, `Status`, `PaymentType`, `CreatedAt`, `DeliveryAddress`) VALUES (354, 9, 154, 'Registered', 'OnlinePayment', '1987-01-22 01:25:27', '79238 Pagac Creek\nRosaleehaven, IL 89491-1805');
INSERT INTO `Orders` (`ID`, `VendorID`, `CustomerID`, `Status`, `PaymentType`, `CreatedAt`, `DeliveryAddress`) VALUES (355, 10, 155, 'Delivered', 'CreditPayment', '2015-04-29 08:49:28', '21535 Cleveland Place Suite 587\nLake Shaina, DE 80146');
INSERT INTO `Orders` (`ID`, `VendorID`, `CustomerID`, `Status`, `PaymentType`, `CreatedAt`, `DeliveryAddress`) VALUES (356, 11, 156, 'Sending', 'OnlinePayment', '1984-04-28 00:31:58', '9477 Brandyn Expressway\nPort Karianne, NH 76542-1434');
INSERT INTO `Orders` (`ID`, `VendorID`, `CustomerID`, `Status`, `PaymentType`, `CreatedAt`, `DeliveryAddress`) VALUES (357, 12, 157, 'Registered', 'OnlinePayment', '1977-03-08 07:07:46', '5789 Nienow Cape Suite 475\nBrooksville, CA 23461');
INSERT INTO `Orders` (`ID`, `VendorID`, `CustomerID`, `Status`, `PaymentType`, `CreatedAt`, `DeliveryAddress`) VALUES (358, 13, 158, 'Delivered', 'CreditPayment', '2017-10-13 13:04:27', '406 Madilyn Grove\nNorth D\'angelofurt, CO 05447-1103');
INSERT INTO `Orders` (`ID`, `VendorID`, `CustomerID`, `Status`, `PaymentType`, `CreatedAt`, `DeliveryAddress`) VALUES (359, 14, 159, 'Registered', 'CreditPayment', '1993-06-25 00:44:05', '6664 Dorthy Springs Apt. 996\nPort Vena, MI 22548');
INSERT INTO `Orders` (`ID`, `VendorID`, `CustomerID`, `Status`, `PaymentType`, `CreatedAt`, `DeliveryAddress`) VALUES (360, 15, 160, 'Delivered', 'OnlinePayment', '2014-03-15 10:37:07', '91427 Huels Dam\nWest Emmy, OR 26256');
INSERT INTO `Orders` (`ID`, `VendorID`, `CustomerID`, `Status`, `PaymentType`, `CreatedAt`, `DeliveryAddress`) VALUES (361, 1, 161, 'Sending', 'OnlinePayment', '1976-02-24 02:48:32', '60501 Zboncak Motorway\nSouth Kayli, ND 55558-2947');
INSERT INTO `Orders` (`ID`, `VendorID`, `CustomerID`, `Status`, `PaymentType`, `CreatedAt`, `DeliveryAddress`) VALUES (362, 2, 162, 'Delivered', 'CreditPayment', '1986-03-28 11:20:15', '8744 Lakin Spurs Apt. 927\nStehrburgh, LA 86350');
INSERT INTO `Orders` (`ID`, `VendorID`, `CustomerID`, `Status`, `PaymentType`, `CreatedAt`, `DeliveryAddress`) VALUES (363, 3, 163, 'Sending', 'OnlinePayment', '1999-03-05 07:09:42', '3754 Murphy Rapid Apt. 601\nBorerstad, RI 01023');
INSERT INTO `Orders` (`ID`, `VendorID`, `CustomerID`, `Status`, `PaymentType`, `CreatedAt`, `DeliveryAddress`) VALUES (364, 4, 164, 'Sending', 'CreditPayment', '1996-12-10 02:22:57', '53776 Patience Mountains\nEmelyside, NY 31863-3842');
INSERT INTO `Orders` (`ID`, `VendorID`, `CustomerID`, `Status`, `PaymentType`, `CreatedAt`, `DeliveryAddress`) VALUES (365, 5, 165, 'Sending', 'CreditPayment', '2012-10-28 16:46:06', '92619 Turcotte Inlet\nEinomouth, IA 67555');
INSERT INTO `Orders` (`ID`, `VendorID`, `CustomerID`, `Status`, `PaymentType`, `CreatedAt`, `DeliveryAddress`) VALUES (366, 6, 166, 'Registered', 'CreditPayment', '2013-08-21 00:40:45', '7761 Helmer Manors Suite 458\nOndrickahaven, MI 22556');
INSERT INTO `Orders` (`ID`, `VendorID`, `CustomerID`, `Status`, `PaymentType`, `CreatedAt`, `DeliveryAddress`) VALUES (367, 7, 167, 'Sending', 'OnlinePayment', '1996-08-11 04:42:17', '0669 Christiansen Tunnel Apt. 724\nMauriceberg, WA 93567-4911');
INSERT INTO `Orders` (`ID`, `VendorID`, `CustomerID`, `Status`, `PaymentType`, `CreatedAt`, `DeliveryAddress`) VALUES (368, 8, 168, 'Delivered', 'CreditPayment', '2005-10-17 05:16:40', '5201 Stokes Lodge Apt. 771\nBednarfurt, WY 11927');
INSERT INTO `Orders` (`ID`, `VendorID`, `CustomerID`, `Status`, `PaymentType`, `CreatedAt`, `DeliveryAddress`) VALUES (369, 9, 169, 'Sending', 'CreditPayment', '2004-05-28 11:29:43', '7874 Lynn Flats Apt. 655\nPort Timothyshire, AK 10554');
INSERT INTO `Orders` (`ID`, `VendorID`, `CustomerID`, `Status`, `PaymentType`, `CreatedAt`, `DeliveryAddress`) VALUES (370, 10, 170, 'Delivered', 'OnlinePayment', '2012-05-28 08:06:28', '438 Cristian Avenue\nLake Humberto, WI 26172');
INSERT INTO `Orders` (`ID`, `VendorID`, `CustomerID`, `Status`, `PaymentType`, `CreatedAt`, `DeliveryAddress`) VALUES (371, 11, 171, 'Delivered', 'CreditPayment', '2018-05-10 23:51:49', '4508 Leanna Pines Apt. 385\nPort Hannamouth, OR 28251');
INSERT INTO `Orders` (`ID`, `VendorID`, `CustomerID`, `Status`, `PaymentType`, `CreatedAt`, `DeliveryAddress`) VALUES (372, 12, 172, 'Delivered', 'CreditPayment', '1997-05-01 16:54:17', '19134 Alfredo Mountain\nErichburgh, RI 16055');
INSERT INTO `Orders` (`ID`, `VendorID`, `CustomerID`, `Status`, `PaymentType`, `CreatedAt`, `DeliveryAddress`) VALUES (373, 13, 173, 'Delivered', 'CreditPayment', '1980-03-07 22:57:01', '084 Raegan Mission Apt. 878\nPort Lola, SC 57800');
INSERT INTO `Orders` (`ID`, `VendorID`, `CustomerID`, `Status`, `PaymentType`, `CreatedAt`, `DeliveryAddress`) VALUES (374, 14, 174, 'Sending', 'CreditPayment', '2017-11-01 14:23:24', '766 Upton River\nJuanachester, NE 16558');
INSERT INTO `Orders` (`ID`, `VendorID`, `CustomerID`, `Status`, `PaymentType`, `CreatedAt`, `DeliveryAddress`) VALUES (375, 15, 175, 'Sending', 'OnlinePayment', '1974-04-07 00:33:40', '57842 Goodwin Union\nBednarstad, SD 38539');
INSERT INTO `Orders` (`ID`, `VendorID`, `CustomerID`, `Status`, `PaymentType`, `CreatedAt`, `DeliveryAddress`) VALUES (376, 1, 176, 'Delivered', 'CreditPayment', '1982-08-01 05:57:17', '304 Moore Motorway\nNew Astridview, OR 57802-7013');
INSERT INTO `Orders` (`ID`, `VendorID`, `CustomerID`, `Status`, `PaymentType`, `CreatedAt`, `DeliveryAddress`) VALUES (377, 2, 177, 'Registered', 'CreditPayment', '1976-02-02 11:04:42', '2950 Medhurst Land\nLake Dockbury, WV 40278');
INSERT INTO `Orders` (`ID`, `VendorID`, `CustomerID`, `Status`, `PaymentType`, `CreatedAt`, `DeliveryAddress`) VALUES (378, 3, 178, 'Delivered', 'OnlinePayment', '2003-03-24 21:32:10', '462 Frida Ford Apt. 857\nSouth Annieland, NJ 60847');
INSERT INTO `Orders` (`ID`, `VendorID`, `CustomerID`, `Status`, `PaymentType`, `CreatedAt`, `DeliveryAddress`) VALUES (379, 4, 179, 'Registered', 'CreditPayment', '1970-12-02 05:58:25', '1177 Ransom Ways\nLeuschkemouth, MS 75703-0964');
INSERT INTO `Orders` (`ID`, `VendorID`, `CustomerID`, `Status`, `PaymentType`, `CreatedAt`, `DeliveryAddress`) VALUES (380, 5, 180, 'Delivered', 'CreditPayment', '1996-08-02 16:39:43', '4783 Muriel Stravenue\nNovabury, MI 72972');
INSERT INTO `Orders` (`ID`, `VendorID`, `CustomerID`, `Status`, `PaymentType`, `CreatedAt`, `DeliveryAddress`) VALUES (381, 6, 181, 'Delivered', 'CreditPayment', '2000-09-25 08:44:26', '755 Reyna Wells Apt. 867\nVandervortfort, ND 63470');
INSERT INTO `Orders` (`ID`, `VendorID`, `CustomerID`, `Status`, `PaymentType`, `CreatedAt`, `DeliveryAddress`) VALUES (382, 7, 182, 'Delivered', 'OnlinePayment', '1971-06-22 18:03:13', '39564 Kub Hollow Apt. 204\nNew Leonelchester, NV 60298-9026');
INSERT INTO `Orders` (`ID`, `VendorID`, `CustomerID`, `Status`, `PaymentType`, `CreatedAt`, `DeliveryAddress`) VALUES (383, 8, 183, 'Registered', 'OnlinePayment', '2000-04-22 18:47:35', '640 Tony Mountain Apt. 878\nLake Zion, GA 67940-2888');
INSERT INTO `Orders` (`ID`, `VendorID`, `CustomerID`, `Status`, `PaymentType`, `CreatedAt`, `DeliveryAddress`) VALUES (384, 9, 184, 'Delivered', 'OnlinePayment', '1997-08-16 23:06:48', '738 Fanny Square Apt. 330\nNorth Corrineshire, DE 56741-8533');
INSERT INTO `Orders` (`ID`, `VendorID`, `CustomerID`, `Status`, `PaymentType`, `CreatedAt`, `DeliveryAddress`) VALUES (385, 10, 185, 'Delivered', 'OnlinePayment', '1978-05-23 20:20:40', '40929 Hills Stream\nEast Makayla, NE 84901-8424');
INSERT INTO `Orders` (`ID`, `VendorID`, `CustomerID`, `Status`, `PaymentType`, `CreatedAt`, `DeliveryAddress`) VALUES (386, 11, 186, 'Delivered', 'CreditPayment', '1992-02-10 23:09:24', '09467 Champlin Locks\nNorth Marlinborough, LA 67695-8353');
INSERT INTO `Orders` (`ID`, `VendorID`, `CustomerID`, `Status`, `PaymentType`, `CreatedAt`, `DeliveryAddress`) VALUES (387, 12, 187, 'Delivered', 'OnlinePayment', '1975-09-27 10:15:14', '5106 Pfannerstill Square\nLake Josiah, CO 98769');
INSERT INTO `Orders` (`ID`, `VendorID`, `CustomerID`, `Status`, `PaymentType`, `CreatedAt`, `DeliveryAddress`) VALUES (388, 13, 188, 'Sending', 'CreditPayment', '1984-01-17 06:11:39', '751 Rogahn Crescent Apt. 241\nMcLaughlinberg, IA 78503');
INSERT INTO `Orders` (`ID`, `VendorID`, `CustomerID`, `Status`, `PaymentType`, `CreatedAt`, `DeliveryAddress`) VALUES (389, 14, 189, 'Registered', 'OnlinePayment', '1973-02-11 05:48:18', '8227 Sharon Plains Suite 287\nNorth Joanashire, PA 02356');
INSERT INTO `Orders` (`ID`, `VendorID`, `CustomerID`, `Status`, `PaymentType`, `CreatedAt`, `DeliveryAddress`) VALUES (390, 15, 190, 'Delivered', 'OnlinePayment', '2002-05-16 21:55:20', '190 Thompson Tunnel\nNew Demariochester, KS 17714-5642');
INSERT INTO `Orders` (`ID`, `VendorID`, `CustomerID`, `Status`, `PaymentType`, `CreatedAt`, `DeliveryAddress`) VALUES (391, 1, 191, 'Delivered', 'CreditPayment', '1970-06-06 00:43:38', '6959 Braeden Gardens Suite 065\nNew Gracemouth, RI 56863');
INSERT INTO `Orders` (`ID`, `VendorID`, `CustomerID`, `Status`, `PaymentType`, `CreatedAt`, `DeliveryAddress`) VALUES (392, 2, 192, 'Registered', 'OnlinePayment', '2016-06-20 00:17:02', '1292 Crist Shoal Suite 959\nAntoniettaland, FL 09744-5711');
INSERT INTO `Orders` (`ID`, `VendorID`, `CustomerID`, `Status`, `PaymentType`, `CreatedAt`, `DeliveryAddress`) VALUES (393, 3, 193, 'Sending', 'OnlinePayment', '2009-12-04 03:02:54', '1436 Aleen Key Apt. 451\nSchulistton, KS 96714-4367');
INSERT INTO `Orders` (`ID`, `VendorID`, `CustomerID`, `Status`, `PaymentType`, `CreatedAt`, `DeliveryAddress`) VALUES (394, 4, 194, 'Sending', 'CreditPayment', '1996-04-25 14:30:00', '291 Mireille Ridge Apt. 945\nSouth Ben, OH 98673-1480');
INSERT INTO `Orders` (`ID`, `VendorID`, `CustomerID`, `Status`, `PaymentType`, `CreatedAt`, `DeliveryAddress`) VALUES (395, 5, 195, 'Sending', 'OnlinePayment', '1983-07-29 14:12:20', '0547 Ahmed Fort\nPort Domenica, HI 15227');
INSERT INTO `Orders` (`ID`, `VendorID`, `CustomerID`, `Status`, `PaymentType`, `CreatedAt`, `DeliveryAddress`) VALUES (396, 6, 196, 'Registered', 'OnlinePayment', '1978-02-11 08:42:49', '3629 Schulist Parkway Suite 532\nKaylahbury, DC 91628');
INSERT INTO `Orders` (`ID`, `VendorID`, `CustomerID`, `Status`, `PaymentType`, `CreatedAt`, `DeliveryAddress`) VALUES (397, 7, 197, 'Delivered', 'OnlinePayment', '1977-01-24 12:20:53', '16818 Ritchie Mountain\nImeldaton, VT 63262-9268');
INSERT INTO `Orders` (`ID`, `VendorID`, `CustomerID`, `Status`, `PaymentType`, `CreatedAt`, `DeliveryAddress`) VALUES (398, 8, 198, 'Delivered', 'OnlinePayment', '2002-03-16 00:05:58', '061 Greenfelder Light\nGwenbury, MD 48726-8450');
INSERT INTO `Orders` (`ID`, `VendorID`, `CustomerID`, `Status`, `PaymentType`, `CreatedAt`, `DeliveryAddress`) VALUES (399, 9, 199, 'Delivered', 'CreditPayment', '2001-11-07 18:47:22', '1256 Emanuel Course\nNew Pablo, OH 20006-3246');
INSERT INTO `Orders` (`ID`, `VendorID`, `CustomerID`, `Status`, `PaymentType`, `CreatedAt`, `DeliveryAddress`) VALUES (400, 10, 200, 'Delivered', 'OnlinePayment', '2002-11-06 21:54:51', '37029 Towne Mountains\nShaniyamouth, CO 01822');
INSERT INTO `Orders` (`ID`, `VendorID`, `CustomerID`, `Status`, `PaymentType`, `CreatedAt`, `DeliveryAddress`) VALUES (401, 11, 1, 'Delivered', 'CreditPayment', '1984-12-31 16:44:03', '0559 Micaela Rapids\nPort Joyce, AR 79459-5053');
INSERT INTO `Orders` (`ID`, `VendorID`, `CustomerID`, `Status`, `PaymentType`, `CreatedAt`, `DeliveryAddress`) VALUES (402, 12, 2, 'Registered', 'OnlinePayment', '1993-08-20 00:54:47', '119 Nat Valley\nPort Keanustad, MS 90055');
INSERT INTO `Orders` (`ID`, `VendorID`, `CustomerID`, `Status`, `PaymentType`, `CreatedAt`, `DeliveryAddress`) VALUES (403, 13, 3, 'Delivered', 'OnlinePayment', '2017-12-05 14:12:27', '747 Amalia Corners\nNew Enid, NJ 48094');
INSERT INTO `Orders` (`ID`, `VendorID`, `CustomerID`, `Status`, `PaymentType`, `CreatedAt`, `DeliveryAddress`) VALUES (404, 14, 4, 'Sending', 'OnlinePayment', '1986-11-06 16:45:17', '5039 Mante Harbor Suite 280\nLangoshton, GA 60603-7845');
INSERT INTO `Orders` (`ID`, `VendorID`, `CustomerID`, `Status`, `PaymentType`, `CreatedAt`, `DeliveryAddress`) VALUES (405, 15, 5, 'Delivered', 'OnlinePayment', '1986-04-24 06:14:45', '55483 Mitchell Loop\nKuhnfurt, ID 40824');
INSERT INTO `Orders` (`ID`, `VendorID`, `CustomerID`, `Status`, `PaymentType`, `CreatedAt`, `DeliveryAddress`) VALUES (406, 1, 6, 'Registered', 'OnlinePayment', '1987-06-04 16:03:34', '40146 Antoinette Mills Suite 295\nDewittstad, MT 78065');
INSERT INTO `Orders` (`ID`, `VendorID`, `CustomerID`, `Status`, `PaymentType`, `CreatedAt`, `DeliveryAddress`) VALUES (407, 2, 7, 'Sending', 'OnlinePayment', '2007-12-04 22:07:04', '39647 Altenwerth Run\nTressaview, IA 51397-5662');
INSERT INTO `Orders` (`ID`, `VendorID`, `CustomerID`, `Status`, `PaymentType`, `CreatedAt`, `DeliveryAddress`) VALUES (408, 3, 8, 'Sending', 'CreditPayment', '1970-09-05 21:41:38', '79141 Marietta Bridge\nFranciscoberg, NM 31619-7810');
INSERT INTO `Orders` (`ID`, `VendorID`, `CustomerID`, `Status`, `PaymentType`, `CreatedAt`, `DeliveryAddress`) VALUES (409, 4, 9, 'Delivered', 'CreditPayment', '1991-05-09 05:13:09', '8082 Schowalter Lock Suite 548\nNew Christophe, CT 81094');
INSERT INTO `Orders` (`ID`, `VendorID`, `CustomerID`, `Status`, `PaymentType`, `CreatedAt`, `DeliveryAddress`) VALUES (410, 5, 10, 'Registered', 'CreditPayment', '1987-11-23 13:14:58', '61646 Annie Island\nNorth Furman, MA 73615-2025');
INSERT INTO `Orders` (`ID`, `VendorID`, `CustomerID`, `Status`, `PaymentType`, `CreatedAt`, `DeliveryAddress`) VALUES (411, 6, 11, 'Registered', 'CreditPayment', '1983-03-24 23:54:04', '8227 Tabitha Drives Suite 511\nKyleighbury, MT 42766-5346');
INSERT INTO `Orders` (`ID`, `VendorID`, `CustomerID`, `Status`, `PaymentType`, `CreatedAt`, `DeliveryAddress`) VALUES (412, 7, 12, 'Delivered', 'CreditPayment', '2016-03-16 04:24:42', '52914 Tatyana Shoals\nWest Tyreseberg, KS 39266-5492');
INSERT INTO `Orders` (`ID`, `VendorID`, `CustomerID`, `Status`, `PaymentType`, `CreatedAt`, `DeliveryAddress`) VALUES (413, 8, 13, 'Delivered', 'OnlinePayment', '1991-09-16 11:14:41', '5369 Jessika Mountain Suite 781\nLaurenfort, MN 55058-7946');
INSERT INTO `Orders` (`ID`, `VendorID`, `CustomerID`, `Status`, `PaymentType`, `CreatedAt`, `DeliveryAddress`) VALUES (414, 9, 14, 'Delivered', 'OnlinePayment', '2013-08-18 09:39:30', '575 McGlynn Parkway\nClevelandton, AR 98649');
INSERT INTO `Orders` (`ID`, `VendorID`, `CustomerID`, `Status`, `PaymentType`, `CreatedAt`, `DeliveryAddress`) VALUES (415, 10, 15, 'Delivered', 'CreditPayment', '2006-08-25 01:29:18', '1183 Manley Inlet Suite 486\nSouth Bettyeberg, NH 19563');
INSERT INTO `Orders` (`ID`, `VendorID`, `CustomerID`, `Status`, `PaymentType`, `CreatedAt`, `DeliveryAddress`) VALUES (416, 11, 16, 'Sending', 'CreditPayment', '2016-12-03 23:32:02', '96335 Lang Mountain Apt. 217\nNorth Lelahton, WV 18185');
INSERT INTO `Orders` (`ID`, `VendorID`, `CustomerID`, `Status`, `PaymentType`, `CreatedAt`, `DeliveryAddress`) VALUES (417, 12, 17, 'Sending', 'OnlinePayment', '2008-01-08 03:57:17', '52996 Chad Center\nWatersmouth, TX 72144');
INSERT INTO `Orders` (`ID`, `VendorID`, `CustomerID`, `Status`, `PaymentType`, `CreatedAt`, `DeliveryAddress`) VALUES (418, 13, 18, 'Sending', 'OnlinePayment', '1992-11-05 16:43:15', '05857 Devonte Rue\nYolandamouth, ME 55784');
INSERT INTO `Orders` (`ID`, `VendorID`, `CustomerID`, `Status`, `PaymentType`, `CreatedAt`, `DeliveryAddress`) VALUES (419, 14, 19, 'Registered', 'CreditPayment', '2005-03-14 06:51:13', '15281 Janie Pines\nLake Zionchester, IA 48013');
INSERT INTO `Orders` (`ID`, `VendorID`, `CustomerID`, `Status`, `PaymentType`, `CreatedAt`, `DeliveryAddress`) VALUES (420, 15, 20, 'Registered', 'OnlinePayment', '1995-09-30 12:40:44', '2324 Hickle Haven Suite 094\nChristopherport, MS 87308');
INSERT INTO `Orders` (`ID`, `VendorID`, `CustomerID`, `Status`, `PaymentType`, `CreatedAt`, `DeliveryAddress`) VALUES (421, 1, 21, 'Delivered', 'CreditPayment', '1996-04-04 05:05:16', '4115 Hilpert Plain\nNorth Candace, NC 31940');
INSERT INTO `Orders` (`ID`, `VendorID`, `CustomerID`, `Status`, `PaymentType`, `CreatedAt`, `DeliveryAddress`) VALUES (422, 2, 22, 'Delivered', 'OnlinePayment', '1979-01-21 11:47:22', '05928 Kautzer Turnpike\nPort Wadehaven, WY 49658');
INSERT INTO `Orders` (`ID`, `VendorID`, `CustomerID`, `Status`, `PaymentType`, `CreatedAt`, `DeliveryAddress`) VALUES (423, 3, 23, 'Registered', 'CreditPayment', '2006-05-05 02:33:36', '751 Haylee Pike\nJerodton, FL 45528-7217');
INSERT INTO `Orders` (`ID`, `VendorID`, `CustomerID`, `Status`, `PaymentType`, `CreatedAt`, `DeliveryAddress`) VALUES (424, 4, 24, 'Registered', 'OnlinePayment', '2000-09-19 09:01:26', '73462 Jaylin Knolls Suite 313\nEladioland, NC 85442');
INSERT INTO `Orders` (`ID`, `VendorID`, `CustomerID`, `Status`, `PaymentType`, `CreatedAt`, `DeliveryAddress`) VALUES (425, 5, 25, 'Delivered', 'CreditPayment', '2012-04-17 10:48:37', '6385 Schiller Islands Apt. 575\nDoyletown, ND 03433-1264');
INSERT INTO `Orders` (`ID`, `VendorID`, `CustomerID`, `Status`, `PaymentType`, `CreatedAt`, `DeliveryAddress`) VALUES (426, 6, 26, 'Delivered', 'OnlinePayment', '1987-10-21 23:56:08', '7492 Sauer Roads\nNew Preciousport, FL 50584');
INSERT INTO `Orders` (`ID`, `VendorID`, `CustomerID`, `Status`, `PaymentType`, `CreatedAt`, `DeliveryAddress`) VALUES (427, 7, 27, 'Delivered', 'CreditPayment', '1999-11-17 14:11:25', '238 Ullrich Motorway Suite 989\nLadariusfort, OR 91278');
INSERT INTO `Orders` (`ID`, `VendorID`, `CustomerID`, `Status`, `PaymentType`, `CreatedAt`, `DeliveryAddress`) VALUES (428, 8, 28, 'Delivered', 'OnlinePayment', '1995-07-22 11:59:53', '7662 Toy Wall\nEast Saulfort, CA 65215-0802');
INSERT INTO `Orders` (`ID`, `VendorID`, `CustomerID`, `Status`, `PaymentType`, `CreatedAt`, `DeliveryAddress`) VALUES (429, 9, 29, 'Registered', 'CreditPayment', '1980-03-04 03:10:52', '2235 Hermiston Common Suite 647\nOtisland, MA 22159');
INSERT INTO `Orders` (`ID`, `VendorID`, `CustomerID`, `Status`, `PaymentType`, `CreatedAt`, `DeliveryAddress`) VALUES (430, 10, 30, 'Delivered', 'OnlinePayment', '2004-06-27 14:36:15', '479 Hagenes Lane\nSouth Goldaberg, WA 11803');
INSERT INTO `Orders` (`ID`, `VendorID`, `CustomerID`, `Status`, `PaymentType`, `CreatedAt`, `DeliveryAddress`) VALUES (431, 11, 31, 'Delivered', 'CreditPayment', '1982-04-03 00:15:39', '39155 Parisian Views Apt. 154\nBradtkeside, CT 75262');
INSERT INTO `Orders` (`ID`, `VendorID`, `CustomerID`, `Status`, `PaymentType`, `CreatedAt`, `DeliveryAddress`) VALUES (432, 12, 32, 'Registered', 'CreditPayment', '1972-06-02 23:04:42', '3627 Pacocha Stream\nNew Antoinettehaven, KS 70241-1947');
INSERT INTO `Orders` (`ID`, `VendorID`, `CustomerID`, `Status`, `PaymentType`, `CreatedAt`, `DeliveryAddress`) VALUES (433, 13, 33, 'Delivered', 'OnlinePayment', '1985-05-22 04:11:15', '4910 Hagenes Court\nNew Christastad, AZ 37213-4742');
INSERT INTO `Orders` (`ID`, `VendorID`, `CustomerID`, `Status`, `PaymentType`, `CreatedAt`, `DeliveryAddress`) VALUES (434, 14, 34, 'Delivered', 'OnlinePayment', '2015-03-13 04:37:22', '3577 Kailee Lakes Suite 236\nSamantabury, AK 41060');
INSERT INTO `Orders` (`ID`, `VendorID`, `CustomerID`, `Status`, `PaymentType`, `CreatedAt`, `DeliveryAddress`) VALUES (435, 15, 35, 'Registered', 'CreditPayment', '2001-05-14 08:55:14', '0624 Strosin Ranch Suite 983\nNorth Haleightown, OH 28902-8510');
INSERT INTO `Orders` (`ID`, `VendorID`, `CustomerID`, `Status`, `PaymentType`, `CreatedAt`, `DeliveryAddress`) VALUES (436, 1, 36, 'Sending', 'CreditPayment', '2016-03-22 21:00:31', '8480 Tierra Pine\nTressiefort, WA 59806-7928');
INSERT INTO `Orders` (`ID`, `VendorID`, `CustomerID`, `Status`, `PaymentType`, `CreatedAt`, `DeliveryAddress`) VALUES (437, 2, 37, 'Sending', 'OnlinePayment', '2011-01-27 13:10:54', '3590 Cade Highway\nBergnaumhaven, AZ 28597');
INSERT INTO `Orders` (`ID`, `VendorID`, `CustomerID`, `Status`, `PaymentType`, `CreatedAt`, `DeliveryAddress`) VALUES (438, 3, 38, 'Sending', 'CreditPayment', '1972-03-07 17:47:36', '6629 Katelin Mills Apt. 973\nZiemannside, NE 21718-3663');
INSERT INTO `Orders` (`ID`, `VendorID`, `CustomerID`, `Status`, `PaymentType`, `CreatedAt`, `DeliveryAddress`) VALUES (439, 4, 39, 'Sending', 'CreditPayment', '1982-09-22 14:51:32', '287 Gutkowski Extensions\nEstelfurt, ND 50872');
INSERT INTO `Orders` (`ID`, `VendorID`, `CustomerID`, `Status`, `PaymentType`, `CreatedAt`, `DeliveryAddress`) VALUES (440, 5, 40, 'Delivered', 'CreditPayment', '2014-12-12 23:42:52', '565 Rozella Grove\nBeattyberg, ND 63414');
INSERT INTO `Orders` (`ID`, `VendorID`, `CustomerID`, `Status`, `PaymentType`, `CreatedAt`, `DeliveryAddress`) VALUES (441, 6, 41, 'Delivered', 'CreditPayment', '1998-08-24 09:01:43', '738 Legros Corner Apt. 335\nWest Elnamouth, WA 87456-5273');
INSERT INTO `Orders` (`ID`, `VendorID`, `CustomerID`, `Status`, `PaymentType`, `CreatedAt`, `DeliveryAddress`) VALUES (442, 7, 42, 'Registered', 'CreditPayment', '1970-11-18 08:23:01', '395 Grace Flat Apt. 696\nMontyhaven, VA 34019-2571');
INSERT INTO `Orders` (`ID`, `VendorID`, `CustomerID`, `Status`, `PaymentType`, `CreatedAt`, `DeliveryAddress`) VALUES (443, 8, 43, 'Delivered', 'CreditPayment', '1976-02-21 17:54:37', '89527 Dicki Square\nCarmenmouth, NY 04824-7420');
INSERT INTO `Orders` (`ID`, `VendorID`, `CustomerID`, `Status`, `PaymentType`, `CreatedAt`, `DeliveryAddress`) VALUES (444, 9, 44, 'Sending', 'OnlinePayment', '2016-05-07 01:40:17', '6245 Jude Summit Apt. 988\nWest Velma, ND 11470');
INSERT INTO `Orders` (`ID`, `VendorID`, `CustomerID`, `Status`, `PaymentType`, `CreatedAt`, `DeliveryAddress`) VALUES (445, 10, 45, 'Sending', 'OnlinePayment', '1992-03-26 01:12:44', '3433 Mafalda Ways Apt. 546\nLake Christellestad, VA 26175');
INSERT INTO `Orders` (`ID`, `VendorID`, `CustomerID`, `Status`, `PaymentType`, `CreatedAt`, `DeliveryAddress`) VALUES (446, 11, 46, 'Sending', 'OnlinePayment', '1991-06-10 13:26:10', '50234 Caitlyn Avenue Suite 080\nNew Lance, WV 61409');
INSERT INTO `Orders` (`ID`, `VendorID`, `CustomerID`, `Status`, `PaymentType`, `CreatedAt`, `DeliveryAddress`) VALUES (447, 12, 47, 'Sending', 'OnlinePayment', '1981-12-28 02:08:48', '19454 Kirstin Club\nDouglasburgh, WA 58109-9683');
INSERT INTO `Orders` (`ID`, `VendorID`, `CustomerID`, `Status`, `PaymentType`, `CreatedAt`, `DeliveryAddress`) VALUES (448, 13, 48, 'Sending', 'OnlinePayment', '1988-05-17 19:21:48', '93981 Miller Harbors Apt. 689\nKosshaven, NH 70008');
INSERT INTO `Orders` (`ID`, `VendorID`, `CustomerID`, `Status`, `PaymentType`, `CreatedAt`, `DeliveryAddress`) VALUES (449, 14, 49, 'Delivered', 'OnlinePayment', '1990-12-01 04:57:59', '4799 Monique Mission\nWest Myriam, TN 64984');
INSERT INTO `Orders` (`ID`, `VendorID`, `CustomerID`, `Status`, `PaymentType`, `CreatedAt`, `DeliveryAddress`) VALUES (450, 15, 50, 'Registered', 'CreditPayment', '1996-06-25 11:19:05', '430 Robel Port Apt. 181\nWildermanville, DE 20731-2718');
INSERT INTO `Orders` (`ID`, `VendorID`, `CustomerID`, `Status`, `PaymentType`, `CreatedAt`, `DeliveryAddress`) VALUES (451, 1, 51, 'Registered', 'OnlinePayment', '2018-11-06 16:24:00', '428 Lubowitz Turnpike\nEast Estella, ND 74671-9645');
INSERT INTO `Orders` (`ID`, `VendorID`, `CustomerID`, `Status`, `PaymentType`, `CreatedAt`, `DeliveryAddress`) VALUES (452, 2, 52, 'Delivered', 'CreditPayment', '1994-08-10 16:24:05', '123 Sanford Run Suite 932\nEast Leifside, MA 20765-8921');
INSERT INTO `Orders` (`ID`, `VendorID`, `CustomerID`, `Status`, `PaymentType`, `CreatedAt`, `DeliveryAddress`) VALUES (453, 3, 53, 'Delivered', 'OnlinePayment', '1981-10-18 11:49:03', '1924 Erich Pines Apt. 661\nNikitaborough, TN 68791');
INSERT INTO `Orders` (`ID`, `VendorID`, `CustomerID`, `Status`, `PaymentType`, `CreatedAt`, `DeliveryAddress`) VALUES (454, 4, 54, 'Delivered', 'CreditPayment', '1974-10-29 01:04:53', '8558 Langworth Park Suite 462\nMarlenestad, FL 71939');
INSERT INTO `Orders` (`ID`, `VendorID`, `CustomerID`, `Status`, `PaymentType`, `CreatedAt`, `DeliveryAddress`) VALUES (455, 5, 55, 'Sending', 'OnlinePayment', '2014-08-23 17:26:09', '25520 Bednar Stream\nWest Hattieside, MN 48123');
INSERT INTO `Orders` (`ID`, `VendorID`, `CustomerID`, `Status`, `PaymentType`, `CreatedAt`, `DeliveryAddress`) VALUES (456, 6, 56, 'Delivered', 'CreditPayment', '1972-10-01 17:08:12', '6798 Maci Viaduct Apt. 711\nBernieceport, OH 42791-3484');
INSERT INTO `Orders` (`ID`, `VendorID`, `CustomerID`, `Status`, `PaymentType`, `CreatedAt`, `DeliveryAddress`) VALUES (457, 7, 57, 'Sending', 'CreditPayment', '2007-01-01 01:20:36', '635 Hector Wall Apt. 081\nKyleighton, MA 97429-2151');
INSERT INTO `Orders` (`ID`, `VendorID`, `CustomerID`, `Status`, `PaymentType`, `CreatedAt`, `DeliveryAddress`) VALUES (458, 8, 58, 'Registered', 'CreditPayment', '1980-10-07 07:16:56', '4411 Funk Isle\nMaziemouth, WY 64940');
INSERT INTO `Orders` (`ID`, `VendorID`, `CustomerID`, `Status`, `PaymentType`, `CreatedAt`, `DeliveryAddress`) VALUES (459, 9, 59, 'Delivered', 'OnlinePayment', '2008-06-05 14:38:40', '756 Jon Branch\nDoloresmouth, HI 70520-9169');
INSERT INTO `Orders` (`ID`, `VendorID`, `CustomerID`, `Status`, `PaymentType`, `CreatedAt`, `DeliveryAddress`) VALUES (460, 10, 60, 'Registered', 'OnlinePayment', '2015-04-10 00:51:09', '8637 Bayer Field\nGudrunville, VA 16698-2178');
INSERT INTO `Orders` (`ID`, `VendorID`, `CustomerID`, `Status`, `PaymentType`, `CreatedAt`, `DeliveryAddress`) VALUES (461, 11, 61, 'Registered', 'OnlinePayment', '1987-09-18 13:55:31', '252 Cummings Glens\nShannyberg, KS 05130-7009');
INSERT INTO `Orders` (`ID`, `VendorID`, `CustomerID`, `Status`, `PaymentType`, `CreatedAt`, `DeliveryAddress`) VALUES (462, 12, 62, 'Sending', 'OnlinePayment', '2005-02-01 11:22:13', '9029 West Shore Suite 941\nWest Gladysland, CA 42724-5902');
INSERT INTO `Orders` (`ID`, `VendorID`, `CustomerID`, `Status`, `PaymentType`, `CreatedAt`, `DeliveryAddress`) VALUES (463, 13, 63, 'Sending', 'CreditPayment', '1997-02-08 19:25:16', '728 Justus Islands Apt. 502\nNorth Tyler, OR 21268');
INSERT INTO `Orders` (`ID`, `VendorID`, `CustomerID`, `Status`, `PaymentType`, `CreatedAt`, `DeliveryAddress`) VALUES (464, 14, 64, 'Delivered', 'OnlinePayment', '2000-08-21 12:01:02', '84671 Arch Fall Apt. 698\nNorth Lauryn, CT 88814');
INSERT INTO `Orders` (`ID`, `VendorID`, `CustomerID`, `Status`, `PaymentType`, `CreatedAt`, `DeliveryAddress`) VALUES (465, 15, 65, 'Registered', 'OnlinePayment', '2001-09-14 10:40:17', '50896 Beer Centers Apt. 577\nNew Hazel, OR 51164');
INSERT INTO `Orders` (`ID`, `VendorID`, `CustomerID`, `Status`, `PaymentType`, `CreatedAt`, `DeliveryAddress`) VALUES (466, 1, 66, 'Sending', 'OnlinePayment', '2011-08-30 11:22:15', '86479 O\'Conner Corner\nTownehaven, KS 66803-4137');
INSERT INTO `Orders` (`ID`, `VendorID`, `CustomerID`, `Status`, `PaymentType`, `CreatedAt`, `DeliveryAddress`) VALUES (467, 2, 67, 'Registered', 'CreditPayment', '2017-08-19 20:45:20', '197 Robel Oval\nKuphalhaven, CA 20817');
INSERT INTO `Orders` (`ID`, `VendorID`, `CustomerID`, `Status`, `PaymentType`, `CreatedAt`, `DeliveryAddress`) VALUES (468, 3, 68, 'Delivered', 'CreditPayment', '1978-01-20 08:43:29', '5999 Monahan Club Suite 489\nElvaland, HI 36896');
INSERT INTO `Orders` (`ID`, `VendorID`, `CustomerID`, `Status`, `PaymentType`, `CreatedAt`, `DeliveryAddress`) VALUES (469, 4, 69, 'Sending', 'OnlinePayment', '2005-04-17 23:14:09', '9955 Judson Knolls\nDickitown, MD 16755');
INSERT INTO `Orders` (`ID`, `VendorID`, `CustomerID`, `Status`, `PaymentType`, `CreatedAt`, `DeliveryAddress`) VALUES (470, 5, 70, 'Delivered', 'OnlinePayment', '2010-03-22 09:02:42', '32343 Mikayla Greens\nLake Blancafort, IL 77006-5803');
INSERT INTO `Orders` (`ID`, `VendorID`, `CustomerID`, `Status`, `PaymentType`, `CreatedAt`, `DeliveryAddress`) VALUES (471, 6, 71, 'Sending', 'OnlinePayment', '2003-08-25 13:10:56', '61734 Labadie Points Suite 299\nNorth Niaville, ID 28049-4693');
INSERT INTO `Orders` (`ID`, `VendorID`, `CustomerID`, `Status`, `PaymentType`, `CreatedAt`, `DeliveryAddress`) VALUES (472, 7, 72, 'Delivered', 'CreditPayment', '1975-07-07 09:15:04', '358 Ebert Expressway\nReillyfurt, LA 64502-8665');
INSERT INTO `Orders` (`ID`, `VendorID`, `CustomerID`, `Status`, `PaymentType`, `CreatedAt`, `DeliveryAddress`) VALUES (473, 8, 73, 'Registered', 'CreditPayment', '2002-12-14 12:13:52', '447 Towne Canyon\nTrinityport, CA 19011');
INSERT INTO `Orders` (`ID`, `VendorID`, `CustomerID`, `Status`, `PaymentType`, `CreatedAt`, `DeliveryAddress`) VALUES (474, 9, 74, 'Sending', 'CreditPayment', '2010-10-19 19:57:44', '31276 Weissnat Ranch Suite 860\nHomenickshire, DE 56145');
INSERT INTO `Orders` (`ID`, `VendorID`, `CustomerID`, `Status`, `PaymentType`, `CreatedAt`, `DeliveryAddress`) VALUES (475, 10, 75, 'Sending', 'CreditPayment', '2014-03-14 00:37:29', '686 Bernie Stravenue\nNew Osborneton, AZ 05745-9550');
INSERT INTO `Orders` (`ID`, `VendorID`, `CustomerID`, `Status`, `PaymentType`, `CreatedAt`, `DeliveryAddress`) VALUES (476, 11, 76, 'Delivered', 'OnlinePayment', '2004-04-30 10:52:42', '8188 Domenic Curve Suite 821\nStephaniahaven, HI 49048');
INSERT INTO `Orders` (`ID`, `VendorID`, `CustomerID`, `Status`, `PaymentType`, `CreatedAt`, `DeliveryAddress`) VALUES (477, 12, 77, 'Sending', 'CreditPayment', '1983-03-31 20:50:04', '337 Laisha Trafficway Apt. 386\nNatberg, HI 65286-4495');
INSERT INTO `Orders` (`ID`, `VendorID`, `CustomerID`, `Status`, `PaymentType`, `CreatedAt`, `DeliveryAddress`) VALUES (478, 13, 78, 'Registered', 'OnlinePayment', '1987-09-27 12:36:32', '385 Metz Islands\nLake Maxie, WY 59511');
INSERT INTO `Orders` (`ID`, `VendorID`, `CustomerID`, `Status`, `PaymentType`, `CreatedAt`, `DeliveryAddress`) VALUES (479, 14, 79, 'Registered', 'OnlinePayment', '1972-06-20 19:01:08', '7901 Hilda Ridge\nSouth Serenachester, SC 75511');
INSERT INTO `Orders` (`ID`, `VendorID`, `CustomerID`, `Status`, `PaymentType`, `CreatedAt`, `DeliveryAddress`) VALUES (480, 15, 80, 'Registered', 'OnlinePayment', '1970-10-21 11:49:54', '336 Cummerata Summit\nPort Nikita, KY 64532');
INSERT INTO `Orders` (`ID`, `VendorID`, `CustomerID`, `Status`, `PaymentType`, `CreatedAt`, `DeliveryAddress`) VALUES (481, 1, 81, 'Delivered', 'CreditPayment', '1991-09-19 06:33:23', '2187 Steve Freeway Suite 049\nPort Reginaldville, NE 99898-7274');
INSERT INTO `Orders` (`ID`, `VendorID`, `CustomerID`, `Status`, `PaymentType`, `CreatedAt`, `DeliveryAddress`) VALUES (482, 2, 82, 'Delivered', 'OnlinePayment', '1977-02-01 16:23:02', '234 Marvin Hollow\nEast Kolbyview, MO 81823-1956');
INSERT INTO `Orders` (`ID`, `VendorID`, `CustomerID`, `Status`, `PaymentType`, `CreatedAt`, `DeliveryAddress`) VALUES (483, 3, 83, 'Sending', 'OnlinePayment', '1977-03-19 03:06:14', '728 Lueilwitz Vista\nNew Craigbury, AK 15082');
INSERT INTO `Orders` (`ID`, `VendorID`, `CustomerID`, `Status`, `PaymentType`, `CreatedAt`, `DeliveryAddress`) VALUES (484, 4, 84, 'Registered', 'OnlinePayment', '2014-07-19 05:40:42', '980 Morar Village\nRubieburgh, VT 25504');
INSERT INTO `Orders` (`ID`, `VendorID`, `CustomerID`, `Status`, `PaymentType`, `CreatedAt`, `DeliveryAddress`) VALUES (485, 5, 85, 'Delivered', 'CreditPayment', '1971-01-16 09:11:13', '64726 Leffler Extensions Apt. 415\nBoscoport, CO 05564-0644');
INSERT INTO `Orders` (`ID`, `VendorID`, `CustomerID`, `Status`, `PaymentType`, `CreatedAt`, `DeliveryAddress`) VALUES (486, 6, 86, 'Delivered', 'OnlinePayment', '1984-05-03 03:57:22', '0260 Lehner Courts\nTaniabury, DE 17282');
INSERT INTO `Orders` (`ID`, `VendorID`, `CustomerID`, `Status`, `PaymentType`, `CreatedAt`, `DeliveryAddress`) VALUES (487, 7, 87, 'Sending', 'CreditPayment', '1991-05-03 06:10:03', '89800 Anahi Courts\nWest Moshestad, WY 93732');
INSERT INTO `Orders` (`ID`, `VendorID`, `CustomerID`, `Status`, `PaymentType`, `CreatedAt`, `DeliveryAddress`) VALUES (488, 8, 88, 'Registered', 'CreditPayment', '1992-11-06 07:23:54', '1442 Lowe Harbors Apt. 755\nNorth Oceane, MT 67441-9406');
INSERT INTO `Orders` (`ID`, `VendorID`, `CustomerID`, `Status`, `PaymentType`, `CreatedAt`, `DeliveryAddress`) VALUES (489, 9, 89, 'Registered', 'CreditPayment', '1982-03-16 03:27:30', '4750 Dereck Freeway\nNorth Autumnberg, MD 60043');
INSERT INTO `Orders` (`ID`, `VendorID`, `CustomerID`, `Status`, `PaymentType`, `CreatedAt`, `DeliveryAddress`) VALUES (490, 10, 90, 'Delivered', 'OnlinePayment', '2010-03-03 03:18:46', '079 Tad Summit\nEast Gretchenberg, ND 94749');
INSERT INTO `Orders` (`ID`, `VendorID`, `CustomerID`, `Status`, `PaymentType`, `CreatedAt`, `DeliveryAddress`) VALUES (491, 11, 91, 'Delivered', 'CreditPayment', '1976-10-25 18:38:51', '9441 Andy Valleys\nPort Alizeport, NJ 35863');
INSERT INTO `Orders` (`ID`, `VendorID`, `CustomerID`, `Status`, `PaymentType`, `CreatedAt`, `DeliveryAddress`) VALUES (492, 12, 92, 'Sending', 'OnlinePayment', '2006-03-10 11:17:01', '59990 Lyric Land Suite 254\nSwifthaven, AL 58156-2897');
INSERT INTO `Orders` (`ID`, `VendorID`, `CustomerID`, `Status`, `PaymentType`, `CreatedAt`, `DeliveryAddress`) VALUES (493, 13, 93, 'Registered', 'OnlinePayment', '1985-11-07 11:42:04', '04966 Wiza Court Apt. 573\nNorth Elsastad, OH 39668-4622');
INSERT INTO `Orders` (`ID`, `VendorID`, `CustomerID`, `Status`, `PaymentType`, `CreatedAt`, `DeliveryAddress`) VALUES (494, 14, 94, 'Registered', 'OnlinePayment', '1977-03-23 09:27:01', '36911 Ayla Haven\nEast Teresa, MS 57420-1049');
INSERT INTO `Orders` (`ID`, `VendorID`, `CustomerID`, `Status`, `PaymentType`, `CreatedAt`, `DeliveryAddress`) VALUES (495, 15, 95, 'Sending', 'OnlinePayment', '2009-07-31 10:40:13', '078 Schimmel Harbors Suite 663\nPort Haleighbury, NE 80356');
INSERT INTO `Orders` (`ID`, `VendorID`, `CustomerID`, `Status`, `PaymentType`, `CreatedAt`, `DeliveryAddress`) VALUES (496, 1, 96, 'Delivered', 'OnlinePayment', '1971-08-17 19:51:01', '16116 Kasey Drive Apt. 623\nLake Ardenchester, WA 41127-4637');
INSERT INTO `Orders` (`ID`, `VendorID`, `CustomerID`, `Status`, `PaymentType`, `CreatedAt`, `DeliveryAddress`) VALUES (497, 2, 97, 'Delivered', 'CreditPayment', '1986-12-19 17:45:55', '56856 Magdalena Bridge Apt. 592\nEast Meghan, CT 09161');
INSERT INTO `Orders` (`ID`, `VendorID`, `CustomerID`, `Status`, `PaymentType`, `CreatedAt`, `DeliveryAddress`) VALUES (498, 3, 98, 'Delivered', 'OnlinePayment', '1971-01-31 17:24:31', '690 Adrienne Common\nLake Nina, OK 28307-9627');
INSERT INTO `Orders` (`ID`, `VendorID`, `CustomerID`, `Status`, `PaymentType`, `CreatedAt`, `DeliveryAddress`) VALUES (499, 4, 99, 'Sending', 'CreditPayment', '1986-07-23 19:30:14', '418 Moses Locks\nWest Berta, ID 31761');
INSERT INTO `Orders` (`ID`, `VendorID`, `CustomerID`, `Status`, `PaymentType`, `CreatedAt`, `DeliveryAddress`) VALUES (500, 5, 100, 'Registered', 'OnlinePayment', '1973-05-11 14:55:33', '70716 Kutch Locks\nEast Ivaview, CT 85511');
INSERT INTO `Orders` (`ID`, `VendorID`, `CustomerID`, `Status`, `PaymentType`, `CreatedAt`, `DeliveryAddress`) VALUES (501, 6, 101, 'Delivered', 'OnlinePayment', '1992-02-14 08:46:44', '984 Heidi Harbor\nPort Aronland, MO 11566');
INSERT INTO `Orders` (`ID`, `VendorID`, `CustomerID`, `Status`, `PaymentType`, `CreatedAt`, `DeliveryAddress`) VALUES (502, 7, 102, 'Sending', 'CreditPayment', '2003-02-03 13:27:31', '6768 Watsica Forest\nTannerfurt, FL 64297');
INSERT INTO `Orders` (`ID`, `VendorID`, `CustomerID`, `Status`, `PaymentType`, `CreatedAt`, `DeliveryAddress`) VALUES (503, 8, 103, 'Registered', 'OnlinePayment', '2001-05-06 06:46:28', '3948 Linda Garden\nMargaretefort, OH 12541-8368');
INSERT INTO `Orders` (`ID`, `VendorID`, `CustomerID`, `Status`, `PaymentType`, `CreatedAt`, `DeliveryAddress`) VALUES (504, 9, 104, 'Registered', 'CreditPayment', '1981-10-01 10:03:24', '2242 Kunze Fields Apt. 026\nNew Sarinaberg, LA 48272');
INSERT INTO `Orders` (`ID`, `VendorID`, `CustomerID`, `Status`, `PaymentType`, `CreatedAt`, `DeliveryAddress`) VALUES (505, 10, 105, 'Delivered', 'OnlinePayment', '1976-11-04 05:18:07', '42646 Clemmie Parkways\nLupetown, IN 27529-7330');
INSERT INTO `Orders` (`ID`, `VendorID`, `CustomerID`, `Status`, `PaymentType`, `CreatedAt`, `DeliveryAddress`) VALUES (506, 11, 106, 'Sending', 'CreditPayment', '1995-11-24 06:12:21', '55460 Rath Forest Suite 087\nNew Fatimaberg, OR 76181-9621');
INSERT INTO `Orders` (`ID`, `VendorID`, `CustomerID`, `Status`, `PaymentType`, `CreatedAt`, `DeliveryAddress`) VALUES (507, 12, 107, 'Registered', 'CreditPayment', '2014-11-05 18:51:58', '045 Kihn Ridge\nAltenwerthhaven, SC 27866');
INSERT INTO `Orders` (`ID`, `VendorID`, `CustomerID`, `Status`, `PaymentType`, `CreatedAt`, `DeliveryAddress`) VALUES (508, 13, 108, 'Registered', 'CreditPayment', '1984-04-22 04:46:39', '908 Herzog Fort\nReichelton, NH 57434');
INSERT INTO `Orders` (`ID`, `VendorID`, `CustomerID`, `Status`, `PaymentType`, `CreatedAt`, `DeliveryAddress`) VALUES (509, 14, 109, 'Registered', 'CreditPayment', '2013-11-30 06:26:50', '0946 Goyette Run\nOrtizstad, NE 24556-8251');
INSERT INTO `Orders` (`ID`, `VendorID`, `CustomerID`, `Status`, `PaymentType`, `CreatedAt`, `DeliveryAddress`) VALUES (510, 15, 110, 'Registered', 'CreditPayment', '1997-11-14 03:00:33', '8835 Immanuel Roads Suite 885\nErdmanport, NV 14491');
INSERT INTO `Orders` (`ID`, `VendorID`, `CustomerID`, `Status`, `PaymentType`, `CreatedAt`, `DeliveryAddress`) VALUES (511, 1, 111, 'Registered', 'CreditPayment', '2014-08-18 07:59:12', '37925 Hackett Curve Apt. 818\nSouth Lowellberg, KY 21935-2071');
INSERT INTO `Orders` (`ID`, `VendorID`, `CustomerID`, `Status`, `PaymentType`, `CreatedAt`, `DeliveryAddress`) VALUES (512, 2, 112, 'Sending', 'OnlinePayment', '2004-01-15 19:08:53', '591 McKenzie Unions\nEast Cecilton, VT 86549');
INSERT INTO `Orders` (`ID`, `VendorID`, `CustomerID`, `Status`, `PaymentType`, `CreatedAt`, `DeliveryAddress`) VALUES (513, 3, 113, 'Registered', 'OnlinePayment', '1984-07-28 07:34:30', '4075 Estelle Stream Suite 296\nMalachiton, HI 37424-9785');
INSERT INTO `Orders` (`ID`, `VendorID`, `CustomerID`, `Status`, `PaymentType`, `CreatedAt`, `DeliveryAddress`) VALUES (514, 4, 114, 'Sending', 'OnlinePayment', '1972-03-15 03:26:18', '772 Anastacio Underpass Suite 118\nEast Amber, CO 17255');
INSERT INTO `Orders` (`ID`, `VendorID`, `CustomerID`, `Status`, `PaymentType`, `CreatedAt`, `DeliveryAddress`) VALUES (515, 5, 115, 'Delivered', 'CreditPayment', '2014-01-12 08:05:56', '2721 Queen Islands\nSouth Ed, OK 85487-6759');
INSERT INTO `Orders` (`ID`, `VendorID`, `CustomerID`, `Status`, `PaymentType`, `CreatedAt`, `DeliveryAddress`) VALUES (516, 6, 116, 'Registered', 'OnlinePayment', '1994-05-28 06:50:12', '12219 Kutch Mountain Apt. 873\nGottliebfurt, AZ 82754-4456');
INSERT INTO `Orders` (`ID`, `VendorID`, `CustomerID`, `Status`, `PaymentType`, `CreatedAt`, `DeliveryAddress`) VALUES (517, 7, 117, 'Sending', 'CreditPayment', '1995-03-22 12:47:01', '4842 Volkman Mountains\nEast Timothy, WY 39978');
INSERT INTO `Orders` (`ID`, `VendorID`, `CustomerID`, `Status`, `PaymentType`, `CreatedAt`, `DeliveryAddress`) VALUES (518, 8, 118, 'Delivered', 'CreditPayment', '2016-01-08 12:48:23', '05150 Kendrick Keys Suite 675\nSouth Weston, IL 00103-1806');
INSERT INTO `Orders` (`ID`, `VendorID`, `CustomerID`, `Status`, `PaymentType`, `CreatedAt`, `DeliveryAddress`) VALUES (519, 9, 119, 'Sending', 'OnlinePayment', '2012-05-18 04:56:47', '236 Pfeffer Circles Apt. 292\nSouth Pearlinefurt, UT 74988-3179');
INSERT INTO `Orders` (`ID`, `VendorID`, `CustomerID`, `Status`, `PaymentType`, `CreatedAt`, `DeliveryAddress`) VALUES (520, 10, 120, 'Registered', 'CreditPayment', '2001-02-28 06:15:33', '8230 Pacocha Cove\nSouth Buddytown, GA 78357');
INSERT INTO `Orders` (`ID`, `VendorID`, `CustomerID`, `Status`, `PaymentType`, `CreatedAt`, `DeliveryAddress`) VALUES (521, 11, 121, 'Delivered', 'CreditPayment', '1996-01-17 13:50:06', '1737 Asa Plaza Suite 021\nWest Archibaldland, AR 45919');
INSERT INTO `Orders` (`ID`, `VendorID`, `CustomerID`, `Status`, `PaymentType`, `CreatedAt`, `DeliveryAddress`) VALUES (522, 12, 122, 'Registered', 'CreditPayment', '2018-11-12 10:40:04', '24564 Porter Fall\nCarolynefort, NM 66341');
INSERT INTO `Orders` (`ID`, `VendorID`, `CustomerID`, `Status`, `PaymentType`, `CreatedAt`, `DeliveryAddress`) VALUES (523, 13, 123, 'Delivered', 'CreditPayment', '1988-09-05 16:01:15', '9912 Rae Burg Suite 038\nLake Dustin, DE 05338-2655');
INSERT INTO `Orders` (`ID`, `VendorID`, `CustomerID`, `Status`, `PaymentType`, `CreatedAt`, `DeliveryAddress`) VALUES (524, 14, 124, 'Sending', 'OnlinePayment', '2015-11-16 17:59:37', '3435 Bogisich Cliff Apt. 645\nPort Jobury, NV 16453');
INSERT INTO `Orders` (`ID`, `VendorID`, `CustomerID`, `Status`, `PaymentType`, `CreatedAt`, `DeliveryAddress`) VALUES (525, 15, 125, 'Registered', 'OnlinePayment', '2010-12-07 21:46:36', '54264 Bauch Corner\nNorth Elfrieda, VT 61209');
INSERT INTO `Orders` (`ID`, `VendorID`, `CustomerID`, `Status`, `PaymentType`, `CreatedAt`, `DeliveryAddress`) VALUES (526, 1, 126, 'Registered', 'CreditPayment', '1997-04-22 23:34:57', '653 Robel Pines Apt. 694\nTitusshire, CT 09816-4853');
INSERT INTO `Orders` (`ID`, `VendorID`, `CustomerID`, `Status`, `PaymentType`, `CreatedAt`, `DeliveryAddress`) VALUES (527, 2, 127, 'Delivered', 'OnlinePayment', '2006-09-27 16:07:25', '337 Kemmer Mountain Apt. 296\nLake Kianborough, ID 09528-3868');
INSERT INTO `Orders` (`ID`, `VendorID`, `CustomerID`, `Status`, `PaymentType`, `CreatedAt`, `DeliveryAddress`) VALUES (528, 3, 128, 'Delivered', 'CreditPayment', '2012-09-26 01:07:00', '18041 Hillary Lake Suite 292\nNorth Bria, UT 22540');
INSERT INTO `Orders` (`ID`, `VendorID`, `CustomerID`, `Status`, `PaymentType`, `CreatedAt`, `DeliveryAddress`) VALUES (529, 4, 129, 'Sending', 'CreditPayment', '2008-07-01 15:16:36', '98872 Fay Pike Suite 937\nWiltonchester, MA 51921-8358');
INSERT INTO `Orders` (`ID`, `VendorID`, `CustomerID`, `Status`, `PaymentType`, `CreatedAt`, `DeliveryAddress`) VALUES (530, 5, 130, 'Sending', 'OnlinePayment', '2000-07-26 21:32:09', '63187 Beier Wall Suite 869\nShanahanstad, DC 82694');
INSERT INTO `Orders` (`ID`, `VendorID`, `CustomerID`, `Status`, `PaymentType`, `CreatedAt`, `DeliveryAddress`) VALUES (531, 6, 131, 'Sending', 'OnlinePayment', '1998-08-02 18:18:10', '7963 Kessler Ferry\nVictorialand, NJ 94536');
INSERT INTO `Orders` (`ID`, `VendorID`, `CustomerID`, `Status`, `PaymentType`, `CreatedAt`, `DeliveryAddress`) VALUES (532, 7, 132, 'Delivered', 'OnlinePayment', '1985-10-01 06:22:54', '437 Chad Walk Suite 284\nKoelpinport, AZ 86987-0963');
INSERT INTO `Orders` (`ID`, `VendorID`, `CustomerID`, `Status`, `PaymentType`, `CreatedAt`, `DeliveryAddress`) VALUES (533, 8, 133, 'Delivered', 'CreditPayment', '1983-09-30 16:00:02', '05266 Crist Parkways Apt. 176\nEast Burley, AL 77321');
INSERT INTO `Orders` (`ID`, `VendorID`, `CustomerID`, `Status`, `PaymentType`, `CreatedAt`, `DeliveryAddress`) VALUES (534, 9, 134, 'Sending', 'CreditPayment', '1989-11-10 10:05:28', '84005 Bennie Village\nNew Corbinside, FL 72111-5801');
INSERT INTO `Orders` (`ID`, `VendorID`, `CustomerID`, `Status`, `PaymentType`, `CreatedAt`, `DeliveryAddress`) VALUES (535, 10, 135, 'Delivered', 'CreditPayment', '1972-08-31 10:50:11', '0742 Jessy Garden Apt. 398\nLake Shakiratown, SC 61387');
INSERT INTO `Orders` (`ID`, `VendorID`, `CustomerID`, `Status`, `PaymentType`, `CreatedAt`, `DeliveryAddress`) VALUES (536, 11, 136, 'Registered', 'OnlinePayment', '1999-08-02 20:10:14', '444 Murphy Curve Suite 391\nLake Lysanneport, LA 69653-2350');
INSERT INTO `Orders` (`ID`, `VendorID`, `CustomerID`, `Status`, `PaymentType`, `CreatedAt`, `DeliveryAddress`) VALUES (537, 12, 137, 'Delivered', 'OnlinePayment', '1993-09-09 14:45:38', '466 Bogan Ford Suite 310\nCristinaview, KY 00350-4059');
INSERT INTO `Orders` (`ID`, `VendorID`, `CustomerID`, `Status`, `PaymentType`, `CreatedAt`, `DeliveryAddress`) VALUES (538, 13, 138, 'Registered', 'OnlinePayment', '2005-11-13 11:29:27', '0582 Cecile Bypass Suite 135\nEast Makennaburgh, NJ 88164');
INSERT INTO `Orders` (`ID`, `VendorID`, `CustomerID`, `Status`, `PaymentType`, `CreatedAt`, `DeliveryAddress`) VALUES (539, 14, 139, 'Registered', 'CreditPayment', '2016-02-01 11:29:43', '066 Georgiana Road Suite 186\nBellehaven, MA 12179');
INSERT INTO `Orders` (`ID`, `VendorID`, `CustomerID`, `Status`, `PaymentType`, `CreatedAt`, `DeliveryAddress`) VALUES (540, 15, 140, 'Delivered', 'CreditPayment', '1998-08-05 04:03:41', '045 Serena Loaf Suite 945\nNorth Colten, KY 48308-7782');
INSERT INTO `Orders` (`ID`, `VendorID`, `CustomerID`, `Status`, `PaymentType`, `CreatedAt`, `DeliveryAddress`) VALUES (541, 1, 141, 'Sending', 'CreditPayment', '1988-07-22 05:55:15', '16360 Jakubowski Club\nNorth Marleytown, OR 30302');
INSERT INTO `Orders` (`ID`, `VendorID`, `CustomerID`, `Status`, `PaymentType`, `CreatedAt`, `DeliveryAddress`) VALUES (542, 2, 142, 'Registered', 'CreditPayment', '2006-02-25 11:18:14', '84636 Swift Common\nLake Mya, NJ 14657');
INSERT INTO `Orders` (`ID`, `VendorID`, `CustomerID`, `Status`, `PaymentType`, `CreatedAt`, `DeliveryAddress`) VALUES (543, 3, 143, 'Registered', 'OnlinePayment', '2001-04-12 00:11:55', '641 Joaquin Flats Apt. 557\nTristinport, ND 50280');
INSERT INTO `Orders` (`ID`, `VendorID`, `CustomerID`, `Status`, `PaymentType`, `CreatedAt`, `DeliveryAddress`) VALUES (544, 4, 144, 'Delivered', 'OnlinePayment', '1981-05-30 12:18:10', '759 Ethyl Pike Apt. 920\nBergefort, NH 74907-0268');
INSERT INTO `Orders` (`ID`, `VendorID`, `CustomerID`, `Status`, `PaymentType`, `CreatedAt`, `DeliveryAddress`) VALUES (545, 5, 145, 'Sending', 'CreditPayment', '1995-04-12 11:08:59', '96120 Brenden Common Apt. 254\nLake Zettachester, OK 55305');
INSERT INTO `Orders` (`ID`, `VendorID`, `CustomerID`, `Status`, `PaymentType`, `CreatedAt`, `DeliveryAddress`) VALUES (546, 6, 146, 'Registered', 'OnlinePayment', '2017-07-21 20:48:39', '59872 King Drive\nLake Emeryfurt, NE 15562');
INSERT INTO `Orders` (`ID`, `VendorID`, `CustomerID`, `Status`, `PaymentType`, `CreatedAt`, `DeliveryAddress`) VALUES (547, 7, 147, 'Sending', 'CreditPayment', '2002-10-27 18:20:48', '44000 Katrina Ridges\nMalachimouth, IL 45149-8057');
INSERT INTO `Orders` (`ID`, `VendorID`, `CustomerID`, `Status`, `PaymentType`, `CreatedAt`, `DeliveryAddress`) VALUES (548, 8, 148, 'Sending', 'OnlinePayment', '2013-03-24 18:38:24', '398 Schinner Center Suite 841\nEmeliaberg, RI 20149-4559');
INSERT INTO `Orders` (`ID`, `VendorID`, `CustomerID`, `Status`, `PaymentType`, `CreatedAt`, `DeliveryAddress`) VALUES (549, 9, 149, 'Delivered', 'CreditPayment', '1999-05-31 02:31:29', '6063 Floy Motorway Apt. 950\nMariliefort, IA 09965');
INSERT INTO `Orders` (`ID`, `VendorID`, `CustomerID`, `Status`, `PaymentType`, `CreatedAt`, `DeliveryAddress`) VALUES (550, 10, 150, 'Sending', 'OnlinePayment', '1986-10-08 14:33:29', '151 Noe Alley Suite 800\nHermannburgh, MS 07778-7597');
INSERT INTO `Orders` (`ID`, `VendorID`, `CustomerID`, `Status`, `PaymentType`, `CreatedAt`, `DeliveryAddress`) VALUES (551, 11, 151, 'Sending', 'CreditPayment', '1997-05-15 00:25:22', '7703 Ava Ranch Suite 346\nJustinebury, AR 07799');
INSERT INTO `Orders` (`ID`, `VendorID`, `CustomerID`, `Status`, `PaymentType`, `CreatedAt`, `DeliveryAddress`) VALUES (552, 12, 152, 'Registered', 'OnlinePayment', '1988-12-06 07:32:37', '0199 McKenzie Keys\nLarsonberg, UT 22411-6371');
INSERT INTO `Orders` (`ID`, `VendorID`, `CustomerID`, `Status`, `PaymentType`, `CreatedAt`, `DeliveryAddress`) VALUES (553, 13, 153, 'Delivered', 'CreditPayment', '1994-04-02 05:37:58', '243 Jeanne Square Apt. 135\nBurdettechester, NJ 27415');
INSERT INTO `Orders` (`ID`, `VendorID`, `CustomerID`, `Status`, `PaymentType`, `CreatedAt`, `DeliveryAddress`) VALUES (554, 14, 154, 'Registered', 'OnlinePayment', '1971-08-12 00:23:52', '0789 Koelpin Corners Suite 390\nWest Dante, IL 56073');
INSERT INTO `Orders` (`ID`, `VendorID`, `CustomerID`, `Status`, `PaymentType`, `CreatedAt`, `DeliveryAddress`) VALUES (555, 15, 155, 'Registered', 'OnlinePayment', '2017-11-11 19:13:56', '8697 Mohamed Field Apt. 684\nPaulineton, WY 03513');
INSERT INTO `Orders` (`ID`, `VendorID`, `CustomerID`, `Status`, `PaymentType`, `CreatedAt`, `DeliveryAddress`) VALUES (556, 1, 156, 'Delivered', 'OnlinePayment', '2017-08-14 10:40:20', '23179 Jacobs Row\nWest Alisonland, UT 69600');
INSERT INTO `Orders` (`ID`, `VendorID`, `CustomerID`, `Status`, `PaymentType`, `CreatedAt`, `DeliveryAddress`) VALUES (557, 2, 157, 'Sending', 'OnlinePayment', '1985-06-27 15:59:45', '642 Carter Path\nKilbackstad, UT 75039-6200');
INSERT INTO `Orders` (`ID`, `VendorID`, `CustomerID`, `Status`, `PaymentType`, `CreatedAt`, `DeliveryAddress`) VALUES (558, 3, 158, 'Registered', 'OnlinePayment', '1981-06-21 15:56:30', '0326 Huel Courts\nHavenport, TX 69699');
INSERT INTO `Orders` (`ID`, `VendorID`, `CustomerID`, `Status`, `PaymentType`, `CreatedAt`, `DeliveryAddress`) VALUES (559, 4, 159, 'Registered', 'OnlinePayment', '1985-07-19 10:50:16', '1114 Wolf Alley\nTrantowfort, OK 75942-0666');
INSERT INTO `Orders` (`ID`, `VendorID`, `CustomerID`, `Status`, `PaymentType`, `CreatedAt`, `DeliveryAddress`) VALUES (560, 5, 160, 'Delivered', 'OnlinePayment', '1985-08-05 12:55:48', '58354 Rene Run Apt. 955\nCollinview, MT 61453-0783');
INSERT INTO `Orders` (`ID`, `VendorID`, `CustomerID`, `Status`, `PaymentType`, `CreatedAt`, `DeliveryAddress`) VALUES (561, 6, 161, 'Delivered', 'CreditPayment', '2017-05-01 06:14:35', '863 Lucinda Bridge\nMariahberg, CT 89588-4936');
INSERT INTO `Orders` (`ID`, `VendorID`, `CustomerID`, `Status`, `PaymentType`, `CreatedAt`, `DeliveryAddress`) VALUES (562, 7, 162, 'Registered', 'CreditPayment', '2008-01-17 03:18:30', '26684 Anna Lock Apt. 677\nRusselview, AZ 05188');
INSERT INTO `Orders` (`ID`, `VendorID`, `CustomerID`, `Status`, `PaymentType`, `CreatedAt`, `DeliveryAddress`) VALUES (563, 8, 163, 'Delivered', 'CreditPayment', '2016-11-24 07:57:44', '50341 Frami Road Apt. 143\nSouth Kamille, VT 87520-7506');
INSERT INTO `Orders` (`ID`, `VendorID`, `CustomerID`, `Status`, `PaymentType`, `CreatedAt`, `DeliveryAddress`) VALUES (564, 9, 164, 'Delivered', 'CreditPayment', '1993-02-08 03:56:18', '69449 Cedrick Viaduct Suite 586\nNew Giannihaven, OH 87385');
INSERT INTO `Orders` (`ID`, `VendorID`, `CustomerID`, `Status`, `PaymentType`, `CreatedAt`, `DeliveryAddress`) VALUES (565, 10, 165, 'Delivered', 'CreditPayment', '2006-05-06 15:37:17', '088 Feil Turnpike\nLucyshire, NY 29346');
INSERT INTO `Orders` (`ID`, `VendorID`, `CustomerID`, `Status`, `PaymentType`, `CreatedAt`, `DeliveryAddress`) VALUES (566, 11, 166, 'Registered', 'CreditPayment', '2014-07-29 14:24:30', '2814 Veronica Forks\nFlatleyburgh, WI 79625');
INSERT INTO `Orders` (`ID`, `VendorID`, `CustomerID`, `Status`, `PaymentType`, `CreatedAt`, `DeliveryAddress`) VALUES (567, 12, 167, 'Sending', 'OnlinePayment', '1973-09-08 10:56:52', '18579 Koss Point\nPort Camylle, WY 27500-3197');
INSERT INTO `Orders` (`ID`, `VendorID`, `CustomerID`, `Status`, `PaymentType`, `CreatedAt`, `DeliveryAddress`) VALUES (568, 13, 168, 'Sending', 'OnlinePayment', '1977-12-20 16:06:06', '1162 Russel Valley\nPatbury, HI 81974');
INSERT INTO `Orders` (`ID`, `VendorID`, `CustomerID`, `Status`, `PaymentType`, `CreatedAt`, `DeliveryAddress`) VALUES (569, 14, 169, 'Delivered', 'CreditPayment', '1991-10-21 23:52:36', '27623 Casper Station Apt. 702\nEast Angelomouth, MT 36549');
INSERT INTO `Orders` (`ID`, `VendorID`, `CustomerID`, `Status`, `PaymentType`, `CreatedAt`, `DeliveryAddress`) VALUES (570, 15, 170, 'Sending', 'CreditPayment', '2010-08-02 08:10:06', '9739 Ritchie Views Apt. 959\nNorth Dannie, WI 26482');
INSERT INTO `Orders` (`ID`, `VendorID`, `CustomerID`, `Status`, `PaymentType`, `CreatedAt`, `DeliveryAddress`) VALUES (571, 1, 171, 'Sending', 'OnlinePayment', '1982-04-15 13:13:59', '36756 Auer Bypass\nWintheiserborough, MD 15894-1032');
INSERT INTO `Orders` (`ID`, `VendorID`, `CustomerID`, `Status`, `PaymentType`, `CreatedAt`, `DeliveryAddress`) VALUES (572, 2, 172, 'Delivered', 'CreditPayment', '1992-11-24 07:41:40', '46883 Kozey Circles Suite 912\nTyshawnborough, TN 37259-3648');
INSERT INTO `Orders` (`ID`, `VendorID`, `CustomerID`, `Status`, `PaymentType`, `CreatedAt`, `DeliveryAddress`) VALUES (573, 3, 173, 'Delivered', 'CreditPayment', '1975-01-11 01:37:16', '5280 Tara Drives\nSouth Walkerchester, OR 08413');
INSERT INTO `Orders` (`ID`, `VendorID`, `CustomerID`, `Status`, `PaymentType`, `CreatedAt`, `DeliveryAddress`) VALUES (574, 4, 174, 'Delivered', 'OnlinePayment', '2017-05-11 00:30:00', '380 Kihn Shoals Apt. 414\nChamplinberg, MT 27560-5051');
INSERT INTO `Orders` (`ID`, `VendorID`, `CustomerID`, `Status`, `PaymentType`, `CreatedAt`, `DeliveryAddress`) VALUES (575, 5, 175, 'Sending', 'OnlinePayment', '1993-05-03 04:10:09', '611 Abdullah Passage Apt. 632\nPort Marshallmouth, ID 46070-5786');
INSERT INTO `Orders` (`ID`, `VendorID`, `CustomerID`, `Status`, `PaymentType`, `CreatedAt`, `DeliveryAddress`) VALUES (576, 6, 176, 'Sending', 'OnlinePayment', '1970-12-21 15:30:36', '949 Chandler Mountains Apt. 397\nVandervortborough, ID 27453');
INSERT INTO `Orders` (`ID`, `VendorID`, `CustomerID`, `Status`, `PaymentType`, `CreatedAt`, `DeliveryAddress`) VALUES (577, 7, 177, 'Sending', 'CreditPayment', '2017-02-04 12:45:15', '845 Bell Bridge\nPort Assunta, CT 56625-5340');
INSERT INTO `Orders` (`ID`, `VendorID`, `CustomerID`, `Status`, `PaymentType`, `CreatedAt`, `DeliveryAddress`) VALUES (578, 8, 178, 'Sending', 'OnlinePayment', '2010-04-05 11:38:12', '26761 Oswaldo Centers\nKarianneview, CT 23225-8261');
INSERT INTO `Orders` (`ID`, `VendorID`, `CustomerID`, `Status`, `PaymentType`, `CreatedAt`, `DeliveryAddress`) VALUES (579, 9, 179, 'Delivered', 'CreditPayment', '2004-06-25 06:30:46', '1303 Rodger Curve\nLuciousstad, AR 45594-6395');
INSERT INTO `Orders` (`ID`, `VendorID`, `CustomerID`, `Status`, `PaymentType`, `CreatedAt`, `DeliveryAddress`) VALUES (580, 10, 180, 'Sending', 'CreditPayment', '1989-08-12 03:38:47', '30205 Hegmann Walks Apt. 296\nNorth Julie, WY 55170');
INSERT INTO `Orders` (`ID`, `VendorID`, `CustomerID`, `Status`, `PaymentType`, `CreatedAt`, `DeliveryAddress`) VALUES (581, 11, 181, 'Sending', 'OnlinePayment', '1981-02-08 07:49:02', '26358 Marcellus Garden Apt. 606\nHagenesstad, WI 65545');
INSERT INTO `Orders` (`ID`, `VendorID`, `CustomerID`, `Status`, `PaymentType`, `CreatedAt`, `DeliveryAddress`) VALUES (582, 12, 182, 'Sending', 'CreditPayment', '2017-09-18 21:34:26', '603 Monique Gateway Apt. 196\nNataliemouth, SD 33925-8614');
INSERT INTO `Orders` (`ID`, `VendorID`, `CustomerID`, `Status`, `PaymentType`, `CreatedAt`, `DeliveryAddress`) VALUES (583, 13, 183, 'Delivered', 'OnlinePayment', '1992-12-09 20:14:02', '7618 Walsh Stravenue\nLeschville, NV 92782');
INSERT INTO `Orders` (`ID`, `VendorID`, `CustomerID`, `Status`, `PaymentType`, `CreatedAt`, `DeliveryAddress`) VALUES (584, 14, 184, 'Registered', 'CreditPayment', '2000-04-15 03:39:58', '94104 Marquardt Corners Apt. 250\nNew Junius, KY 81590');
INSERT INTO `Orders` (`ID`, `VendorID`, `CustomerID`, `Status`, `PaymentType`, `CreatedAt`, `DeliveryAddress`) VALUES (585, 15, 185, 'Delivered', 'CreditPayment', '1990-06-06 09:26:48', '448 Robert Parks Apt. 380\nCeasartown, MI 84935-5036');
INSERT INTO `Orders` (`ID`, `VendorID`, `CustomerID`, `Status`, `PaymentType`, `CreatedAt`, `DeliveryAddress`) VALUES (586, 1, 186, 'Delivered', 'CreditPayment', '1995-08-15 20:32:20', '7431 Skiles Mountain Apt. 154\nLake Charlotteville, TN 44345');
INSERT INTO `Orders` (`ID`, `VendorID`, `CustomerID`, `Status`, `PaymentType`, `CreatedAt`, `DeliveryAddress`) VALUES (587, 2, 187, 'Delivered', 'OnlinePayment', '1977-12-07 17:01:21', '30181 Kailee Gardens Apt. 941\nSouth Tiffany, TN 41849');
INSERT INTO `Orders` (`ID`, `VendorID`, `CustomerID`, `Status`, `PaymentType`, `CreatedAt`, `DeliveryAddress`) VALUES (588, 3, 188, 'Delivered', 'OnlinePayment', '2014-12-27 22:34:35', '62274 Lincoln Dam\nPort Juliushaven, OH 24120');
INSERT INTO `Orders` (`ID`, `VendorID`, `CustomerID`, `Status`, `PaymentType`, `CreatedAt`, `DeliveryAddress`) VALUES (589, 4, 189, 'Delivered', 'OnlinePayment', '2015-06-16 12:26:16', '8259 Esta Walk\nLake Providenci, NC 62191-2740');
INSERT INTO `Orders` (`ID`, `VendorID`, `CustomerID`, `Status`, `PaymentType`, `CreatedAt`, `DeliveryAddress`) VALUES (590, 5, 190, 'Registered', 'OnlinePayment', '1986-01-10 09:25:22', '813 Marley Wells\nNew Daren, UT 68367-2962');
INSERT INTO `Orders` (`ID`, `VendorID`, `CustomerID`, `Status`, `PaymentType`, `CreatedAt`, `DeliveryAddress`) VALUES (591, 6, 191, 'Registered', 'CreditPayment', '2001-03-24 15:24:34', '575 DuBuque Path\nDenisland, IN 26374');
INSERT INTO `Orders` (`ID`, `VendorID`, `CustomerID`, `Status`, `PaymentType`, `CreatedAt`, `DeliveryAddress`) VALUES (592, 7, 192, 'Delivered', 'OnlinePayment', '1995-01-13 08:21:52', '6809 Garnett Prairie Suite 238\nSouth Justice, IN 95107');
INSERT INTO `Orders` (`ID`, `VendorID`, `CustomerID`, `Status`, `PaymentType`, `CreatedAt`, `DeliveryAddress`) VALUES (593, 8, 193, 'Delivered', 'OnlinePayment', '2000-05-31 04:02:56', '957 Beatty Walks Apt. 198\nSouth Margarettton, PA 29788');
INSERT INTO `Orders` (`ID`, `VendorID`, `CustomerID`, `Status`, `PaymentType`, `CreatedAt`, `DeliveryAddress`) VALUES (594, 9, 194, 'Sending', 'CreditPayment', '2012-01-31 22:25:35', '88012 Gutkowski Circles Suite 178\nBergnaumchester, LA 47732');
INSERT INTO `Orders` (`ID`, `VendorID`, `CustomerID`, `Status`, `PaymentType`, `CreatedAt`, `DeliveryAddress`) VALUES (595, 10, 195, 'Registered', 'OnlinePayment', '1977-12-01 11:18:42', '504 Crona Pike\nWest Tylerberg, ME 93061-5542');
INSERT INTO `Orders` (`ID`, `VendorID`, `CustomerID`, `Status`, `PaymentType`, `CreatedAt`, `DeliveryAddress`) VALUES (596, 11, 196, 'Sending', 'CreditPayment', '1990-04-26 19:54:38', '649 Blick Trafficway\nPort Milfordchester, MS 42027-4014');
INSERT INTO `Orders` (`ID`, `VendorID`, `CustomerID`, `Status`, `PaymentType`, `CreatedAt`, `DeliveryAddress`) VALUES (597, 12, 197, 'Delivered', 'OnlinePayment', '2015-06-14 17:25:02', '39776 Donato Flat\nWest Salmabury, MI 69143');
INSERT INTO `Orders` (`ID`, `VendorID`, `CustomerID`, `Status`, `PaymentType`, `CreatedAt`, `DeliveryAddress`) VALUES (598, 13, 198, 'Sending', 'CreditPayment', '1976-08-29 17:36:51', '23160 Littel Corner\nSouth Josefina, CA 35951');
INSERT INTO `Orders` (`ID`, `VendorID`, `CustomerID`, `Status`, `PaymentType`, `CreatedAt`, `DeliveryAddress`) VALUES (599, 14, 199, 'Registered', 'OnlinePayment', '2012-10-23 12:54:56', '84761 Carolina Underpass\nNew Sammie, MS 38569-9878');
INSERT INTO `Orders` (`ID`, `VendorID`, `CustomerID`, `Status`, `PaymentType`, `CreatedAt`, `DeliveryAddress`) VALUES (600, 15, 200, 'Registered', 'OnlinePayment', '2006-03-06 03:59:13', '268 Ryan Village\nWilliamstad, FL 82432');
INSERT INTO `Orders` (`ID`, `VendorID`, `CustomerID`, `Status`, `PaymentType`, `CreatedAt`, `DeliveryAddress`) VALUES (601, 1, 1, 'Registered', 'CreditPayment', '1994-12-13 10:40:05', '55010 Swift Well Suite 631\nNorth Destineeview, FL 53884');
INSERT INTO `Orders` (`ID`, `VendorID`, `CustomerID`, `Status`, `PaymentType`, `CreatedAt`, `DeliveryAddress`) VALUES (602, 2, 2, 'Registered', 'OnlinePayment', '2017-04-24 12:47:17', '936 Ratke Key Suite 225\nAlbinview, IA 46757-2437');
INSERT INTO `Orders` (`ID`, `VendorID`, `CustomerID`, `Status`, `PaymentType`, `CreatedAt`, `DeliveryAddress`) VALUES (603, 3, 3, 'Sending', 'CreditPayment', '2007-12-30 15:22:41', '18288 Gottlieb Camp Suite 836\nCoraliemouth, WA 25006-3511');
INSERT INTO `Orders` (`ID`, `VendorID`, `CustomerID`, `Status`, `PaymentType`, `CreatedAt`, `DeliveryAddress`) VALUES (604, 4, 4, 'Registered', 'CreditPayment', '1978-07-17 15:22:07', '0368 Layne Locks Suite 279\nProsaccofurt, ID 84260-4345');
INSERT INTO `Orders` (`ID`, `VendorID`, `CustomerID`, `Status`, `PaymentType`, `CreatedAt`, `DeliveryAddress`) VALUES (605, 5, 5, 'Registered', 'CreditPayment', '1976-08-05 12:18:23', '48415 Jonathan Rue\nNorth Kirkhaven, DE 31046');
INSERT INTO `Orders` (`ID`, `VendorID`, `CustomerID`, `Status`, `PaymentType`, `CreatedAt`, `DeliveryAddress`) VALUES (606, 6, 6, 'Delivered', 'CreditPayment', '2008-11-06 13:43:09', '17682 Reinger Isle\nHoppeville, AZ 99701-6277');
INSERT INTO `Orders` (`ID`, `VendorID`, `CustomerID`, `Status`, `PaymentType`, `CreatedAt`, `DeliveryAddress`) VALUES (607, 7, 7, 'Delivered', 'OnlinePayment', '1998-08-15 18:05:41', '473 Jeanie Island Suite 422\nNew Elta, RI 01560');
INSERT INTO `Orders` (`ID`, `VendorID`, `CustomerID`, `Status`, `PaymentType`, `CreatedAt`, `DeliveryAddress`) VALUES (608, 8, 8, 'Sending', 'CreditPayment', '1998-04-05 08:54:53', '6401 Estella Stravenue\nRozellafurt, ND 29542-8444');
INSERT INTO `Orders` (`ID`, `VendorID`, `CustomerID`, `Status`, `PaymentType`, `CreatedAt`, `DeliveryAddress`) VALUES (609, 9, 9, 'Registered', 'CreditPayment', '1978-06-07 08:51:14', '5475 McDermott Bridge\nEast Elmoreview, WA 97149');
INSERT INTO `Orders` (`ID`, `VendorID`, `CustomerID`, `Status`, `PaymentType`, `CreatedAt`, `DeliveryAddress`) VALUES (610, 10, 10, 'Registered', 'CreditPayment', '1971-03-02 13:38:06', '533 Von Freeway\nJohnsonborough, VT 72762-8178');
INSERT INTO `Orders` (`ID`, `VendorID`, `CustomerID`, `Status`, `PaymentType`, `CreatedAt`, `DeliveryAddress`) VALUES (611, 11, 11, 'Registered', 'CreditPayment', '1973-08-25 18:12:25', '17112 Zieme Gateway\nLake Mara, MT 58361');
INSERT INTO `Orders` (`ID`, `VendorID`, `CustomerID`, `Status`, `PaymentType`, `CreatedAt`, `DeliveryAddress`) VALUES (612, 12, 12, 'Delivered', 'CreditPayment', '1994-11-15 07:09:27', '474 Hoppe Causeway\nEast Letaberg, OK 22904-6576');
INSERT INTO `Orders` (`ID`, `VendorID`, `CustomerID`, `Status`, `PaymentType`, `CreatedAt`, `DeliveryAddress`) VALUES (613, 13, 13, 'Registered', 'CreditPayment', '1972-08-04 23:40:30', '77619 Lyric Stream Suite 699\nMaggiofort, ME 83868-6289');
INSERT INTO `Orders` (`ID`, `VendorID`, `CustomerID`, `Status`, `PaymentType`, `CreatedAt`, `DeliveryAddress`) VALUES (614, 14, 14, 'Delivered', 'OnlinePayment', '1971-10-12 03:57:22', '74871 Zulauf Islands Suite 790\nRickeyhaven, IA 05385');
INSERT INTO `Orders` (`ID`, `VendorID`, `CustomerID`, `Status`, `PaymentType`, `CreatedAt`, `DeliveryAddress`) VALUES (615, 15, 15, 'Sending', 'CreditPayment', '2008-10-07 17:56:53', '144 Mekhi Branch Apt. 327\nAndresside, ND 06845-6210');
INSERT INTO `Orders` (`ID`, `VendorID`, `CustomerID`, `Status`, `PaymentType`, `CreatedAt`, `DeliveryAddress`) VALUES (616, 1, 16, 'Sending', 'OnlinePayment', '1993-07-22 06:09:06', '17292 Cordie Knoll Apt. 224\nGutmannbury, MD 68202');
INSERT INTO `Orders` (`ID`, `VendorID`, `CustomerID`, `Status`, `PaymentType`, `CreatedAt`, `DeliveryAddress`) VALUES (617, 2, 17, 'Registered', 'OnlinePayment', '2018-06-04 11:02:03', '2443 Lillian Corners Apt. 060\nEast Eileen, AZ 73622-6672');
INSERT INTO `Orders` (`ID`, `VendorID`, `CustomerID`, `Status`, `PaymentType`, `CreatedAt`, `DeliveryAddress`) VALUES (618, 3, 18, 'Sending', 'CreditPayment', '2012-11-08 16:56:47', '5606 Cade Vista Suite 507\nDanielview, WA 83271-3411');
INSERT INTO `Orders` (`ID`, `VendorID`, `CustomerID`, `Status`, `PaymentType`, `CreatedAt`, `DeliveryAddress`) VALUES (619, 4, 19, 'Sending', 'OnlinePayment', '1976-11-12 20:29:16', '1921 Freddie Loop Apt. 031\nDeronhaven, TN 51958');
INSERT INTO `Orders` (`ID`, `VendorID`, `CustomerID`, `Status`, `PaymentType`, `CreatedAt`, `DeliveryAddress`) VALUES (620, 5, 20, 'Registered', 'CreditPayment', '1996-07-13 02:17:59', '87472 Zemlak Highway\nKoelpinhaven, MD 76471-7797');
INSERT INTO `Orders` (`ID`, `VendorID`, `CustomerID`, `Status`, `PaymentType`, `CreatedAt`, `DeliveryAddress`) VALUES (621, 6, 21, 'Delivered', 'OnlinePayment', '1975-12-23 01:04:47', '67311 Carlie Trail Apt. 304\nMagdalenberg, NH 89149-9911');
INSERT INTO `Orders` (`ID`, `VendorID`, `CustomerID`, `Status`, `PaymentType`, `CreatedAt`, `DeliveryAddress`) VALUES (622, 7, 22, 'Sending', 'CreditPayment', '1987-09-23 23:58:14', '69378 Zion Island Suite 000\nHeathcoteside, NY 14436');
INSERT INTO `Orders` (`ID`, `VendorID`, `CustomerID`, `Status`, `PaymentType`, `CreatedAt`, `DeliveryAddress`) VALUES (623, 8, 23, 'Sending', 'CreditPayment', '1993-02-27 06:15:03', '2827 Stokes Courts Suite 133\nCorkeryview, VT 17508');
INSERT INTO `Orders` (`ID`, `VendorID`, `CustomerID`, `Status`, `PaymentType`, `CreatedAt`, `DeliveryAddress`) VALUES (624, 9, 24, 'Delivered', 'OnlinePayment', '1975-10-18 04:29:01', '184 Okuneva Drive\nBuckridgemouth, PA 57509-8558');
INSERT INTO `Orders` (`ID`, `VendorID`, `CustomerID`, `Status`, `PaymentType`, `CreatedAt`, `DeliveryAddress`) VALUES (625, 10, 25, 'Delivered', 'OnlinePayment', '1979-10-23 01:53:59', '1056 Klocko Corners\nHildegardburgh, VT 51142-8366');
INSERT INTO `Orders` (`ID`, `VendorID`, `CustomerID`, `Status`, `PaymentType`, `CreatedAt`, `DeliveryAddress`) VALUES (626, 11, 26, 'Registered', 'CreditPayment', '1998-05-17 12:23:52', '99717 Miguel Ridges Apt. 320\nLake Lenna, WY 39431-0003');
INSERT INTO `Orders` (`ID`, `VendorID`, `CustomerID`, `Status`, `PaymentType`, `CreatedAt`, `DeliveryAddress`) VALUES (627, 12, 27, 'Sending', 'CreditPayment', '1990-09-05 22:41:06', '643 Wolff Canyon Suite 029\nBayleestad, AL 04120-2478');
INSERT INTO `Orders` (`ID`, `VendorID`, `CustomerID`, `Status`, `PaymentType`, `CreatedAt`, `DeliveryAddress`) VALUES (628, 13, 28, 'Delivered', 'OnlinePayment', '1990-08-12 10:34:33', '72527 Itzel Junctions Apt. 354\nSouth Angelinaborough, WV 98609-2655');
INSERT INTO `Orders` (`ID`, `VendorID`, `CustomerID`, `Status`, `PaymentType`, `CreatedAt`, `DeliveryAddress`) VALUES (629, 14, 29, 'Registered', 'CreditPayment', '2004-05-07 04:17:42', '5441 Marquardt Mills Suite 758\nEast Skyeburgh, SC 27021-5454');
INSERT INTO `Orders` (`ID`, `VendorID`, `CustomerID`, `Status`, `PaymentType`, `CreatedAt`, `DeliveryAddress`) VALUES (630, 15, 30, 'Sending', 'CreditPayment', '2002-01-27 17:51:34', '8677 Ortiz Greens Suite 147\nWest Myrticeland, AL 00940-6633');
INSERT INTO `Orders` (`ID`, `VendorID`, `CustomerID`, `Status`, `PaymentType`, `CreatedAt`, `DeliveryAddress`) VALUES (631, 1, 31, 'Registered', 'CreditPayment', '2013-12-28 08:47:58', '3719 Ceasar Walks\nWest Brettmouth, DE 98844');
INSERT INTO `Orders` (`ID`, `VendorID`, `CustomerID`, `Status`, `PaymentType`, `CreatedAt`, `DeliveryAddress`) VALUES (632, 2, 32, 'Registered', 'OnlinePayment', '1996-06-10 20:20:02', '534 Kuhn Views Suite 073\nSwaniawskistad, SD 11124');
INSERT INTO `Orders` (`ID`, `VendorID`, `CustomerID`, `Status`, `PaymentType`, `CreatedAt`, `DeliveryAddress`) VALUES (633, 3, 33, 'Delivered', 'CreditPayment', '1992-08-19 07:03:49', '6669 Stroman Throughway Apt. 802\nWest Marianchester, NM 77110-4124');
INSERT INTO `Orders` (`ID`, `VendorID`, `CustomerID`, `Status`, `PaymentType`, `CreatedAt`, `DeliveryAddress`) VALUES (634, 4, 34, 'Sending', 'CreditPayment', '1972-01-30 07:00:04', '21267 Beatty Islands Apt. 490\nRaheemfurt, UT 75674-0530');
INSERT INTO `Orders` (`ID`, `VendorID`, `CustomerID`, `Status`, `PaymentType`, `CreatedAt`, `DeliveryAddress`) VALUES (635, 5, 35, 'Sending', 'CreditPayment', '1973-05-22 18:17:41', '89436 Suzanne Inlet Apt. 742\nJaylenborough, MI 71569');
INSERT INTO `Orders` (`ID`, `VendorID`, `CustomerID`, `Status`, `PaymentType`, `CreatedAt`, `DeliveryAddress`) VALUES (636, 6, 36, 'Sending', 'CreditPayment', '1992-10-05 15:33:44', '39333 Mann Garden\nGoyettestad, NH 94734');
INSERT INTO `Orders` (`ID`, `VendorID`, `CustomerID`, `Status`, `PaymentType`, `CreatedAt`, `DeliveryAddress`) VALUES (637, 7, 37, 'Delivered', 'CreditPayment', '2007-09-21 14:44:21', '8261 Breitenberg Road\nCarrollland, NV 75327');
INSERT INTO `Orders` (`ID`, `VendorID`, `CustomerID`, `Status`, `PaymentType`, `CreatedAt`, `DeliveryAddress`) VALUES (638, 8, 38, 'Registered', 'OnlinePayment', '2003-08-13 18:57:31', '96264 Freida Fields\nOkunevamouth, AZ 73357');
INSERT INTO `Orders` (`ID`, `VendorID`, `CustomerID`, `Status`, `PaymentType`, `CreatedAt`, `DeliveryAddress`) VALUES (639, 9, 39, 'Registered', 'OnlinePayment', '2006-10-02 21:16:43', '3190 Crooks Manor Apt. 347\nMcDermottshire, ND 12252-7130');
INSERT INTO `Orders` (`ID`, `VendorID`, `CustomerID`, `Status`, `PaymentType`, `CreatedAt`, `DeliveryAddress`) VALUES (640, 10, 40, 'Sending', 'OnlinePayment', '2002-10-15 09:56:20', '0568 Abshire Mall\nNew Paolo, NV 81463');
INSERT INTO `Orders` (`ID`, `VendorID`, `CustomerID`, `Status`, `PaymentType`, `CreatedAt`, `DeliveryAddress`) VALUES (641, 11, 41, 'Delivered', 'CreditPayment', '2009-03-30 04:00:21', '5121 Alene Trail\nDorianfurt, IA 63253');
INSERT INTO `Orders` (`ID`, `VendorID`, `CustomerID`, `Status`, `PaymentType`, `CreatedAt`, `DeliveryAddress`) VALUES (642, 12, 42, 'Delivered', 'OnlinePayment', '2017-08-12 01:35:55', '00866 Deonte Light Apt. 181\nJohnniemouth, MS 80050');
INSERT INTO `Orders` (`ID`, `VendorID`, `CustomerID`, `Status`, `PaymentType`, `CreatedAt`, `DeliveryAddress`) VALUES (643, 13, 43, 'Delivered', 'CreditPayment', '1995-08-09 03:43:44', '797 VonRueden Summit\nNorrisburgh, NY 12358-7075');
INSERT INTO `Orders` (`ID`, `VendorID`, `CustomerID`, `Status`, `PaymentType`, `CreatedAt`, `DeliveryAddress`) VALUES (644, 14, 44, 'Registered', 'CreditPayment', '1974-01-16 06:36:24', '333 Marshall Branch\nEast Eldoramouth, NY 37047-6810');
INSERT INTO `Orders` (`ID`, `VendorID`, `CustomerID`, `Status`, `PaymentType`, `CreatedAt`, `DeliveryAddress`) VALUES (645, 15, 45, 'Registered', 'CreditPayment', '1996-03-20 20:24:16', '5410 Gibson Dam\nReichelshire, NE 12326');
INSERT INTO `Orders` (`ID`, `VendorID`, `CustomerID`, `Status`, `PaymentType`, `CreatedAt`, `DeliveryAddress`) VALUES (646, 1, 46, 'Sending', 'CreditPayment', '1989-10-19 18:32:57', '145 Hane Lodge\nPort Amyamouth, WV 28534-7278');
INSERT INTO `Orders` (`ID`, `VendorID`, `CustomerID`, `Status`, `PaymentType`, `CreatedAt`, `DeliveryAddress`) VALUES (647, 2, 47, 'Registered', 'OnlinePayment', '1991-08-02 19:21:26', '24941 Reanna Lodge\nLourdeshaven, VT 50592');
INSERT INTO `Orders` (`ID`, `VendorID`, `CustomerID`, `Status`, `PaymentType`, `CreatedAt`, `DeliveryAddress`) VALUES (648, 3, 48, 'Registered', 'CreditPayment', '1991-07-01 06:43:12', '18932 Schinner Turnpike Apt. 808\nMcLaughlinside, MN 56904');
INSERT INTO `Orders` (`ID`, `VendorID`, `CustomerID`, `Status`, `PaymentType`, `CreatedAt`, `DeliveryAddress`) VALUES (649, 4, 49, 'Registered', 'CreditPayment', '1973-12-24 10:57:54', '9594 Hand Expressway Apt. 732\nRowenafurt, CO 71498-3651');
INSERT INTO `Orders` (`ID`, `VendorID`, `CustomerID`, `Status`, `PaymentType`, `CreatedAt`, `DeliveryAddress`) VALUES (650, 5, 50, 'Sending', 'OnlinePayment', '1972-11-29 22:28:21', '9820 Jermain Gateway Suite 041\nSouth Colemanborough, CA 18072-3365');
INSERT INTO `Orders` (`ID`, `VendorID`, `CustomerID`, `Status`, `PaymentType`, `CreatedAt`, `DeliveryAddress`) VALUES (651, 6, 51, 'Sending', 'CreditPayment', '1999-05-30 00:18:19', '79569 Kiehn Route\nPort Barrett, AR 64182-7786');
INSERT INTO `Orders` (`ID`, `VendorID`, `CustomerID`, `Status`, `PaymentType`, `CreatedAt`, `DeliveryAddress`) VALUES (652, 7, 52, 'Delivered', 'CreditPayment', '2002-02-12 12:26:17', '0545 D\'Amore Meadow Suite 599\nRolfsonberg, AL 69780');
INSERT INTO `Orders` (`ID`, `VendorID`, `CustomerID`, `Status`, `PaymentType`, `CreatedAt`, `DeliveryAddress`) VALUES (653, 8, 53, 'Registered', 'OnlinePayment', '2013-05-31 03:36:06', '19745 Green Divide Suite 415\nNorth Laron, TX 91132');
INSERT INTO `Orders` (`ID`, `VendorID`, `CustomerID`, `Status`, `PaymentType`, `CreatedAt`, `DeliveryAddress`) VALUES (654, 9, 54, 'Delivered', 'CreditPayment', '1991-06-01 07:18:52', '70112 Hills Springs\nEmmiemouth, WA 34069');
INSERT INTO `Orders` (`ID`, `VendorID`, `CustomerID`, `Status`, `PaymentType`, `CreatedAt`, `DeliveryAddress`) VALUES (655, 10, 55, 'Sending', 'CreditPayment', '1991-03-14 05:38:47', '66086 Nicolas Parks Apt. 150\nBenedictberg, NY 67987-5686');
INSERT INTO `Orders` (`ID`, `VendorID`, `CustomerID`, `Status`, `PaymentType`, `CreatedAt`, `DeliveryAddress`) VALUES (656, 11, 56, 'Sending', 'OnlinePayment', '1994-11-05 06:35:38', '260 Altenwerth Well\nNew Saraishire, WY 42618-7208');
INSERT INTO `Orders` (`ID`, `VendorID`, `CustomerID`, `Status`, `PaymentType`, `CreatedAt`, `DeliveryAddress`) VALUES (657, 12, 57, 'Registered', 'CreditPayment', '1980-11-20 03:45:15', '0488 Hermann Roads\nNayeliland, LA 30573');
INSERT INTO `Orders` (`ID`, `VendorID`, `CustomerID`, `Status`, `PaymentType`, `CreatedAt`, `DeliveryAddress`) VALUES (658, 13, 58, 'Registered', 'CreditPayment', '2016-12-06 07:30:29', '9489 Roxane Mission\nPort Delltown, IA 40575-1010');
INSERT INTO `Orders` (`ID`, `VendorID`, `CustomerID`, `Status`, `PaymentType`, `CreatedAt`, `DeliveryAddress`) VALUES (659, 14, 59, 'Registered', 'CreditPayment', '1971-01-26 07:34:51', '2658 Braun Stream Apt. 973\nPort Kaileeville, FL 13936-5511');
INSERT INTO `Orders` (`ID`, `VendorID`, `CustomerID`, `Status`, `PaymentType`, `CreatedAt`, `DeliveryAddress`) VALUES (660, 15, 60, 'Sending', 'OnlinePayment', '1974-09-03 02:48:39', '421 Quitzon Loaf Apt. 243\nPort Emiliemouth, UT 81003');
INSERT INTO `Orders` (`ID`, `VendorID`, `CustomerID`, `Status`, `PaymentType`, `CreatedAt`, `DeliveryAddress`) VALUES (661, 1, 61, 'Sending', 'CreditPayment', '2010-10-07 03:34:17', '0611 Joanne Mountain\nGaylordport, TX 02220');
INSERT INTO `Orders` (`ID`, `VendorID`, `CustomerID`, `Status`, `PaymentType`, `CreatedAt`, `DeliveryAddress`) VALUES (662, 2, 62, 'Delivered', 'CreditPayment', '1989-07-07 08:36:49', '074 Rempel Field Apt. 297\nLake Zackeryside, OK 57800-0938');
INSERT INTO `Orders` (`ID`, `VendorID`, `CustomerID`, `Status`, `PaymentType`, `CreatedAt`, `DeliveryAddress`) VALUES (663, 3, 63, 'Delivered', 'CreditPayment', '1991-12-18 14:38:32', '630 Monahan Ridges\nEast Marciabury, HI 58705-8527');
INSERT INTO `Orders` (`ID`, `VendorID`, `CustomerID`, `Status`, `PaymentType`, `CreatedAt`, `DeliveryAddress`) VALUES (664, 4, 64, 'Registered', 'CreditPayment', '1973-01-29 16:31:58', '0184 Schultz Estate Suite 412\nSethfort, WI 15288');
INSERT INTO `Orders` (`ID`, `VendorID`, `CustomerID`, `Status`, `PaymentType`, `CreatedAt`, `DeliveryAddress`) VALUES (665, 5, 65, 'Registered', 'CreditPayment', '1996-03-10 17:17:15', '8598 Will Fords Suite 152\nPfefferberg, OH 72589-2056');
INSERT INTO `Orders` (`ID`, `VendorID`, `CustomerID`, `Status`, `PaymentType`, `CreatedAt`, `DeliveryAddress`) VALUES (666, 6, 66, 'Sending', 'OnlinePayment', '2016-07-27 02:25:48', '6209 Harvey Valleys\nEugeneland, IA 58134-5159');
INSERT INTO `Orders` (`ID`, `VendorID`, `CustomerID`, `Status`, `PaymentType`, `CreatedAt`, `DeliveryAddress`) VALUES (667, 7, 67, 'Sending', 'OnlinePayment', '2000-11-01 20:49:54', '508 Borer Viaduct Suite 357\nNew Evie, TN 85375');
INSERT INTO `Orders` (`ID`, `VendorID`, `CustomerID`, `Status`, `PaymentType`, `CreatedAt`, `DeliveryAddress`) VALUES (668, 8, 68, 'Registered', 'CreditPayment', '2013-08-10 19:23:37', '98980 Brock Harbors\nLake Zelma, VT 68127');
INSERT INTO `Orders` (`ID`, `VendorID`, `CustomerID`, `Status`, `PaymentType`, `CreatedAt`, `DeliveryAddress`) VALUES (669, 9, 69, 'Registered', 'CreditPayment', '1983-12-30 06:18:40', '0977 Hodkiewicz Plain\nRusselburgh, HI 00893');
INSERT INTO `Orders` (`ID`, `VendorID`, `CustomerID`, `Status`, `PaymentType`, `CreatedAt`, `DeliveryAddress`) VALUES (670, 10, 70, 'Registered', 'OnlinePayment', '1997-12-22 07:25:08', '5337 Schuster Lodge Suite 686\nPort Lulu, VA 83424');
INSERT INTO `Orders` (`ID`, `VendorID`, `CustomerID`, `Status`, `PaymentType`, `CreatedAt`, `DeliveryAddress`) VALUES (671, 11, 71, 'Sending', 'CreditPayment', '1978-04-03 13:59:14', '95222 Odessa View Apt. 305\nGiuseppeburgh, ND 98026');
INSERT INTO `Orders` (`ID`, `VendorID`, `CustomerID`, `Status`, `PaymentType`, `CreatedAt`, `DeliveryAddress`) VALUES (672, 12, 72, 'Sending', 'CreditPayment', '2015-06-14 16:55:49', '792 Titus Dam Apt. 864\nMisaelland, DC 54380');
INSERT INTO `Orders` (`ID`, `VendorID`, `CustomerID`, `Status`, `PaymentType`, `CreatedAt`, `DeliveryAddress`) VALUES (673, 13, 73, 'Delivered', 'CreditPayment', '1985-03-16 12:34:00', '618 Murphy Pass\nLake Hobart, SC 22790');
INSERT INTO `Orders` (`ID`, `VendorID`, `CustomerID`, `Status`, `PaymentType`, `CreatedAt`, `DeliveryAddress`) VALUES (674, 14, 74, 'Delivered', 'CreditPayment', '2006-06-29 15:27:28', '116 Jesus Forge\nBretview, MT 22066-4902');
INSERT INTO `Orders` (`ID`, `VendorID`, `CustomerID`, `Status`, `PaymentType`, `CreatedAt`, `DeliveryAddress`) VALUES (675, 15, 75, 'Delivered', 'OnlinePayment', '1988-03-29 16:21:54', '5259 Price Plains Apt. 794\nMedhursthaven, NH 33841');
INSERT INTO `Orders` (`ID`, `VendorID`, `CustomerID`, `Status`, `PaymentType`, `CreatedAt`, `DeliveryAddress`) VALUES (676, 1, 76, 'Delivered', 'CreditPayment', '2003-03-24 18:52:03', '7192 Abbott Pines Apt. 566\nRathstad, NY 30477');
INSERT INTO `Orders` (`ID`, `VendorID`, `CustomerID`, `Status`, `PaymentType`, `CreatedAt`, `DeliveryAddress`) VALUES (677, 2, 77, 'Delivered', 'CreditPayment', '2009-01-04 22:02:42', '1957 Madie Haven Apt. 963\nCollierbury, ID 11281-0192');
INSERT INTO `Orders` (`ID`, `VendorID`, `CustomerID`, `Status`, `PaymentType`, `CreatedAt`, `DeliveryAddress`) VALUES (678, 3, 78, 'Registered', 'OnlinePayment', '1989-04-07 17:44:04', '04324 Balistreri Burg Suite 330\nRyleighburgh, WY 99745-2780');
INSERT INTO `Orders` (`ID`, `VendorID`, `CustomerID`, `Status`, `PaymentType`, `CreatedAt`, `DeliveryAddress`) VALUES (679, 4, 79, 'Registered', 'CreditPayment', '1975-01-13 03:07:11', '53786 Elissa Alley Suite 699\nMilanfurt, WV 94302');
INSERT INTO `Orders` (`ID`, `VendorID`, `CustomerID`, `Status`, `PaymentType`, `CreatedAt`, `DeliveryAddress`) VALUES (680, 5, 80, 'Delivered', 'CreditPayment', '1983-12-04 04:21:58', '6736 Isabella Crescent\nSouth Adrianaborough, CT 26972-7527');
INSERT INTO `Orders` (`ID`, `VendorID`, `CustomerID`, `Status`, `PaymentType`, `CreatedAt`, `DeliveryAddress`) VALUES (681, 6, 81, 'Registered', 'CreditPayment', '2003-07-25 21:32:33', '82360 Sarai Trace Apt. 226\nLake Nedra, NV 59327');
INSERT INTO `Orders` (`ID`, `VendorID`, `CustomerID`, `Status`, `PaymentType`, `CreatedAt`, `DeliveryAddress`) VALUES (682, 7, 82, 'Registered', 'CreditPayment', '1991-11-16 17:20:38', '6079 Feest Orchard\nSouth Arianna, AR 17936-9519');
INSERT INTO `Orders` (`ID`, `VendorID`, `CustomerID`, `Status`, `PaymentType`, `CreatedAt`, `DeliveryAddress`) VALUES (683, 8, 83, 'Registered', 'OnlinePayment', '2006-05-18 00:24:53', '788 Johnathan Brooks\nSchmittbury, AK 13414');
INSERT INTO `Orders` (`ID`, `VendorID`, `CustomerID`, `Status`, `PaymentType`, `CreatedAt`, `DeliveryAddress`) VALUES (684, 9, 84, 'Registered', 'OnlinePayment', '1971-11-25 09:36:21', '102 Berge Forge\nLakinfurt, DC 94314-1000');
INSERT INTO `Orders` (`ID`, `VendorID`, `CustomerID`, `Status`, `PaymentType`, `CreatedAt`, `DeliveryAddress`) VALUES (685, 10, 85, 'Registered', 'CreditPayment', '1987-05-15 04:44:39', '18181 Johnathon Manors\nPort Mackenzieport, NJ 24687');
INSERT INTO `Orders` (`ID`, `VendorID`, `CustomerID`, `Status`, `PaymentType`, `CreatedAt`, `DeliveryAddress`) VALUES (686, 11, 86, 'Registered', 'CreditPayment', '2005-09-07 03:18:28', '3523 Denesik Parkways\nJenkinshaven, VT 45062');
INSERT INTO `Orders` (`ID`, `VendorID`, `CustomerID`, `Status`, `PaymentType`, `CreatedAt`, `DeliveryAddress`) VALUES (687, 12, 87, 'Registered', 'CreditPayment', '2004-10-31 15:22:47', '86853 Rogahn Locks Apt. 368\nHintzton, DE 57088');
INSERT INTO `Orders` (`ID`, `VendorID`, `CustomerID`, `Status`, `PaymentType`, `CreatedAt`, `DeliveryAddress`) VALUES (688, 13, 88, 'Registered', 'CreditPayment', '1978-11-25 22:33:32', '26783 Stokes Station Suite 573\nSouth Josephineberg, CT 13096');
INSERT INTO `Orders` (`ID`, `VendorID`, `CustomerID`, `Status`, `PaymentType`, `CreatedAt`, `DeliveryAddress`) VALUES (689, 14, 89, 'Delivered', 'CreditPayment', '1999-05-21 23:10:42', '1701 William Lodge\nIssacbury, MN 10556-1455');
INSERT INTO `Orders` (`ID`, `VendorID`, `CustomerID`, `Status`, `PaymentType`, `CreatedAt`, `DeliveryAddress`) VALUES (690, 15, 90, 'Sending', 'CreditPayment', '1983-04-15 07:12:44', '095 Litzy Ramp Apt. 007\nWalshside, NM 32167-4592');
INSERT INTO `Orders` (`ID`, `VendorID`, `CustomerID`, `Status`, `PaymentType`, `CreatedAt`, `DeliveryAddress`) VALUES (691, 1, 91, 'Sending', 'OnlinePayment', '1999-12-09 01:58:04', '378 Ludie Shore Suite 980\nSouth Hassanhaven, MD 27670-3746');
INSERT INTO `Orders` (`ID`, `VendorID`, `CustomerID`, `Status`, `PaymentType`, `CreatedAt`, `DeliveryAddress`) VALUES (692, 2, 92, 'Sending', 'OnlinePayment', '2014-12-07 23:50:51', '8092 Schumm Spurs\nEast Darrionchester, KY 95881-0829');
INSERT INTO `Orders` (`ID`, `VendorID`, `CustomerID`, `Status`, `PaymentType`, `CreatedAt`, `DeliveryAddress`) VALUES (693, 3, 93, 'Registered', 'OnlinePayment', '1986-10-17 21:49:25', '97869 Kiehn Summit\nNorth Ryan, LA 26192');
INSERT INTO `Orders` (`ID`, `VendorID`, `CustomerID`, `Status`, `PaymentType`, `CreatedAt`, `DeliveryAddress`) VALUES (694, 4, 94, 'Registered', 'CreditPayment', '1998-03-14 22:23:52', '240 Mraz Way\nEast Milfordchester, WA 09501-7384');
INSERT INTO `Orders` (`ID`, `VendorID`, `CustomerID`, `Status`, `PaymentType`, `CreatedAt`, `DeliveryAddress`) VALUES (695, 5, 95, 'Registered', 'OnlinePayment', '1971-08-04 16:44:44', '19187 Paige Loaf Suite 141\nMohrview, OK 38512-7052');
INSERT INTO `Orders` (`ID`, `VendorID`, `CustomerID`, `Status`, `PaymentType`, `CreatedAt`, `DeliveryAddress`) VALUES (696, 6, 96, 'Sending', 'CreditPayment', '1983-01-19 00:18:43', '0793 Rhianna Mountain Suite 380\nNew Jacey, DC 45522-5399');
INSERT INTO `Orders` (`ID`, `VendorID`, `CustomerID`, `Status`, `PaymentType`, `CreatedAt`, `DeliveryAddress`) VALUES (697, 7, 97, 'Delivered', 'CreditPayment', '1977-02-13 21:56:34', '72348 Maggio Cliff\nNew Lorainechester, WY 98049');
INSERT INTO `Orders` (`ID`, `VendorID`, `CustomerID`, `Status`, `PaymentType`, `CreatedAt`, `DeliveryAddress`) VALUES (698, 8, 98, 'Sending', 'OnlinePayment', '1974-01-03 02:37:51', '9992 McLaughlin Parks Suite 453\nNew Elvistown, AL 09404-8077');
INSERT INTO `Orders` (`ID`, `VendorID`, `CustomerID`, `Status`, `PaymentType`, `CreatedAt`, `DeliveryAddress`) VALUES (699, 9, 99, 'Sending', 'CreditPayment', '1996-11-16 21:41:59', '376 Parker Villages Suite 626\nToymouth, PA 42939');
INSERT INTO `Orders` (`ID`, `VendorID`, `CustomerID`, `Status`, `PaymentType`, `CreatedAt`, `DeliveryAddress`) VALUES (700, 10, 100, 'Registered', 'CreditPayment', '1974-11-10 04:06:57', '164 Reilly Isle\nKeelingfort, OR 44397');
INSERT INTO `Orders` (`ID`, `VendorID`, `CustomerID`, `Status`, `PaymentType`, `CreatedAt`, `DeliveryAddress`) VALUES (701, 11, 101, 'Delivered', 'OnlinePayment', '2002-01-11 05:41:24', '371 Torphy Club Apt. 540\nWest Guillermomouth, GA 25612');
INSERT INTO `Orders` (`ID`, `VendorID`, `CustomerID`, `Status`, `PaymentType`, `CreatedAt`, `DeliveryAddress`) VALUES (702, 12, 102, 'Sending', 'OnlinePayment', '2011-06-15 09:03:10', '21257 Hickle Flat\nRyanborough, SD 51629-7546');
INSERT INTO `Orders` (`ID`, `VendorID`, `CustomerID`, `Status`, `PaymentType`, `CreatedAt`, `DeliveryAddress`) VALUES (703, 13, 103, 'Sending', 'CreditPayment', '1993-11-11 16:33:58', '712 Steve Radial Apt. 903\nNew Agustina, VT 62825-3533');
INSERT INTO `Orders` (`ID`, `VendorID`, `CustomerID`, `Status`, `PaymentType`, `CreatedAt`, `DeliveryAddress`) VALUES (704, 14, 104, 'Delivered', 'CreditPayment', '1971-04-21 21:24:05', '711 Olen Mount Suite 113\nSchulistmouth, NH 84736-3087');
INSERT INTO `Orders` (`ID`, `VendorID`, `CustomerID`, `Status`, `PaymentType`, `CreatedAt`, `DeliveryAddress`) VALUES (705, 15, 105, 'Delivered', 'CreditPayment', '1999-11-17 00:20:31', '29823 Breitenberg Alley\nTreutelmouth, IL 21183-4312');
INSERT INTO `Orders` (`ID`, `VendorID`, `CustomerID`, `Status`, `PaymentType`, `CreatedAt`, `DeliveryAddress`) VALUES (706, 1, 106, 'Delivered', 'OnlinePayment', '1983-05-21 20:05:02', '0390 Torphy Wall Apt. 796\nBrennafurt, OH 49146-7988');
INSERT INTO `Orders` (`ID`, `VendorID`, `CustomerID`, `Status`, `PaymentType`, `CreatedAt`, `DeliveryAddress`) VALUES (707, 2, 107, 'Registered', 'OnlinePayment', '2001-02-15 19:51:17', '610 Torp Camp Suite 881\nNew Nettie, VA 02690');
INSERT INTO `Orders` (`ID`, `VendorID`, `CustomerID`, `Status`, `PaymentType`, `CreatedAt`, `DeliveryAddress`) VALUES (708, 3, 108, 'Registered', 'OnlinePayment', '1996-03-01 22:36:13', '399 Lavern Freeway Apt. 395\nWest Madalinechester, TX 36543');
INSERT INTO `Orders` (`ID`, `VendorID`, `CustomerID`, `Status`, `PaymentType`, `CreatedAt`, `DeliveryAddress`) VALUES (709, 4, 109, 'Delivered', 'OnlinePayment', '1997-02-18 02:02:22', '0564 Boyle Lake\nNorth Keagan, AL 18188-7121');
INSERT INTO `Orders` (`ID`, `VendorID`, `CustomerID`, `Status`, `PaymentType`, `CreatedAt`, `DeliveryAddress`) VALUES (710, 5, 110, 'Sending', 'OnlinePayment', '1985-11-16 07:59:47', '936 Brakus Meadow Apt. 057\nKeshawnview, VT 13197-3988');
INSERT INTO `Orders` (`ID`, `VendorID`, `CustomerID`, `Status`, `PaymentType`, `CreatedAt`, `DeliveryAddress`) VALUES (711, 6, 111, 'Sending', 'OnlinePayment', '1974-05-16 13:19:11', '63802 Bauch Flat\nEast Valeriefurt, UT 93386');
INSERT INTO `Orders` (`ID`, `VendorID`, `CustomerID`, `Status`, `PaymentType`, `CreatedAt`, `DeliveryAddress`) VALUES (712, 7, 112, 'Registered', 'OnlinePayment', '1970-05-31 11:53:58', '36111 Glover Valleys\nNorth Terrellhaven, IA 82492-7234');
INSERT INTO `Orders` (`ID`, `VendorID`, `CustomerID`, `Status`, `PaymentType`, `CreatedAt`, `DeliveryAddress`) VALUES (713, 8, 113, 'Delivered', 'OnlinePayment', '1991-11-28 07:31:22', '12618 Charlotte Tunnel\nNew Janeshire, UT 23360');
INSERT INTO `Orders` (`ID`, `VendorID`, `CustomerID`, `Status`, `PaymentType`, `CreatedAt`, `DeliveryAddress`) VALUES (714, 9, 114, 'Sending', 'OnlinePayment', '1980-05-29 12:50:36', '006 Daren Landing\nDonnellbury, WI 06279');
INSERT INTO `Orders` (`ID`, `VendorID`, `CustomerID`, `Status`, `PaymentType`, `CreatedAt`, `DeliveryAddress`) VALUES (715, 10, 115, 'Registered', 'OnlinePayment', '1979-06-12 04:53:26', '598 Clarabelle Port Apt. 172\nEast Christineburgh, MN 25433');
INSERT INTO `Orders` (`ID`, `VendorID`, `CustomerID`, `Status`, `PaymentType`, `CreatedAt`, `DeliveryAddress`) VALUES (716, 11, 116, 'Sending', 'OnlinePayment', '1993-11-26 19:42:52', '1362 Nelda Lake\nHerzogchester, NM 37767');
INSERT INTO `Orders` (`ID`, `VendorID`, `CustomerID`, `Status`, `PaymentType`, `CreatedAt`, `DeliveryAddress`) VALUES (717, 12, 117, 'Registered', 'OnlinePayment', '2005-05-15 21:25:31', '4335 Wilderman Stream\nPortermouth, WY 87235');
INSERT INTO `Orders` (`ID`, `VendorID`, `CustomerID`, `Status`, `PaymentType`, `CreatedAt`, `DeliveryAddress`) VALUES (718, 13, 118, 'Sending', 'OnlinePayment', '1996-06-10 06:02:32', '93062 Eddie Pike Suite 720\nLednerfurt, MI 46626');
INSERT INTO `Orders` (`ID`, `VendorID`, `CustomerID`, `Status`, `PaymentType`, `CreatedAt`, `DeliveryAddress`) VALUES (719, 14, 119, 'Delivered', 'CreditPayment', '2006-08-12 01:22:44', '3118 Volkman Place Suite 067\nHerzogmouth, TX 50155-5355');
INSERT INTO `Orders` (`ID`, `VendorID`, `CustomerID`, `Status`, `PaymentType`, `CreatedAt`, `DeliveryAddress`) VALUES (720, 15, 120, 'Registered', 'OnlinePayment', '1991-03-18 09:51:28', '0788 Roberts Avenue Apt. 656\nMaxineville, MS 33158-8243');
INSERT INTO `Orders` (`ID`, `VendorID`, `CustomerID`, `Status`, `PaymentType`, `CreatedAt`, `DeliveryAddress`) VALUES (721, 1, 121, 'Sending', 'CreditPayment', '2006-01-21 20:08:01', '721 Coy Port\nWest Elinor, NV 82318-3390');
INSERT INTO `Orders` (`ID`, `VendorID`, `CustomerID`, `Status`, `PaymentType`, `CreatedAt`, `DeliveryAddress`) VALUES (722, 2, 122, 'Registered', 'OnlinePayment', '2008-05-24 21:46:11', '00588 Estell Mountain Apt. 106\nEast Mercedestown, NM 67197');
INSERT INTO `Orders` (`ID`, `VendorID`, `CustomerID`, `Status`, `PaymentType`, `CreatedAt`, `DeliveryAddress`) VALUES (723, 3, 123, 'Registered', 'OnlinePayment', '1997-09-19 07:47:09', '82911 Kristina Turnpike\nVivianefurt, IA 98780-0423');
INSERT INTO `Orders` (`ID`, `VendorID`, `CustomerID`, `Status`, `PaymentType`, `CreatedAt`, `DeliveryAddress`) VALUES (724, 4, 124, 'Registered', 'CreditPayment', '1983-05-01 12:06:31', '231 Leuschke Walk Apt. 345\nPort Joan, WA 96793-4264');
INSERT INTO `Orders` (`ID`, `VendorID`, `CustomerID`, `Status`, `PaymentType`, `CreatedAt`, `DeliveryAddress`) VALUES (725, 5, 125, 'Registered', 'OnlinePayment', '2000-11-27 06:14:13', '47217 Charley Ferry\nNorth Marc, AK 69498');
INSERT INTO `Orders` (`ID`, `VendorID`, `CustomerID`, `Status`, `PaymentType`, `CreatedAt`, `DeliveryAddress`) VALUES (726, 6, 126, 'Sending', 'CreditPayment', '2000-03-02 14:00:16', '48781 Georgiana Prairie Apt. 547\nThaliaton, IN 24976');
INSERT INTO `Orders` (`ID`, `VendorID`, `CustomerID`, `Status`, `PaymentType`, `CreatedAt`, `DeliveryAddress`) VALUES (727, 7, 127, 'Delivered', 'CreditPayment', '1985-02-04 09:41:38', '1725 Heaney Cliff Suite 856\nKariannefurt, OR 79580');
INSERT INTO `Orders` (`ID`, `VendorID`, `CustomerID`, `Status`, `PaymentType`, `CreatedAt`, `DeliveryAddress`) VALUES (728, 8, 128, 'Sending', 'CreditPayment', '2006-03-29 10:07:01', '0679 Koch Glen Apt. 676\nSouth Lavern, GA 41680');
INSERT INTO `Orders` (`ID`, `VendorID`, `CustomerID`, `Status`, `PaymentType`, `CreatedAt`, `DeliveryAddress`) VALUES (729, 9, 129, 'Delivered', 'CreditPayment', '1983-07-24 14:26:51', '33243 Marcus Station Apt. 172\nHaliestad, SD 92600-8970');
INSERT INTO `Orders` (`ID`, `VendorID`, `CustomerID`, `Status`, `PaymentType`, `CreatedAt`, `DeliveryAddress`) VALUES (730, 10, 130, 'Sending', 'OnlinePayment', '2002-02-12 23:42:07', '06972 Rey Keys Suite 721\nLake Herthashire, TX 29517-0789');
INSERT INTO `Orders` (`ID`, `VendorID`, `CustomerID`, `Status`, `PaymentType`, `CreatedAt`, `DeliveryAddress`) VALUES (731, 11, 131, 'Sending', 'OnlinePayment', '1994-06-08 13:26:20', '91014 Gleichner Burg\nShanellechester, CT 17887');
INSERT INTO `Orders` (`ID`, `VendorID`, `CustomerID`, `Status`, `PaymentType`, `CreatedAt`, `DeliveryAddress`) VALUES (732, 12, 132, 'Delivered', 'OnlinePayment', '1986-01-03 07:28:41', '3317 Parisian Center Suite 891\nLake Eramouth, NM 72633');
INSERT INTO `Orders` (`ID`, `VendorID`, `CustomerID`, `Status`, `PaymentType`, `CreatedAt`, `DeliveryAddress`) VALUES (733, 13, 133, 'Delivered', 'OnlinePayment', '2006-08-03 21:06:14', '97275 Alexandrine Trail Apt. 735\nGoodwinstad, RI 67272');
INSERT INTO `Orders` (`ID`, `VendorID`, `CustomerID`, `Status`, `PaymentType`, `CreatedAt`, `DeliveryAddress`) VALUES (734, 14, 134, 'Sending', 'OnlinePayment', '1993-09-04 04:15:40', '997 Newell Port Apt. 306\nWatersland, DE 69446-3885');
INSERT INTO `Orders` (`ID`, `VendorID`, `CustomerID`, `Status`, `PaymentType`, `CreatedAt`, `DeliveryAddress`) VALUES (735, 15, 135, 'Delivered', 'OnlinePayment', '1984-08-13 09:39:33', '9335 Ondricka Village\nPort Mary, ME 71235-5520');
INSERT INTO `Orders` (`ID`, `VendorID`, `CustomerID`, `Status`, `PaymentType`, `CreatedAt`, `DeliveryAddress`) VALUES (736, 1, 136, 'Sending', 'CreditPayment', '1977-05-10 21:02:56', '50139 Guadalupe Forks Apt. 893\nJaskolskifort, NV 47381-9036');
INSERT INTO `Orders` (`ID`, `VendorID`, `CustomerID`, `Status`, `PaymentType`, `CreatedAt`, `DeliveryAddress`) VALUES (737, 2, 137, 'Registered', 'CreditPayment', '1973-08-07 22:14:25', '1062 Gerhard Lake Suite 590\nPort Stephaniaport, CA 68974');
INSERT INTO `Orders` (`ID`, `VendorID`, `CustomerID`, `Status`, `PaymentType`, `CreatedAt`, `DeliveryAddress`) VALUES (738, 3, 138, 'Sending', 'CreditPayment', '1993-07-29 06:41:37', '90776 Isabelle Mountains\nNorth Wiltonchester, GA 96413');
INSERT INTO `Orders` (`ID`, `VendorID`, `CustomerID`, `Status`, `PaymentType`, `CreatedAt`, `DeliveryAddress`) VALUES (739, 4, 139, 'Registered', 'CreditPayment', '1992-03-18 07:33:15', '72296 Johns Cove\nNorth Jedidiah, DE 62822-7570');
INSERT INTO `Orders` (`ID`, `VendorID`, `CustomerID`, `Status`, `PaymentType`, `CreatedAt`, `DeliveryAddress`) VALUES (740, 5, 140, 'Delivered', 'OnlinePayment', '2001-04-20 12:04:44', '1906 Haag Brooks\nPort Donnellchester, MI 74072');
INSERT INTO `Orders` (`ID`, `VendorID`, `CustomerID`, `Status`, `PaymentType`, `CreatedAt`, `DeliveryAddress`) VALUES (741, 6, 141, 'Delivered', 'CreditPayment', '2011-06-06 17:56:35', '154 Leatha Stream Suite 607\nEast Timmothy, CA 86396-1563');
INSERT INTO `Orders` (`ID`, `VendorID`, `CustomerID`, `Status`, `PaymentType`, `CreatedAt`, `DeliveryAddress`) VALUES (742, 7, 142, 'Delivered', 'OnlinePayment', '2000-07-24 21:59:19', '1785 Zieme Highway Suite 810\nEast Katelinchester, KS 15654');
INSERT INTO `Orders` (`ID`, `VendorID`, `CustomerID`, `Status`, `PaymentType`, `CreatedAt`, `DeliveryAddress`) VALUES (743, 8, 143, 'Delivered', 'CreditPayment', '2006-09-01 16:22:49', '92043 Ebert View Suite 713\nJessikaburgh, OR 55996');
INSERT INTO `Orders` (`ID`, `VendorID`, `CustomerID`, `Status`, `PaymentType`, `CreatedAt`, `DeliveryAddress`) VALUES (744, 9, 144, 'Sending', 'CreditPayment', '2005-01-22 08:04:07', '89452 Frederick Port\nSouth Kareem, VT 66680');
INSERT INTO `Orders` (`ID`, `VendorID`, `CustomerID`, `Status`, `PaymentType`, `CreatedAt`, `DeliveryAddress`) VALUES (745, 10, 145, 'Delivered', 'OnlinePayment', '1999-08-15 20:08:19', '500 Spinka Centers\nDeondrefurt, DC 73468');
INSERT INTO `Orders` (`ID`, `VendorID`, `CustomerID`, `Status`, `PaymentType`, `CreatedAt`, `DeliveryAddress`) VALUES (746, 11, 146, 'Delivered', 'OnlinePayment', '1999-07-15 07:08:49', '341 Jacobs Cove Suite 260\nQuintontown, OH 46134-8522');
INSERT INTO `Orders` (`ID`, `VendorID`, `CustomerID`, `Status`, `PaymentType`, `CreatedAt`, `DeliveryAddress`) VALUES (747, 12, 147, 'Sending', 'CreditPayment', '1985-02-13 00:18:32', '6497 Adonis Circle\nNew Quentin, ME 84900-1778');
INSERT INTO `Orders` (`ID`, `VendorID`, `CustomerID`, `Status`, `PaymentType`, `CreatedAt`, `DeliveryAddress`) VALUES (748, 13, 148, 'Registered', 'CreditPayment', '2014-11-11 14:43:41', '4569 Goodwin Ports Apt. 283\nYasminebury, SD 64938');
INSERT INTO `Orders` (`ID`, `VendorID`, `CustomerID`, `Status`, `PaymentType`, `CreatedAt`, `DeliveryAddress`) VALUES (749, 14, 149, 'Registered', 'CreditPayment', '2000-09-05 06:18:34', '925 Ollie Rue Suite 607\nMonahanborough, AK 00626-6303');
INSERT INTO `Orders` (`ID`, `VendorID`, `CustomerID`, `Status`, `PaymentType`, `CreatedAt`, `DeliveryAddress`) VALUES (750, 15, 150, 'Delivered', 'OnlinePayment', '1981-06-14 18:01:21', '623 Van Meadow Suite 277\nHenribury, SD 89312');
INSERT INTO `Orders` (`ID`, `VendorID`, `CustomerID`, `Status`, `PaymentType`, `CreatedAt`, `DeliveryAddress`) VALUES (751, 1, 151, 'Registered', 'OnlinePayment', '2012-09-13 14:09:20', '573 Rhianna Drives Suite 894\nLowechester, CT 68059');
INSERT INTO `Orders` (`ID`, `VendorID`, `CustomerID`, `Status`, `PaymentType`, `CreatedAt`, `DeliveryAddress`) VALUES (752, 2, 152, 'Sending', 'CreditPayment', '1993-02-20 18:44:53', '306 Leanne Hill\nSengertown, NV 99801-8075');
INSERT INTO `Orders` (`ID`, `VendorID`, `CustomerID`, `Status`, `PaymentType`, `CreatedAt`, `DeliveryAddress`) VALUES (753, 3, 153, 'Sending', 'OnlinePayment', '1970-06-25 04:02:22', '29908 Satterfield Isle\nSouth Ethelmouth, AR 33530-7152');
INSERT INTO `Orders` (`ID`, `VendorID`, `CustomerID`, `Status`, `PaymentType`, `CreatedAt`, `DeliveryAddress`) VALUES (754, 4, 154, 'Sending', 'CreditPayment', '2017-08-11 05:33:56', '6142 O\'Connell Crescent\nEast Arleneview, OK 98197-2760');
INSERT INTO `Orders` (`ID`, `VendorID`, `CustomerID`, `Status`, `PaymentType`, `CreatedAt`, `DeliveryAddress`) VALUES (755, 5, 155, 'Delivered', 'CreditPayment', '1971-01-03 12:19:34', '8035 Chadrick Corner\nGulgowskihaven, OR 78931-0050');
INSERT INTO `Orders` (`ID`, `VendorID`, `CustomerID`, `Status`, `PaymentType`, `CreatedAt`, `DeliveryAddress`) VALUES (756, 6, 156, 'Registered', 'CreditPayment', '1987-01-05 22:45:22', '30221 Willms Trafficway Apt. 713\nWiegandburgh, DE 10430-1850');
INSERT INTO `Orders` (`ID`, `VendorID`, `CustomerID`, `Status`, `PaymentType`, `CreatedAt`, `DeliveryAddress`) VALUES (757, 7, 157, 'Delivered', 'OnlinePayment', '2011-05-28 13:41:43', '136 Green Ways\nWest Gordon, OK 39098');
INSERT INTO `Orders` (`ID`, `VendorID`, `CustomerID`, `Status`, `PaymentType`, `CreatedAt`, `DeliveryAddress`) VALUES (758, 8, 158, 'Sending', 'OnlinePayment', '1977-01-29 16:20:54', '1394 Adeline Point\nErdmanstad, AZ 07516-4600');
INSERT INTO `Orders` (`ID`, `VendorID`, `CustomerID`, `Status`, `PaymentType`, `CreatedAt`, `DeliveryAddress`) VALUES (759, 9, 159, 'Sending', 'OnlinePayment', '2011-09-23 18:16:56', '45285 Bergstrom Prairie Suite 029\nWest Estell, IN 89636');
INSERT INTO `Orders` (`ID`, `VendorID`, `CustomerID`, `Status`, `PaymentType`, `CreatedAt`, `DeliveryAddress`) VALUES (760, 10, 160, 'Delivered', 'OnlinePayment', '1970-10-24 04:30:24', '900 Irving Isle Apt. 844\nRunolfssonhaven, WA 92895-7790');
INSERT INTO `Orders` (`ID`, `VendorID`, `CustomerID`, `Status`, `PaymentType`, `CreatedAt`, `DeliveryAddress`) VALUES (761, 11, 161, 'Registered', 'OnlinePayment', '2005-09-14 18:42:04', '185 Kobe Trail\nPort Madilyn, AL 88969');
INSERT INTO `Orders` (`ID`, `VendorID`, `CustomerID`, `Status`, `PaymentType`, `CreatedAt`, `DeliveryAddress`) VALUES (762, 12, 162, 'Delivered', 'OnlinePayment', '2018-11-18 10:16:06', '70204 Tess Centers\nNorth Deven, AZ 96966');
INSERT INTO `Orders` (`ID`, `VendorID`, `CustomerID`, `Status`, `PaymentType`, `CreatedAt`, `DeliveryAddress`) VALUES (763, 13, 163, 'Registered', 'OnlinePayment', '1989-01-23 10:14:51', '862 Demario Neck\nWest Winifred, AK 09602');
INSERT INTO `Orders` (`ID`, `VendorID`, `CustomerID`, `Status`, `PaymentType`, `CreatedAt`, `DeliveryAddress`) VALUES (764, 14, 164, 'Sending', 'OnlinePayment', '1992-05-23 22:26:59', '393 Ulices Forest\nWest Noahberg, CA 63933');
INSERT INTO `Orders` (`ID`, `VendorID`, `CustomerID`, `Status`, `PaymentType`, `CreatedAt`, `DeliveryAddress`) VALUES (765, 15, 165, 'Sending', 'OnlinePayment', '1996-07-27 03:54:09', '75517 Klocko Cove Apt. 904\nConroyshire, CO 69259-8081');
INSERT INTO `Orders` (`ID`, `VendorID`, `CustomerID`, `Status`, `PaymentType`, `CreatedAt`, `DeliveryAddress`) VALUES (766, 1, 166, 'Delivered', 'CreditPayment', '2010-09-26 12:59:53', '024 Borer Summit Suite 533\nBrannonfort, OR 15317-2712');
INSERT INTO `Orders` (`ID`, `VendorID`, `CustomerID`, `Status`, `PaymentType`, `CreatedAt`, `DeliveryAddress`) VALUES (767, 2, 167, 'Sending', 'OnlinePayment', '2000-06-23 21:27:17', '77482 Audrey Plain\nBoganchester, LA 56482');
INSERT INTO `Orders` (`ID`, `VendorID`, `CustomerID`, `Status`, `PaymentType`, `CreatedAt`, `DeliveryAddress`) VALUES (768, 3, 168, 'Registered', 'OnlinePayment', '1973-03-21 12:00:21', '4027 Arne Squares\nPort Alene, TX 90882');
INSERT INTO `Orders` (`ID`, `VendorID`, `CustomerID`, `Status`, `PaymentType`, `CreatedAt`, `DeliveryAddress`) VALUES (769, 4, 169, 'Sending', 'CreditPayment', '2011-10-14 05:31:57', '2009 Judd Square\nPort Myah, WI 78193-0469');
INSERT INTO `Orders` (`ID`, `VendorID`, `CustomerID`, `Status`, `PaymentType`, `CreatedAt`, `DeliveryAddress`) VALUES (770, 5, 170, 'Registered', 'OnlinePayment', '1979-05-03 17:07:25', '431 Carolanne Run\nDarylfort, HI 10581');
INSERT INTO `Orders` (`ID`, `VendorID`, `CustomerID`, `Status`, `PaymentType`, `CreatedAt`, `DeliveryAddress`) VALUES (771, 6, 171, 'Registered', 'OnlinePayment', '2011-12-20 05:27:50', '268 Oran Summit\nKutchton, MA 87131');
INSERT INTO `Orders` (`ID`, `VendorID`, `CustomerID`, `Status`, `PaymentType`, `CreatedAt`, `DeliveryAddress`) VALUES (772, 7, 172, 'Registered', 'CreditPayment', '1975-02-10 17:17:26', '9904 Fritsch Squares Apt. 850\nMaxineberg, IN 03101-4844');
INSERT INTO `Orders` (`ID`, `VendorID`, `CustomerID`, `Status`, `PaymentType`, `CreatedAt`, `DeliveryAddress`) VALUES (773, 8, 173, 'Delivered', 'CreditPayment', '1998-11-21 20:14:56', '995 Hills Glens Apt. 231\nKautzerstad, NM 00100-6449');
INSERT INTO `Orders` (`ID`, `VendorID`, `CustomerID`, `Status`, `PaymentType`, `CreatedAt`, `DeliveryAddress`) VALUES (774, 9, 174, 'Registered', 'OnlinePayment', '2008-07-07 23:40:55', '5738 Madeline Lodge Apt. 567\nVirginieland, PA 77630-9387');
INSERT INTO `Orders` (`ID`, `VendorID`, `CustomerID`, `Status`, `PaymentType`, `CreatedAt`, `DeliveryAddress`) VALUES (775, 10, 175, 'Delivered', 'CreditPayment', '1977-03-14 11:55:10', '8927 Alyson Underpass\nNorth Victoriafort, WA 97248-4594');
INSERT INTO `Orders` (`ID`, `VendorID`, `CustomerID`, `Status`, `PaymentType`, `CreatedAt`, `DeliveryAddress`) VALUES (776, 11, 176, 'Registered', 'OnlinePayment', '2002-03-31 02:27:22', '795 Hoeger Spur\nPort Ewald, TN 18307-9919');
INSERT INTO `Orders` (`ID`, `VendorID`, `CustomerID`, `Status`, `PaymentType`, `CreatedAt`, `DeliveryAddress`) VALUES (777, 12, 177, 'Registered', 'CreditPayment', '1981-01-24 11:12:04', '0309 Bogisich Mountain\nMarksland, UT 88324-2459');
INSERT INTO `Orders` (`ID`, `VendorID`, `CustomerID`, `Status`, `PaymentType`, `CreatedAt`, `DeliveryAddress`) VALUES (778, 13, 178, 'Delivered', 'OnlinePayment', '1981-12-22 20:14:03', '7597 Zachary Neck Apt. 812\nDelphineberg, MI 94761-5469');
INSERT INTO `Orders` (`ID`, `VendorID`, `CustomerID`, `Status`, `PaymentType`, `CreatedAt`, `DeliveryAddress`) VALUES (779, 14, 179, 'Registered', 'CreditPayment', '1993-10-12 15:48:50', '62993 Leffler Crescent\nWest Emil, NE 93000');
INSERT INTO `Orders` (`ID`, `VendorID`, `CustomerID`, `Status`, `PaymentType`, `CreatedAt`, `DeliveryAddress`) VALUES (780, 15, 180, 'Sending', 'CreditPayment', '2012-04-30 06:08:56', '7197 Durgan Corner Apt. 577\nPort Emmittborough, VT 51289');
INSERT INTO `Orders` (`ID`, `VendorID`, `CustomerID`, `Status`, `PaymentType`, `CreatedAt`, `DeliveryAddress`) VALUES (781, 1, 181, 'Delivered', 'CreditPayment', '1998-02-15 01:22:05', '748 Timothy Squares\nPietrostad, AK 01164');
INSERT INTO `Orders` (`ID`, `VendorID`, `CustomerID`, `Status`, `PaymentType`, `CreatedAt`, `DeliveryAddress`) VALUES (782, 2, 182, 'Delivered', 'CreditPayment', '2010-09-30 02:49:50', '144 Lysanne Unions\nCalebbury, CA 09382');
INSERT INTO `Orders` (`ID`, `VendorID`, `CustomerID`, `Status`, `PaymentType`, `CreatedAt`, `DeliveryAddress`) VALUES (783, 3, 183, 'Sending', 'OnlinePayment', '1971-12-10 19:41:28', '631 Bart Squares Suite 910\nWilliamsonland, ND 47604-9171');
INSERT INTO `Orders` (`ID`, `VendorID`, `CustomerID`, `Status`, `PaymentType`, `CreatedAt`, `DeliveryAddress`) VALUES (784, 4, 184, 'Sending', 'OnlinePayment', '1973-11-12 15:22:28', '045 Mills Shoals Apt. 913\nKossmouth, WV 30857');
INSERT INTO `Orders` (`ID`, `VendorID`, `CustomerID`, `Status`, `PaymentType`, `CreatedAt`, `DeliveryAddress`) VALUES (785, 5, 185, 'Delivered', 'CreditPayment', '1997-05-06 15:09:01', '3348 Carter Freeway Apt. 896\nEast Lance, LA 37240');
INSERT INTO `Orders` (`ID`, `VendorID`, `CustomerID`, `Status`, `PaymentType`, `CreatedAt`, `DeliveryAddress`) VALUES (786, 6, 186, 'Sending', 'OnlinePayment', '2001-05-09 05:35:37', '549 Schinner Neck Suite 757\nWest Zola, VA 86558');
INSERT INTO `Orders` (`ID`, `VendorID`, `CustomerID`, `Status`, `PaymentType`, `CreatedAt`, `DeliveryAddress`) VALUES (787, 7, 187, 'Delivered', 'OnlinePayment', '1993-08-11 01:32:53', '710 Favian Overpass Apt. 279\nMertiehaven, KS 92018');
INSERT INTO `Orders` (`ID`, `VendorID`, `CustomerID`, `Status`, `PaymentType`, `CreatedAt`, `DeliveryAddress`) VALUES (788, 8, 188, 'Sending', 'OnlinePayment', '2006-06-02 10:57:55', '2399 Spencer Ports Apt. 301\nPort Jennifer, ME 83307-8136');
INSERT INTO `Orders` (`ID`, `VendorID`, `CustomerID`, `Status`, `PaymentType`, `CreatedAt`, `DeliveryAddress`) VALUES (789, 9, 189, 'Sending', 'OnlinePayment', '1994-04-15 09:06:07', '55205 Gunnar Corners\nTroyfurt, OH 05485');
INSERT INTO `Orders` (`ID`, `VendorID`, `CustomerID`, `Status`, `PaymentType`, `CreatedAt`, `DeliveryAddress`) VALUES (790, 10, 190, 'Registered', 'CreditPayment', '1987-04-05 03:08:00', '78583 Kovacek Lodge\nSouth Shanahaven, CT 65137-0258');
INSERT INTO `Orders` (`ID`, `VendorID`, `CustomerID`, `Status`, `PaymentType`, `CreatedAt`, `DeliveryAddress`) VALUES (791, 11, 191, 'Delivered', 'CreditPayment', '1972-01-10 09:46:30', '00151 Funk Brooks Apt. 951\nLake Brentstad, NY 55409-1004');
INSERT INTO `Orders` (`ID`, `VendorID`, `CustomerID`, `Status`, `PaymentType`, `CreatedAt`, `DeliveryAddress`) VALUES (792, 12, 192, 'Sending', 'OnlinePayment', '2000-04-19 00:59:23', '93612 Dasia Coves Suite 769\nConstancetown, KS 54609-4365');
INSERT INTO `Orders` (`ID`, `VendorID`, `CustomerID`, `Status`, `PaymentType`, `CreatedAt`, `DeliveryAddress`) VALUES (793, 13, 193, 'Delivered', 'CreditPayment', '1989-10-05 06:11:00', '38989 Hane Lakes Apt. 719\nNannieview, FL 65050-6233');
INSERT INTO `Orders` (`ID`, `VendorID`, `CustomerID`, `Status`, `PaymentType`, `CreatedAt`, `DeliveryAddress`) VALUES (794, 14, 194, 'Delivered', 'CreditPayment', '2013-12-29 15:01:32', '57053 Selina Ways Suite 654\nPfefferberg, RI 83792-6445');
INSERT INTO `Orders` (`ID`, `VendorID`, `CustomerID`, `Status`, `PaymentType`, `CreatedAt`, `DeliveryAddress`) VALUES (795, 15, 195, 'Delivered', 'CreditPayment', '1978-12-24 11:31:44', '8756 Stehr Mall\nPollichview, MN 93470');
INSERT INTO `Orders` (`ID`, `VendorID`, `CustomerID`, `Status`, `PaymentType`, `CreatedAt`, `DeliveryAddress`) VALUES (796, 1, 196, 'Sending', 'CreditPayment', '1990-02-09 02:09:35', '3789 Roy Harbors\nHermannport, SD 71934-6445');
INSERT INTO `Orders` (`ID`, `VendorID`, `CustomerID`, `Status`, `PaymentType`, `CreatedAt`, `DeliveryAddress`) VALUES (797, 2, 197, 'Delivered', 'OnlinePayment', '1973-01-05 06:43:06', '8474 Jazmyn Bridge\nLuettgentown, TX 17120-1190');
INSERT INTO `Orders` (`ID`, `VendorID`, `CustomerID`, `Status`, `PaymentType`, `CreatedAt`, `DeliveryAddress`) VALUES (798, 3, 198, 'Registered', 'CreditPayment', '1974-11-27 01:58:42', '90062 Weissnat Oval Suite 203\nMcKenzieville, NM 28327-4533');
INSERT INTO `Orders` (`ID`, `VendorID`, `CustomerID`, `Status`, `PaymentType`, `CreatedAt`, `DeliveryAddress`) VALUES (799, 4, 199, 'Sending', 'OnlinePayment', '1988-01-24 15:25:28', '34083 Williamson Fords\nSouth Rogershire, SD 62034');
INSERT INTO `Orders` (`ID`, `VendorID`, `CustomerID`, `Status`, `PaymentType`, `CreatedAt`, `DeliveryAddress`) VALUES (800, 5, 200, 'Delivered', 'CreditPayment', '1988-09-26 14:43:16', '4950 Yolanda Summit\nParkerton, MI 28611-4245');


-- #
-- # TABLE STRUCTURE FOR: Product
-- #
--
-- DROP TABLE IF EXISTS `Product`;
--
-- CREATE TABLE `Product` (
--   `ID` int(15) NOT NULL AUTO_INCREMENT,
--   `Title` varchar(50) COLLATE utf8_unicode_ci NOT NULL,
--   `Price` int(20) NOT NULL,
--   PRIMARY KEY (`ID`)
-- ) ENGINE=InnoDB AUTO_INCREMENT=51 DEFAULT CHARSET=utf8 COLLATE=utf8_unicode_ci;

INSERT INTO `Product` (`ID`, `Title`, `Price`) VALUES (1, 'cumque', 7);
INSERT INTO `Product` (`ID`, `Title`, `Price`) VALUES (2, 'qui', 6);
INSERT INTO `Product` (`ID`, `Title`, `Price`) VALUES (3, 'repellendus', 5);
INSERT INTO `Product` (`ID`, `Title`, `Price`) VALUES (4, 'quia', 5);
INSERT INTO `Product` (`ID`, `Title`, `Price`) VALUES (5, 'doloremque', 2);
INSERT INTO `Product` (`ID`, `Title`, `Price`) VALUES (6, 'consequatur', 7);
INSERT INTO `Product` (`ID`, `Title`, `Price`) VALUES (7, 'excepturi', 8);
INSERT INTO `Product` (`ID`, `Title`, `Price`) VALUES (8, 'ratione', 4);
INSERT INTO `Product` (`ID`, `Title`, `Price`) VALUES (9, 'amet', 3);
INSERT INTO `Product` (`ID`, `Title`, `Price`) VALUES (10, 'exercitationem', 5);
INSERT INTO `Product` (`ID`, `Title`, `Price`) VALUES (11, 'et', 5);
INSERT INTO `Product` (`ID`, `Title`, `Price`) VALUES (12, 'esse', 6);
INSERT INTO `Product` (`ID`, `Title`, `Price`) VALUES (13, 'ullam', 5);
INSERT INTO `Product` (`ID`, `Title`, `Price`) VALUES (14, 'incidunt', 8);
INSERT INTO `Product` (`ID`, `Title`, `Price`) VALUES (15, 'quod', 2);
INSERT INTO `Product` (`ID`, `Title`, `Price`) VALUES (16, 'quidem', 5);
INSERT INTO `Product` (`ID`, `Title`, `Price`) VALUES (17, 'ipsum', 8);
INSERT INTO `Product` (`ID`, `Title`, `Price`) VALUES (18, 'qui', 2);
INSERT INTO `Product` (`ID`, `Title`, `Price`) VALUES (19, 'amet', 6);
INSERT INTO `Product` (`ID`, `Title`, `Price`) VALUES (20, 'dolores', 7);
INSERT INTO `Product` (`ID`, `Title`, `Price`) VALUES (21, 'distinctio', 8);
INSERT INTO `Product` (`ID`, `Title`, `Price`) VALUES (22, 'nobis', 4);
INSERT INTO `Product` (`ID`, `Title`, `Price`) VALUES (23, 'dicta', 3);
INSERT INTO `Product` (`ID`, `Title`, `Price`) VALUES (24, 'sint', 1);
INSERT INTO `Product` (`ID`, `Title`, `Price`) VALUES (25, 'aperiam', 3);
INSERT INTO `Product` (`ID`, `Title`, `Price`) VALUES (26, 'voluptatem', 8);
INSERT INTO `Product` (`ID`, `Title`, `Price`) VALUES (27, 'delectus', 6);
INSERT INTO `Product` (`ID`, `Title`, `Price`) VALUES (28, 'et', 7);
INSERT INTO `Product` (`ID`, `Title`, `Price`) VALUES (29, 'in', 2);
INSERT INTO `Product` (`ID`, `Title`, `Price`) VALUES (30, 'veniam', 2);
INSERT INTO `Product` (`ID`, `Title`, `Price`) VALUES (31, 'esse', 2);
INSERT INTO `Product` (`ID`, `Title`, `Price`) VALUES (32, 'accusamus', 9);
INSERT INTO `Product` (`ID`, `Title`, `Price`) VALUES (33, 'non', 2);
INSERT INTO `Product` (`ID`, `Title`, `Price`) VALUES (34, 'rerum', 5);
INSERT INTO `Product` (`ID`, `Title`, `Price`) VALUES (35, 'accusantium', 6);
INSERT INTO `Product` (`ID`, `Title`, `Price`) VALUES (36, 'ut', 3);
INSERT INTO `Product` (`ID`, `Title`, `Price`) VALUES (37, 'praesentium', 9);
INSERT INTO `Product` (`ID`, `Title`, `Price`) VALUES (38, 'ipsam', 4);
INSERT INTO `Product` (`ID`, `Title`, `Price`) VALUES (39, 'a', 9);
INSERT INTO `Product` (`ID`, `Title`, `Price`) VALUES (40, 'et', 6);
INSERT INTO `Product` (`ID`, `Title`, `Price`) VALUES (41, 'optio', 2);
INSERT INTO `Product` (`ID`, `Title`, `Price`) VALUES (42, 'delectus', 6);
INSERT INTO `Product` (`ID`, `Title`, `Price`) VALUES (43, 'suscipit', 8);
INSERT INTO `Product` (`ID`, `Title`, `Price`) VALUES (44, 'omnis', 1);
INSERT INTO `Product` (`ID`, `Title`, `Price`) VALUES (45, 'qui', 2);
INSERT INTO `Product` (`ID`, `Title`, `Price`) VALUES (46, 'consequatur', 3);
INSERT INTO `Product` (`ID`, `Title`, `Price`) VALUES (47, 'aliquam', 5);
INSERT INTO `Product` (`ID`, `Title`, `Price`) VALUES (48, 'eos', 1);
INSERT INTO `Product` (`ID`, `Title`, `Price`) VALUES (49, 'sequi', 5);
INSERT INTO `Product` (`ID`, `Title`, `Price`) VALUES (50, 'qui', 4);




-- #
-- # TABLE STRUCTURE FOR: VendorProduct
-- #
--
-- DROP TABLE IF EXISTS `VendorProduct`;
--
-- CREATE TABLE `VendorProduct` (
--   `VendorID` int(15) NOT NULL,
--   `ProductID` int(15) NOT NULL,
--   `Amount` int(10) NOT NULL,
--   PRIMARY KEY (`ProductID`,`VendorID`),
--   KEY `VendorID` (`VendorID`),
--   CONSTRAINT `VendorProduct_ibfk_1` FOREIGN KEY (`ProductID`) REFERENCES `Product` (`ID`),
--   CONSTRAINT `VendorProduct_ibfk_2` FOREIGN KEY (`VendorID`) REFERENCES `Vendor` (`ID`)
-- ) ENGINE=InnoDB DEFAULT CHARSET=utf8 COLLATE=utf8_unicode_ci;

INSERT INTO `VendorProduct` (`VendorID`, `ProductID`, `Amount`) VALUES (1, 1, 9);
INSERT INTO `VendorProduct` (`VendorID`, `ProductID`, `Amount`) VALUES (6, 1, 2);
INSERT INTO `VendorProduct` (`VendorID`, `ProductID`, `Amount`) VALUES (11, 1, 4);
INSERT INTO `VendorProduct` (`VendorID`, `ProductID`, `Amount`) VALUES (2, 2, 6);
INSERT INTO `VendorProduct` (`VendorID`, `ProductID`, `Amount`) VALUES (7, 2, 4);
INSERT INTO `VendorProduct` (`VendorID`, `ProductID`, `Amount`) VALUES (12, 2, 2);
INSERT INTO `VendorProduct` (`VendorID`, `ProductID`, `Amount`) VALUES (3, 3, 6);
INSERT INTO `VendorProduct` (`VendorID`, `ProductID`, `Amount`) VALUES (8, 3, 3);
INSERT INTO `VendorProduct` (`VendorID`, `ProductID`, `Amount`) VALUES (13, 3, 2);
INSERT INTO `VendorProduct` (`VendorID`, `ProductID`, `Amount`) VALUES (4, 4, 5);
INSERT INTO `VendorProduct` (`VendorID`, `ProductID`, `Amount`) VALUES (9, 4, 7);
INSERT INTO `VendorProduct` (`VendorID`, `ProductID`, `Amount`) VALUES (14, 4, 5);
INSERT INTO `VendorProduct` (`VendorID`, `ProductID`, `Amount`) VALUES (5, 5, 1);
INSERT INTO `VendorProduct` (`VendorID`, `ProductID`, `Amount`) VALUES (10, 5, 1);
INSERT INTO `VendorProduct` (`VendorID`, `ProductID`, `Amount`) VALUES (15, 5, 7);
INSERT INTO `VendorProduct` (`VendorID`, `ProductID`, `Amount`) VALUES (1, 6, 1);
INSERT INTO `VendorProduct` (`VendorID`, `ProductID`, `Amount`) VALUES (6, 6, 5);
INSERT INTO `VendorProduct` (`VendorID`, `ProductID`, `Amount`) VALUES (11, 6, 9);
INSERT INTO `VendorProduct` (`VendorID`, `ProductID`, `Amount`) VALUES (2, 7, 3);
INSERT INTO `VendorProduct` (`VendorID`, `ProductID`, `Amount`) VALUES (7, 7, 5);
INSERT INTO `VendorProduct` (`VendorID`, `ProductID`, `Amount`) VALUES (12, 7, 1);
INSERT INTO `VendorProduct` (`VendorID`, `ProductID`, `Amount`) VALUES (3, 8, 5);
INSERT INTO `VendorProduct` (`VendorID`, `ProductID`, `Amount`) VALUES (8, 8, 2);
INSERT INTO `VendorProduct` (`VendorID`, `ProductID`, `Amount`) VALUES (13, 8, 9);
INSERT INTO `VendorProduct` (`VendorID`, `ProductID`, `Amount`) VALUES (4, 9, 2);
INSERT INTO `VendorProduct` (`VendorID`, `ProductID`, `Amount`) VALUES (9, 9, 7);
INSERT INTO `VendorProduct` (`VendorID`, `ProductID`, `Amount`) VALUES (14, 9, 6);
INSERT INTO `VendorProduct` (`VendorID`, `ProductID`, `Amount`) VALUES (5, 10, 3);
INSERT INTO `VendorProduct` (`VendorID`, `ProductID`, `Amount`) VALUES (10, 10, 4);
INSERT INTO `VendorProduct` (`VendorID`, `ProductID`, `Amount`) VALUES (15, 10, 8);
INSERT INTO `VendorProduct` (`VendorID`, `ProductID`, `Amount`) VALUES (1, 11, 7);
INSERT INTO `VendorProduct` (`VendorID`, `ProductID`, `Amount`) VALUES (6, 11, 1);
INSERT INTO `VendorProduct` (`VendorID`, `ProductID`, `Amount`) VALUES (11, 11, 7);
INSERT INTO `VendorProduct` (`VendorID`, `ProductID`, `Amount`) VALUES (2, 12, 6);
INSERT INTO `VendorProduct` (`VendorID`, `ProductID`, `Amount`) VALUES (7, 12, 5);
INSERT INTO `VendorProduct` (`VendorID`, `ProductID`, `Amount`) VALUES (12, 12, 4);
INSERT INTO `VendorProduct` (`VendorID`, `ProductID`, `Amount`) VALUES (3, 13, 7);
INSERT INTO `VendorProduct` (`VendorID`, `ProductID`, `Amount`) VALUES (8, 13, 6);
INSERT INTO `VendorProduct` (`VendorID`, `ProductID`, `Amount`) VALUES (13, 13, 9);
INSERT INTO `VendorProduct` (`VendorID`, `ProductID`, `Amount`) VALUES (4, 14, 6);
INSERT INTO `VendorProduct` (`VendorID`, `ProductID`, `Amount`) VALUES (9, 14, 7);
INSERT INTO `VendorProduct` (`VendorID`, `ProductID`, `Amount`) VALUES (14, 14, 1);
INSERT INTO `VendorProduct` (`VendorID`, `ProductID`, `Amount`) VALUES (5, 15, 8);
INSERT INTO `VendorProduct` (`VendorID`, `ProductID`, `Amount`) VALUES (10, 15, 7);
INSERT INTO `VendorProduct` (`VendorID`, `ProductID`, `Amount`) VALUES (15, 15, 1);
INSERT INTO `VendorProduct` (`VendorID`, `ProductID`, `Amount`) VALUES (1, 16, 3);
INSERT INTO `VendorProduct` (`VendorID`, `ProductID`, `Amount`) VALUES (6, 16, 3);
INSERT INTO `VendorProduct` (`VendorID`, `ProductID`, `Amount`) VALUES (11, 16, 2);
INSERT INTO `VendorProduct` (`VendorID`, `ProductID`, `Amount`) VALUES (2, 17, 9);
INSERT INTO `VendorProduct` (`VendorID`, `ProductID`, `Amount`) VALUES (7, 17, 5);
INSERT INTO `VendorProduct` (`VendorID`, `ProductID`, `Amount`) VALUES (12, 17, 6);
INSERT INTO `VendorProduct` (`VendorID`, `ProductID`, `Amount`) VALUES (3, 18, 3);
INSERT INTO `VendorProduct` (`VendorID`, `ProductID`, `Amount`) VALUES (8, 18, 5);
INSERT INTO `VendorProduct` (`VendorID`, `ProductID`, `Amount`) VALUES (13, 18, 6);
INSERT INTO `VendorProduct` (`VendorID`, `ProductID`, `Amount`) VALUES (4, 19, 5);
INSERT INTO `VendorProduct` (`VendorID`, `ProductID`, `Amount`) VALUES (9, 19, 2);
INSERT INTO `VendorProduct` (`VendorID`, `ProductID`, `Amount`) VALUES (14, 19, 9);
INSERT INTO `VendorProduct` (`VendorID`, `ProductID`, `Amount`) VALUES (5, 20, 5);
INSERT INTO `VendorProduct` (`VendorID`, `ProductID`, `Amount`) VALUES (10, 20, 4);
INSERT INTO `VendorProduct` (`VendorID`, `ProductID`, `Amount`) VALUES (15, 20, 5);
INSERT INTO `VendorProduct` (`VendorID`, `ProductID`, `Amount`) VALUES (1, 21, 2);
INSERT INTO `VendorProduct` (`VendorID`, `ProductID`, `Amount`) VALUES (6, 21, 1);
INSERT INTO `VendorProduct` (`VendorID`, `ProductID`, `Amount`) VALUES (11, 21, 4);
INSERT INTO `VendorProduct` (`VendorID`, `ProductID`, `Amount`) VALUES (2, 22, 4);
INSERT INTO `VendorProduct` (`VendorID`, `ProductID`, `Amount`) VALUES (7, 22, 4);
INSERT INTO `VendorProduct` (`VendorID`, `ProductID`, `Amount`) VALUES (12, 22, 2);
INSERT INTO `VendorProduct` (`VendorID`, `ProductID`, `Amount`) VALUES (3, 23, 6);
INSERT INTO `VendorProduct` (`VendorID`, `ProductID`, `Amount`) VALUES (8, 23, 4);
INSERT INTO `VendorProduct` (`VendorID`, `ProductID`, `Amount`) VALUES (13, 23, 5);
INSERT INTO `VendorProduct` (`VendorID`, `ProductID`, `Amount`) VALUES (4, 24, 4);
INSERT INTO `VendorProduct` (`VendorID`, `ProductID`, `Amount`) VALUES (9, 24, 4);
INSERT INTO `VendorProduct` (`VendorID`, `ProductID`, `Amount`) VALUES (14, 24, 1);
INSERT INTO `VendorProduct` (`VendorID`, `ProductID`, `Amount`) VALUES (5, 25, 3);
INSERT INTO `VendorProduct` (`VendorID`, `ProductID`, `Amount`) VALUES (10, 25, 2);
INSERT INTO `VendorProduct` (`VendorID`, `ProductID`, `Amount`) VALUES (15, 25, 5);
INSERT INTO `VendorProduct` (`VendorID`, `ProductID`, `Amount`) VALUES (1, 26, 9);
INSERT INTO `VendorProduct` (`VendorID`, `ProductID`, `Amount`) VALUES (6, 26, 3);
INSERT INTO `VendorProduct` (`VendorID`, `ProductID`, `Amount`) VALUES (11, 26, 1);
INSERT INTO `VendorProduct` (`VendorID`, `ProductID`, `Amount`) VALUES (2, 27, 1);
INSERT INTO `VendorProduct` (`VendorID`, `ProductID`, `Amount`) VALUES (7, 27, 7);
INSERT INTO `VendorProduct` (`VendorID`, `ProductID`, `Amount`) VALUES (12, 27, 1);
INSERT INTO `VendorProduct` (`VendorID`, `ProductID`, `Amount`) VALUES (3, 28, 3);
INSERT INTO `VendorProduct` (`VendorID`, `ProductID`, `Amount`) VALUES (8, 28, 6);
INSERT INTO `VendorProduct` (`VendorID`, `ProductID`, `Amount`) VALUES (13, 28, 1);
INSERT INTO `VendorProduct` (`VendorID`, `ProductID`, `Amount`) VALUES (4, 29, 5);
INSERT INTO `VendorProduct` (`VendorID`, `ProductID`, `Amount`) VALUES (9, 29, 1);
INSERT INTO `VendorProduct` (`VendorID`, `ProductID`, `Amount`) VALUES (14, 29, 3);
INSERT INTO `VendorProduct` (`VendorID`, `ProductID`, `Amount`) VALUES (5, 30, 9);
INSERT INTO `VendorProduct` (`VendorID`, `ProductID`, `Amount`) VALUES (10, 30, 3);
INSERT INTO `VendorProduct` (`VendorID`, `ProductID`, `Amount`) VALUES (15, 30, 9);
INSERT INTO `VendorProduct` (`VendorID`, `ProductID`, `Amount`) VALUES (1, 31, 9);
INSERT INTO `VendorProduct` (`VendorID`, `ProductID`, `Amount`) VALUES (6, 31, 6);
INSERT INTO `VendorProduct` (`VendorID`, `ProductID`, `Amount`) VALUES (11, 31, 6);
INSERT INTO `VendorProduct` (`VendorID`, `ProductID`, `Amount`) VALUES (2, 32, 3);
INSERT INTO `VendorProduct` (`VendorID`, `ProductID`, `Amount`) VALUES (7, 32, 8);
INSERT INTO `VendorProduct` (`VendorID`, `ProductID`, `Amount`) VALUES (12, 32, 5);
INSERT INTO `VendorProduct` (`VendorID`, `ProductID`, `Amount`) VALUES (3, 33, 5);
INSERT INTO `VendorProduct` (`VendorID`, `ProductID`, `Amount`) VALUES (8, 33, 5);
INSERT INTO `VendorProduct` (`VendorID`, `ProductID`, `Amount`) VALUES (13, 33, 6);
INSERT INTO `VendorProduct` (`VendorID`, `ProductID`, `Amount`) VALUES (4, 34, 7);
INSERT INTO `VendorProduct` (`VendorID`, `ProductID`, `Amount`) VALUES (9, 34, 8);
INSERT INTO `VendorProduct` (`VendorID`, `ProductID`, `Amount`) VALUES (14, 34, 6);
INSERT INTO `VendorProduct` (`VendorID`, `ProductID`, `Amount`) VALUES (5, 35, 7);
INSERT INTO `VendorProduct` (`VendorID`, `ProductID`, `Amount`) VALUES (10, 35, 8);
INSERT INTO `VendorProduct` (`VendorID`, `ProductID`, `Amount`) VALUES (15, 35, 5);
INSERT INTO `VendorProduct` (`VendorID`, `ProductID`, `Amount`) VALUES (1, 36, 3);
INSERT INTO `VendorProduct` (`VendorID`, `ProductID`, `Amount`) VALUES (6, 36, 6);
INSERT INTO `VendorProduct` (`VendorID`, `ProductID`, `Amount`) VALUES (11, 36, 8);
INSERT INTO `VendorProduct` (`VendorID`, `ProductID`, `Amount`) VALUES (2, 37, 2);
INSERT INTO `VendorProduct` (`VendorID`, `ProductID`, `Amount`) VALUES (7, 37, 6);
INSERT INTO `VendorProduct` (`VendorID`, `ProductID`, `Amount`) VALUES (12, 37, 2);
INSERT INTO `VendorProduct` (`VendorID`, `ProductID`, `Amount`) VALUES (3, 38, 1);
INSERT INTO `VendorProduct` (`VendorID`, `ProductID`, `Amount`) VALUES (8, 38, 1);
INSERT INTO `VendorProduct` (`VendorID`, `ProductID`, `Amount`) VALUES (13, 38, 4);
INSERT INTO `VendorProduct` (`VendorID`, `ProductID`, `Amount`) VALUES (4, 39, 9);
INSERT INTO `VendorProduct` (`VendorID`, `ProductID`, `Amount`) VALUES (9, 39, 8);
INSERT INTO `VendorProduct` (`VendorID`, `ProductID`, `Amount`) VALUES (14, 39, 4);
INSERT INTO `VendorProduct` (`VendorID`, `ProductID`, `Amount`) VALUES (5, 40, 5);
INSERT INTO `VendorProduct` (`VendorID`, `ProductID`, `Amount`) VALUES (10, 40, 3);
INSERT INTO `VendorProduct` (`VendorID`, `ProductID`, `Amount`) VALUES (15, 40, 3);
INSERT INTO `VendorProduct` (`VendorID`, `ProductID`, `Amount`) VALUES (1, 41, 2);
INSERT INTO `VendorProduct` (`VendorID`, `ProductID`, `Amount`) VALUES (6, 41, 7);
INSERT INTO `VendorProduct` (`VendorID`, `ProductID`, `Amount`) VALUES (11, 41, 1);
INSERT INTO `VendorProduct` (`VendorID`, `ProductID`, `Amount`) VALUES (2, 42, 4);
INSERT INTO `VendorProduct` (`VendorID`, `ProductID`, `Amount`) VALUES (7, 42, 7);
INSERT INTO `VendorProduct` (`VendorID`, `ProductID`, `Amount`) VALUES (12, 42, 2);
INSERT INTO `VendorProduct` (`VendorID`, `ProductID`, `Amount`) VALUES (3, 43, 5);
INSERT INTO `VendorProduct` (`VendorID`, `ProductID`, `Amount`) VALUES (8, 43, 6);
INSERT INTO `VendorProduct` (`VendorID`, `ProductID`, `Amount`) VALUES (13, 43, 2);
INSERT INTO `VendorProduct` (`VendorID`, `ProductID`, `Amount`) VALUES (4, 44, 4);
INSERT INTO `VendorProduct` (`VendorID`, `ProductID`, `Amount`) VALUES (9, 44, 4);
INSERT INTO `VendorProduct` (`VendorID`, `ProductID`, `Amount`) VALUES (14, 44, 4);
INSERT INTO `VendorProduct` (`VendorID`, `ProductID`, `Amount`) VALUES (5, 45, 1);
INSERT INTO `VendorProduct` (`VendorID`, `ProductID`, `Amount`) VALUES (10, 45, 3);
INSERT INTO `VendorProduct` (`VendorID`, `ProductID`, `Amount`) VALUES (15, 45, 7);
INSERT INTO `VendorProduct` (`VendorID`, `ProductID`, `Amount`) VALUES (1, 46, 3);
INSERT INTO `VendorProduct` (`VendorID`, `ProductID`, `Amount`) VALUES (6, 46, 4);
INSERT INTO `VendorProduct` (`VendorID`, `ProductID`, `Amount`) VALUES (11, 46, 3);
INSERT INTO `VendorProduct` (`VendorID`, `ProductID`, `Amount`) VALUES (2, 47, 6);
INSERT INTO `VendorProduct` (`VendorID`, `ProductID`, `Amount`) VALUES (7, 47, 6);
INSERT INTO `VendorProduct` (`VendorID`, `ProductID`, `Amount`) VALUES (12, 47, 7);
INSERT INTO `VendorProduct` (`VendorID`, `ProductID`, `Amount`) VALUES (3, 48, 3);
INSERT INTO `VendorProduct` (`VendorID`, `ProductID`, `Amount`) VALUES (8, 48, 9);
INSERT INTO `VendorProduct` (`VendorID`, `ProductID`, `Amount`) VALUES (13, 48, 3);
INSERT INTO `VendorProduct` (`VendorID`, `ProductID`, `Amount`) VALUES (4, 49, 9);
INSERT INTO `VendorProduct` (`VendorID`, `ProductID`, `Amount`) VALUES (9, 49, 4);
INSERT INTO `VendorProduct` (`VendorID`, `ProductID`, `Amount`) VALUES (14, 49, 3);
INSERT INTO `VendorProduct` (`VendorID`, `ProductID`, `Amount`) VALUES (5, 50, 2);
INSERT INTO `VendorProduct` (`VendorID`, `ProductID`, `Amount`) VALUES (10, 50, 1);
INSERT INTO `VendorProduct` (`VendorID`, `ProductID`, `Amount`) VALUES (15, 50, 4);




-- #
-- # TABLE STRUCTURE FOR: OrderProduct
-- #
--
-- DROP TABLE IF EXISTS `OrderProduct`;
--
-- CREATE TABLE `OrderProduct` (
--   `OrderID` int(15) NOT NULL,
--   `ProductID` int(15) NOT NULL,
--   `Amount` int(10) NOT NULL,
--   PRIMARY KEY (`ProductID`,`OrderID`),
--   KEY `OrderID` (`OrderID`),
--   CONSTRAINT `OrderProduct_ibfk_1` FOREIGN KEY (`ProductID`) REFERENCES `Product` (`ID`),
--   CONSTRAINT `OrderProduct_ibfk_2` FOREIGN KEY (`OrderID`) REFERENCES `Orders` (`ID`)
-- ) ENGINE=InnoDB DEFAULT CHARSET=utf8 COLLATE=utf8_unicode_ci;

INSERT INTO `OrderProduct` (`OrderID`, `ProductID`, `Amount`) VALUES (1, 1, 48);
INSERT INTO `OrderProduct` (`OrderID`, `ProductID`, `Amount`) VALUES (51, 1, 9);
INSERT INTO `OrderProduct` (`OrderID`, `ProductID`, `Amount`) VALUES (101, 1, 37);
INSERT INTO `OrderProduct` (`OrderID`, `ProductID`, `Amount`) VALUES (151, 1, 46);
INSERT INTO `OrderProduct` (`OrderID`, `ProductID`, `Amount`) VALUES (201, 1, 50);
INSERT INTO `OrderProduct` (`OrderID`, `ProductID`, `Amount`) VALUES (251, 1, 48);
INSERT INTO `OrderProduct` (`OrderID`, `ProductID`, `Amount`) VALUES (301, 1, 17);
INSERT INTO `OrderProduct` (`OrderID`, `ProductID`, `Amount`) VALUES (351, 1, 11);
INSERT INTO `OrderProduct` (`OrderID`, `ProductID`, `Amount`) VALUES (401, 1, 38);
INSERT INTO `OrderProduct` (`OrderID`, `ProductID`, `Amount`) VALUES (451, 1, 39);
INSERT INTO `OrderProduct` (`OrderID`, `ProductID`, `Amount`) VALUES (501, 1, 16);
INSERT INTO `OrderProduct` (`OrderID`, `ProductID`, `Amount`) VALUES (551, 1, 12);
INSERT INTO `OrderProduct` (`OrderID`, `ProductID`, `Amount`) VALUES (601, 1, 34);
INSERT INTO `OrderProduct` (`OrderID`, `ProductID`, `Amount`) VALUES (651, 1, 31);
INSERT INTO `OrderProduct` (`OrderID`, `ProductID`, `Amount`) VALUES (701, 1, 32);
INSERT INTO `OrderProduct` (`OrderID`, `ProductID`, `Amount`) VALUES (751, 1, 1);
INSERT INTO `OrderProduct` (`OrderID`, `ProductID`, `Amount`) VALUES (2, 2, 37);
INSERT INTO `OrderProduct` (`OrderID`, `ProductID`, `Amount`) VALUES (52, 2, 40);
INSERT INTO `OrderProduct` (`OrderID`, `ProductID`, `Amount`) VALUES (102, 2, 45);
INSERT INTO `OrderProduct` (`OrderID`, `ProductID`, `Amount`) VALUES (152, 2, 36);
INSERT INTO `OrderProduct` (`OrderID`, `ProductID`, `Amount`) VALUES (202, 2, 50);
INSERT INTO `OrderProduct` (`OrderID`, `ProductID`, `Amount`) VALUES (252, 2, 17);
INSERT INTO `OrderProduct` (`OrderID`, `ProductID`, `Amount`) VALUES (302, 2, 40);
INSERT INTO `OrderProduct` (`OrderID`, `ProductID`, `Amount`) VALUES (352, 2, 49);
INSERT INTO `OrderProduct` (`OrderID`, `ProductID`, `Amount`) VALUES (402, 2, 36);
INSERT INTO `OrderProduct` (`OrderID`, `ProductID`, `Amount`) VALUES (452, 2, 7);
INSERT INTO `OrderProduct` (`OrderID`, `ProductID`, `Amount`) VALUES (502, 2, 45);
INSERT INTO `OrderProduct` (`OrderID`, `ProductID`, `Amount`) VALUES (552, 2, 8);
INSERT INTO `OrderProduct` (`OrderID`, `ProductID`, `Amount`) VALUES (602, 2, 21);
INSERT INTO `OrderProduct` (`OrderID`, `ProductID`, `Amount`) VALUES (652, 2, 10);
INSERT INTO `OrderProduct` (`OrderID`, `ProductID`, `Amount`) VALUES (702, 2, 30);
INSERT INTO `OrderProduct` (`OrderID`, `ProductID`, `Amount`) VALUES (752, 2, 21);
INSERT INTO `OrderProduct` (`OrderID`, `ProductID`, `Amount`) VALUES (3, 3, 2);
INSERT INTO `OrderProduct` (`OrderID`, `ProductID`, `Amount`) VALUES (53, 3, 7);
INSERT INTO `OrderProduct` (`OrderID`, `ProductID`, `Amount`) VALUES (103, 3, 7);
INSERT INTO `OrderProduct` (`OrderID`, `ProductID`, `Amount`) VALUES (153, 3, 35);
INSERT INTO `OrderProduct` (`OrderID`, `ProductID`, `Amount`) VALUES (203, 3, 22);
INSERT INTO `OrderProduct` (`OrderID`, `ProductID`, `Amount`) VALUES (253, 3, 6);
INSERT INTO `OrderProduct` (`OrderID`, `ProductID`, `Amount`) VALUES (303, 3, 48);
INSERT INTO `OrderProduct` (`OrderID`, `ProductID`, `Amount`) VALUES (353, 3, 3);
INSERT INTO `OrderProduct` (`OrderID`, `ProductID`, `Amount`) VALUES (403, 3, 12);
INSERT INTO `OrderProduct` (`OrderID`, `ProductID`, `Amount`) VALUES (453, 3, 41);
INSERT INTO `OrderProduct` (`OrderID`, `ProductID`, `Amount`) VALUES (503, 3, 20);
INSERT INTO `OrderProduct` (`OrderID`, `ProductID`, `Amount`) VALUES (553, 3, 40);
INSERT INTO `OrderProduct` (`OrderID`, `ProductID`, `Amount`) VALUES (603, 3, 23);
INSERT INTO `OrderProduct` (`OrderID`, `ProductID`, `Amount`) VALUES (653, 3, 14);
INSERT INTO `OrderProduct` (`OrderID`, `ProductID`, `Amount`) VALUES (703, 3, 25);
INSERT INTO `OrderProduct` (`OrderID`, `ProductID`, `Amount`) VALUES (753, 3, 16);
INSERT INTO `OrderProduct` (`OrderID`, `ProductID`, `Amount`) VALUES (4, 4, 32);
INSERT INTO `OrderProduct` (`OrderID`, `ProductID`, `Amount`) VALUES (54, 4, 8);
INSERT INTO `OrderProduct` (`OrderID`, `ProductID`, `Amount`) VALUES (104, 4, 10);
INSERT INTO `OrderProduct` (`OrderID`, `ProductID`, `Amount`) VALUES (154, 4, 40);
INSERT INTO `OrderProduct` (`OrderID`, `ProductID`, `Amount`) VALUES (204, 4, 20);
INSERT INTO `OrderProduct` (`OrderID`, `ProductID`, `Amount`) VALUES (254, 4, 43);
INSERT INTO `OrderProduct` (`OrderID`, `ProductID`, `Amount`) VALUES (304, 4, 39);
INSERT INTO `OrderProduct` (`OrderID`, `ProductID`, `Amount`) VALUES (354, 4, 9);
INSERT INTO `OrderProduct` (`OrderID`, `ProductID`, `Amount`) VALUES (404, 4, 38);
INSERT INTO `OrderProduct` (`OrderID`, `ProductID`, `Amount`) VALUES (454, 4, 35);
INSERT INTO `OrderProduct` (`OrderID`, `ProductID`, `Amount`) VALUES (504, 4, 20);
INSERT INTO `OrderProduct` (`OrderID`, `ProductID`, `Amount`) VALUES (554, 4, 26);
INSERT INTO `OrderProduct` (`OrderID`, `ProductID`, `Amount`) VALUES (604, 4, 33);
INSERT INTO `OrderProduct` (`OrderID`, `ProductID`, `Amount`) VALUES (654, 4, 39);
INSERT INTO `OrderProduct` (`OrderID`, `ProductID`, `Amount`) VALUES (704, 4, 32);
INSERT INTO `OrderProduct` (`OrderID`, `ProductID`, `Amount`) VALUES (754, 4, 8);
INSERT INTO `OrderProduct` (`OrderID`, `ProductID`, `Amount`) VALUES (5, 5, 9);
INSERT INTO `OrderProduct` (`OrderID`, `ProductID`, `Amount`) VALUES (55, 5, 25);
INSERT INTO `OrderProduct` (`OrderID`, `ProductID`, `Amount`) VALUES (105, 5, 23);
INSERT INTO `OrderProduct` (`OrderID`, `ProductID`, `Amount`) VALUES (155, 5, 49);
INSERT INTO `OrderProduct` (`OrderID`, `ProductID`, `Amount`) VALUES (205, 5, 40);
INSERT INTO `OrderProduct` (`OrderID`, `ProductID`, `Amount`) VALUES (255, 5, 14);
INSERT INTO `OrderProduct` (`OrderID`, `ProductID`, `Amount`) VALUES (305, 5, 17);
INSERT INTO `OrderProduct` (`OrderID`, `ProductID`, `Amount`) VALUES (355, 5, 27);
INSERT INTO `OrderProduct` (`OrderID`, `ProductID`, `Amount`) VALUES (405, 5, 5);
INSERT INTO `OrderProduct` (`OrderID`, `ProductID`, `Amount`) VALUES (455, 5, 40);
INSERT INTO `OrderProduct` (`OrderID`, `ProductID`, `Amount`) VALUES (505, 5, 18);
INSERT INTO `OrderProduct` (`OrderID`, `ProductID`, `Amount`) VALUES (555, 5, 46);
INSERT INTO `OrderProduct` (`OrderID`, `ProductID`, `Amount`) VALUES (605, 5, 26);
INSERT INTO `OrderProduct` (`OrderID`, `ProductID`, `Amount`) VALUES (655, 5, 41);
INSERT INTO `OrderProduct` (`OrderID`, `ProductID`, `Amount`) VALUES (705, 5, 46);
INSERT INTO `OrderProduct` (`OrderID`, `ProductID`, `Amount`) VALUES (755, 5, 40);
INSERT INTO `OrderProduct` (`OrderID`, `ProductID`, `Amount`) VALUES (6, 6, 12);
INSERT INTO `OrderProduct` (`OrderID`, `ProductID`, `Amount`) VALUES (56, 6, 17);
INSERT INTO `OrderProduct` (`OrderID`, `ProductID`, `Amount`) VALUES (106, 6, 19);
INSERT INTO `OrderProduct` (`OrderID`, `ProductID`, `Amount`) VALUES (156, 6, 22);
INSERT INTO `OrderProduct` (`OrderID`, `ProductID`, `Amount`) VALUES (206, 6, 16);
INSERT INTO `OrderProduct` (`OrderID`, `ProductID`, `Amount`) VALUES (256, 6, 40);
INSERT INTO `OrderProduct` (`OrderID`, `ProductID`, `Amount`) VALUES (306, 6, 31);
INSERT INTO `OrderProduct` (`OrderID`, `ProductID`, `Amount`) VALUES (356, 6, 2);
INSERT INTO `OrderProduct` (`OrderID`, `ProductID`, `Amount`) VALUES (406, 6, 42);
INSERT INTO `OrderProduct` (`OrderID`, `ProductID`, `Amount`) VALUES (456, 6, 26);
INSERT INTO `OrderProduct` (`OrderID`, `ProductID`, `Amount`) VALUES (506, 6, 2);
INSERT INTO `OrderProduct` (`OrderID`, `ProductID`, `Amount`) VALUES (556, 6, 43);
INSERT INTO `OrderProduct` (`OrderID`, `ProductID`, `Amount`) VALUES (606, 6, 24);
INSERT INTO `OrderProduct` (`OrderID`, `ProductID`, `Amount`) VALUES (656, 6, 19);
INSERT INTO `OrderProduct` (`OrderID`, `ProductID`, `Amount`) VALUES (706, 6, 20);
INSERT INTO `OrderProduct` (`OrderID`, `ProductID`, `Amount`) VALUES (756, 6, 25);
INSERT INTO `OrderProduct` (`OrderID`, `ProductID`, `Amount`) VALUES (7, 7, 14);
INSERT INTO `OrderProduct` (`OrderID`, `ProductID`, `Amount`) VALUES (57, 7, 8);
INSERT INTO `OrderProduct` (`OrderID`, `ProductID`, `Amount`) VALUES (107, 7, 21);
INSERT INTO `OrderProduct` (`OrderID`, `ProductID`, `Amount`) VALUES (157, 7, 20);
INSERT INTO `OrderProduct` (`OrderID`, `ProductID`, `Amount`) VALUES (207, 7, 1);
INSERT INTO `OrderProduct` (`OrderID`, `ProductID`, `Amount`) VALUES (257, 7, 3);
INSERT INTO `OrderProduct` (`OrderID`, `ProductID`, `Amount`) VALUES (307, 7, 5);
INSERT INTO `OrderProduct` (`OrderID`, `ProductID`, `Amount`) VALUES (357, 7, 44);
INSERT INTO `OrderProduct` (`OrderID`, `ProductID`, `Amount`) VALUES (407, 7, 32);
INSERT INTO `OrderProduct` (`OrderID`, `ProductID`, `Amount`) VALUES (457, 7, 1);
INSERT INTO `OrderProduct` (`OrderID`, `ProductID`, `Amount`) VALUES (507, 7, 16);
INSERT INTO `OrderProduct` (`OrderID`, `ProductID`, `Amount`) VALUES (557, 7, 37);
INSERT INTO `OrderProduct` (`OrderID`, `ProductID`, `Amount`) VALUES (607, 7, 5);
INSERT INTO `OrderProduct` (`OrderID`, `ProductID`, `Amount`) VALUES (657, 7, 46);
INSERT INTO `OrderProduct` (`OrderID`, `ProductID`, `Amount`) VALUES (707, 7, 31);
INSERT INTO `OrderProduct` (`OrderID`, `ProductID`, `Amount`) VALUES (757, 7, 41);
INSERT INTO `OrderProduct` (`OrderID`, `ProductID`, `Amount`) VALUES (8, 8, 17);
INSERT INTO `OrderProduct` (`OrderID`, `ProductID`, `Amount`) VALUES (58, 8, 13);
INSERT INTO `OrderProduct` (`OrderID`, `ProductID`, `Amount`) VALUES (108, 8, 19);
INSERT INTO `OrderProduct` (`OrderID`, `ProductID`, `Amount`) VALUES (158, 8, 42);
INSERT INTO `OrderProduct` (`OrderID`, `ProductID`, `Amount`) VALUES (208, 8, 20);
INSERT INTO `OrderProduct` (`OrderID`, `ProductID`, `Amount`) VALUES (258, 8, 19);
INSERT INTO `OrderProduct` (`OrderID`, `ProductID`, `Amount`) VALUES (308, 8, 8);
INSERT INTO `OrderProduct` (`OrderID`, `ProductID`, `Amount`) VALUES (358, 8, 7);
INSERT INTO `OrderProduct` (`OrderID`, `ProductID`, `Amount`) VALUES (408, 8, 38);
INSERT INTO `OrderProduct` (`OrderID`, `ProductID`, `Amount`) VALUES (458, 8, 18);
INSERT INTO `OrderProduct` (`OrderID`, `ProductID`, `Amount`) VALUES (508, 8, 10);
INSERT INTO `OrderProduct` (`OrderID`, `ProductID`, `Amount`) VALUES (558, 8, 34);
INSERT INTO `OrderProduct` (`OrderID`, `ProductID`, `Amount`) VALUES (608, 8, 31);
INSERT INTO `OrderProduct` (`OrderID`, `ProductID`, `Amount`) VALUES (658, 8, 28);
INSERT INTO `OrderProduct` (`OrderID`, `ProductID`, `Amount`) VALUES (708, 8, 11);
INSERT INTO `OrderProduct` (`OrderID`, `ProductID`, `Amount`) VALUES (758, 8, 39);
INSERT INTO `OrderProduct` (`OrderID`, `ProductID`, `Amount`) VALUES (9, 9, 23);
INSERT INTO `OrderProduct` (`OrderID`, `ProductID`, `Amount`) VALUES (59, 9, 49);
INSERT INTO `OrderProduct` (`OrderID`, `ProductID`, `Amount`) VALUES (109, 9, 36);
INSERT INTO `OrderProduct` (`OrderID`, `ProductID`, `Amount`) VALUES (159, 9, 33);
INSERT INTO `OrderProduct` (`OrderID`, `ProductID`, `Amount`) VALUES (209, 9, 11);
INSERT INTO `OrderProduct` (`OrderID`, `ProductID`, `Amount`) VALUES (259, 9, 37);
INSERT INTO `OrderProduct` (`OrderID`, `ProductID`, `Amount`) VALUES (309, 9, 15);
INSERT INTO `OrderProduct` (`OrderID`, `ProductID`, `Amount`) VALUES (359, 9, 42);
INSERT INTO `OrderProduct` (`OrderID`, `ProductID`, `Amount`) VALUES (409, 9, 46);
INSERT INTO `OrderProduct` (`OrderID`, `ProductID`, `Amount`) VALUES (459, 9, 47);
INSERT INTO `OrderProduct` (`OrderID`, `ProductID`, `Amount`) VALUES (509, 9, 28);
INSERT INTO `OrderProduct` (`OrderID`, `ProductID`, `Amount`) VALUES (559, 9, 48);
INSERT INTO `OrderProduct` (`OrderID`, `ProductID`, `Amount`) VALUES (609, 9, 47);
INSERT INTO `OrderProduct` (`OrderID`, `ProductID`, `Amount`) VALUES (659, 9, 45);
INSERT INTO `OrderProduct` (`OrderID`, `ProductID`, `Amount`) VALUES (709, 9, 19);
INSERT INTO `OrderProduct` (`OrderID`, `ProductID`, `Amount`) VALUES (759, 9, 24);
INSERT INTO `OrderProduct` (`OrderID`, `ProductID`, `Amount`) VALUES (10, 10, 40);
INSERT INTO `OrderProduct` (`OrderID`, `ProductID`, `Amount`) VALUES (60, 10, 50);
INSERT INTO `OrderProduct` (`OrderID`, `ProductID`, `Amount`) VALUES (110, 10, 28);
INSERT INTO `OrderProduct` (`OrderID`, `ProductID`, `Amount`) VALUES (160, 10, 7);
INSERT INTO `OrderProduct` (`OrderID`, `ProductID`, `Amount`) VALUES (210, 10, 19);
INSERT INTO `OrderProduct` (`OrderID`, `ProductID`, `Amount`) VALUES (260, 10, 3);
INSERT INTO `OrderProduct` (`OrderID`, `ProductID`, `Amount`) VALUES (310, 10, 38);
INSERT INTO `OrderProduct` (`OrderID`, `ProductID`, `Amount`) VALUES (360, 10, 45);
INSERT INTO `OrderProduct` (`OrderID`, `ProductID`, `Amount`) VALUES (410, 10, 26);
INSERT INTO `OrderProduct` (`OrderID`, `ProductID`, `Amount`) VALUES (460, 10, 41);
INSERT INTO `OrderProduct` (`OrderID`, `ProductID`, `Amount`) VALUES (510, 10, 40);
INSERT INTO `OrderProduct` (`OrderID`, `ProductID`, `Amount`) VALUES (560, 10, 21);
INSERT INTO `OrderProduct` (`OrderID`, `ProductID`, `Amount`) VALUES (610, 10, 50);
INSERT INTO `OrderProduct` (`OrderID`, `ProductID`, `Amount`) VALUES (660, 10, 19);
INSERT INTO `OrderProduct` (`OrderID`, `ProductID`, `Amount`) VALUES (710, 10, 43);
INSERT INTO `OrderProduct` (`OrderID`, `ProductID`, `Amount`) VALUES (760, 10, 50);
INSERT INTO `OrderProduct` (`OrderID`, `ProductID`, `Amount`) VALUES (11, 11, 19);
INSERT INTO `OrderProduct` (`OrderID`, `ProductID`, `Amount`) VALUES (61, 11, 31);
INSERT INTO `OrderProduct` (`OrderID`, `ProductID`, `Amount`) VALUES (111, 11, 7);
INSERT INTO `OrderProduct` (`OrderID`, `ProductID`, `Amount`) VALUES (161, 11, 21);
INSERT INTO `OrderProduct` (`OrderID`, `ProductID`, `Amount`) VALUES (211, 11, 11);
INSERT INTO `OrderProduct` (`OrderID`, `ProductID`, `Amount`) VALUES (261, 11, 49);
INSERT INTO `OrderProduct` (`OrderID`, `ProductID`, `Amount`) VALUES (311, 11, 9);
INSERT INTO `OrderProduct` (`OrderID`, `ProductID`, `Amount`) VALUES (361, 11, 33);
INSERT INTO `OrderProduct` (`OrderID`, `ProductID`, `Amount`) VALUES (411, 11, 6);
INSERT INTO `OrderProduct` (`OrderID`, `ProductID`, `Amount`) VALUES (461, 11, 15);
INSERT INTO `OrderProduct` (`OrderID`, `ProductID`, `Amount`) VALUES (511, 11, 12);
INSERT INTO `OrderProduct` (`OrderID`, `ProductID`, `Amount`) VALUES (561, 11, 39);
INSERT INTO `OrderProduct` (`OrderID`, `ProductID`, `Amount`) VALUES (611, 11, 37);
INSERT INTO `OrderProduct` (`OrderID`, `ProductID`, `Amount`) VALUES (661, 11, 14);
INSERT INTO `OrderProduct` (`OrderID`, `ProductID`, `Amount`) VALUES (711, 11, 43);
INSERT INTO `OrderProduct` (`OrderID`, `ProductID`, `Amount`) VALUES (761, 11, 12);
INSERT INTO `OrderProduct` (`OrderID`, `ProductID`, `Amount`) VALUES (12, 12, 46);
INSERT INTO `OrderProduct` (`OrderID`, `ProductID`, `Amount`) VALUES (62, 12, 7);
INSERT INTO `OrderProduct` (`OrderID`, `ProductID`, `Amount`) VALUES (112, 12, 28);
INSERT INTO `OrderProduct` (`OrderID`, `ProductID`, `Amount`) VALUES (162, 12, 28);
INSERT INTO `OrderProduct` (`OrderID`, `ProductID`, `Amount`) VALUES (212, 12, 29);
INSERT INTO `OrderProduct` (`OrderID`, `ProductID`, `Amount`) VALUES (262, 12, 28);
INSERT INTO `OrderProduct` (`OrderID`, `ProductID`, `Amount`) VALUES (312, 12, 6);
INSERT INTO `OrderProduct` (`OrderID`, `ProductID`, `Amount`) VALUES (362, 12, 24);
INSERT INTO `OrderProduct` (`OrderID`, `ProductID`, `Amount`) VALUES (412, 12, 9);
INSERT INTO `OrderProduct` (`OrderID`, `ProductID`, `Amount`) VALUES (462, 12, 45);
INSERT INTO `OrderProduct` (`OrderID`, `ProductID`, `Amount`) VALUES (512, 12, 42);
INSERT INTO `OrderProduct` (`OrderID`, `ProductID`, `Amount`) VALUES (562, 12, 45);
INSERT INTO `OrderProduct` (`OrderID`, `ProductID`, `Amount`) VALUES (612, 12, 19);
INSERT INTO `OrderProduct` (`OrderID`, `ProductID`, `Amount`) VALUES (662, 12, 9);
INSERT INTO `OrderProduct` (`OrderID`, `ProductID`, `Amount`) VALUES (712, 12, 17);
INSERT INTO `OrderProduct` (`OrderID`, `ProductID`, `Amount`) VALUES (762, 12, 33);
INSERT INTO `OrderProduct` (`OrderID`, `ProductID`, `Amount`) VALUES (13, 13, 25);
INSERT INTO `OrderProduct` (`OrderID`, `ProductID`, `Amount`) VALUES (63, 13, 3);
INSERT INTO `OrderProduct` (`OrderID`, `ProductID`, `Amount`) VALUES (113, 13, 16);
INSERT INTO `OrderProduct` (`OrderID`, `ProductID`, `Amount`) VALUES (163, 13, 32);
INSERT INTO `OrderProduct` (`OrderID`, `ProductID`, `Amount`) VALUES (213, 13, 39);
INSERT INTO `OrderProduct` (`OrderID`, `ProductID`, `Amount`) VALUES (263, 13, 18);
INSERT INTO `OrderProduct` (`OrderID`, `ProductID`, `Amount`) VALUES (313, 13, 31);
INSERT INTO `OrderProduct` (`OrderID`, `ProductID`, `Amount`) VALUES (363, 13, 3);
INSERT INTO `OrderProduct` (`OrderID`, `ProductID`, `Amount`) VALUES (413, 13, 42);
INSERT INTO `OrderProduct` (`OrderID`, `ProductID`, `Amount`) VALUES (463, 13, 25);
INSERT INTO `OrderProduct` (`OrderID`, `ProductID`, `Amount`) VALUES (513, 13, 10);
INSERT INTO `OrderProduct` (`OrderID`, `ProductID`, `Amount`) VALUES (563, 13, 25);
INSERT INTO `OrderProduct` (`OrderID`, `ProductID`, `Amount`) VALUES (613, 13, 24);
INSERT INTO `OrderProduct` (`OrderID`, `ProductID`, `Amount`) VALUES (663, 13, 22);
INSERT INTO `OrderProduct` (`OrderID`, `ProductID`, `Amount`) VALUES (713, 13, 34);
INSERT INTO `OrderProduct` (`OrderID`, `ProductID`, `Amount`) VALUES (763, 13, 36);
INSERT INTO `OrderProduct` (`OrderID`, `ProductID`, `Amount`) VALUES (14, 14, 40);
INSERT INTO `OrderProduct` (`OrderID`, `ProductID`, `Amount`) VALUES (64, 14, 49);
INSERT INTO `OrderProduct` (`OrderID`, `ProductID`, `Amount`) VALUES (114, 14, 9);
INSERT INTO `OrderProduct` (`OrderID`, `ProductID`, `Amount`) VALUES (164, 14, 30);
INSERT INTO `OrderProduct` (`OrderID`, `ProductID`, `Amount`) VALUES (214, 14, 36);
INSERT INTO `OrderProduct` (`OrderID`, `ProductID`, `Amount`) VALUES (264, 14, 36);
INSERT INTO `OrderProduct` (`OrderID`, `ProductID`, `Amount`) VALUES (314, 14, 46);
INSERT INTO `OrderProduct` (`OrderID`, `ProductID`, `Amount`) VALUES (364, 14, 34);
INSERT INTO `OrderProduct` (`OrderID`, `ProductID`, `Amount`) VALUES (414, 14, 17);
INSERT INTO `OrderProduct` (`OrderID`, `ProductID`, `Amount`) VALUES (464, 14, 9);
INSERT INTO `OrderProduct` (`OrderID`, `ProductID`, `Amount`) VALUES (514, 14, 9);
INSERT INTO `OrderProduct` (`OrderID`, `ProductID`, `Amount`) VALUES (564, 14, 45);
INSERT INTO `OrderProduct` (`OrderID`, `ProductID`, `Amount`) VALUES (614, 14, 13);
INSERT INTO `OrderProduct` (`OrderID`, `ProductID`, `Amount`) VALUES (664, 14, 48);
INSERT INTO `OrderProduct` (`OrderID`, `ProductID`, `Amount`) VALUES (714, 14, 5);
INSERT INTO `OrderProduct` (`OrderID`, `ProductID`, `Amount`) VALUES (764, 14, 44);
INSERT INTO `OrderProduct` (`OrderID`, `ProductID`, `Amount`) VALUES (15, 15, 33);
INSERT INTO `OrderProduct` (`OrderID`, `ProductID`, `Amount`) VALUES (65, 15, 20);
INSERT INTO `OrderProduct` (`OrderID`, `ProductID`, `Amount`) VALUES (115, 15, 5);
INSERT INTO `OrderProduct` (`OrderID`, `ProductID`, `Amount`) VALUES (165, 15, 9);
INSERT INTO `OrderProduct` (`OrderID`, `ProductID`, `Amount`) VALUES (215, 15, 23);
INSERT INTO `OrderProduct` (`OrderID`, `ProductID`, `Amount`) VALUES (265, 15, 42);
INSERT INTO `OrderProduct` (`OrderID`, `ProductID`, `Amount`) VALUES (315, 15, 37);
INSERT INTO `OrderProduct` (`OrderID`, `ProductID`, `Amount`) VALUES (365, 15, 1);
INSERT INTO `OrderProduct` (`OrderID`, `ProductID`, `Amount`) VALUES (415, 15, 29);
INSERT INTO `OrderProduct` (`OrderID`, `ProductID`, `Amount`) VALUES (465, 15, 39);
INSERT INTO `OrderProduct` (`OrderID`, `ProductID`, `Amount`) VALUES (515, 15, 21);
INSERT INTO `OrderProduct` (`OrderID`, `ProductID`, `Amount`) VALUES (565, 15, 3);
INSERT INTO `OrderProduct` (`OrderID`, `ProductID`, `Amount`) VALUES (615, 15, 28);
INSERT INTO `OrderProduct` (`OrderID`, `ProductID`, `Amount`) VALUES (665, 15, 30);
INSERT INTO `OrderProduct` (`OrderID`, `ProductID`, `Amount`) VALUES (715, 15, 39);
INSERT INTO `OrderProduct` (`OrderID`, `ProductID`, `Amount`) VALUES (765, 15, 19);
INSERT INTO `OrderProduct` (`OrderID`, `ProductID`, `Amount`) VALUES (16, 16, 47);
INSERT INTO `OrderProduct` (`OrderID`, `ProductID`, `Amount`) VALUES (66, 16, 30);
INSERT INTO `OrderProduct` (`OrderID`, `ProductID`, `Amount`) VALUES (116, 16, 46);
INSERT INTO `OrderProduct` (`OrderID`, `ProductID`, `Amount`) VALUES (166, 16, 6);
INSERT INTO `OrderProduct` (`OrderID`, `ProductID`, `Amount`) VALUES (216, 16, 32);
INSERT INTO `OrderProduct` (`OrderID`, `ProductID`, `Amount`) VALUES (266, 16, 36);
INSERT INTO `OrderProduct` (`OrderID`, `ProductID`, `Amount`) VALUES (316, 16, 16);
INSERT INTO `OrderProduct` (`OrderID`, `ProductID`, `Amount`) VALUES (366, 16, 13);
INSERT INTO `OrderProduct` (`OrderID`, `ProductID`, `Amount`) VALUES (416, 16, 13);
INSERT INTO `OrderProduct` (`OrderID`, `ProductID`, `Amount`) VALUES (466, 16, 19);
INSERT INTO `OrderProduct` (`OrderID`, `ProductID`, `Amount`) VALUES (516, 16, 37);
INSERT INTO `OrderProduct` (`OrderID`, `ProductID`, `Amount`) VALUES (566, 16, 6);
INSERT INTO `OrderProduct` (`OrderID`, `ProductID`, `Amount`) VALUES (616, 16, 13);
INSERT INTO `OrderProduct` (`OrderID`, `ProductID`, `Amount`) VALUES (666, 16, 37);
INSERT INTO `OrderProduct` (`OrderID`, `ProductID`, `Amount`) VALUES (716, 16, 38);
INSERT INTO `OrderProduct` (`OrderID`, `ProductID`, `Amount`) VALUES (766, 16, 36);
INSERT INTO `OrderProduct` (`OrderID`, `ProductID`, `Amount`) VALUES (17, 17, 5);
INSERT INTO `OrderProduct` (`OrderID`, `ProductID`, `Amount`) VALUES (67, 17, 21);
INSERT INTO `OrderProduct` (`OrderID`, `ProductID`, `Amount`) VALUES (117, 17, 22);
INSERT INTO `OrderProduct` (`OrderID`, `ProductID`, `Amount`) VALUES (167, 17, 1);
INSERT INTO `OrderProduct` (`OrderID`, `ProductID`, `Amount`) VALUES (217, 17, 27);
INSERT INTO `OrderProduct` (`OrderID`, `ProductID`, `Amount`) VALUES (267, 17, 39);
INSERT INTO `OrderProduct` (`OrderID`, `ProductID`, `Amount`) VALUES (317, 17, 23);
INSERT INTO `OrderProduct` (`OrderID`, `ProductID`, `Amount`) VALUES (367, 17, 41);
INSERT INTO `OrderProduct` (`OrderID`, `ProductID`, `Amount`) VALUES (417, 17, 24);
INSERT INTO `OrderProduct` (`OrderID`, `ProductID`, `Amount`) VALUES (467, 17, 14);
INSERT INTO `OrderProduct` (`OrderID`, `ProductID`, `Amount`) VALUES (517, 17, 24);
INSERT INTO `OrderProduct` (`OrderID`, `ProductID`, `Amount`) VALUES (567, 17, 44);
INSERT INTO `OrderProduct` (`OrderID`, `ProductID`, `Amount`) VALUES (617, 17, 23);
INSERT INTO `OrderProduct` (`OrderID`, `ProductID`, `Amount`) VALUES (667, 17, 35);
INSERT INTO `OrderProduct` (`OrderID`, `ProductID`, `Amount`) VALUES (717, 17, 36);
INSERT INTO `OrderProduct` (`OrderID`, `ProductID`, `Amount`) VALUES (767, 17, 16);
INSERT INTO `OrderProduct` (`OrderID`, `ProductID`, `Amount`) VALUES (18, 18, 20);
INSERT INTO `OrderProduct` (`OrderID`, `ProductID`, `Amount`) VALUES (68, 18, 17);
INSERT INTO `OrderProduct` (`OrderID`, `ProductID`, `Amount`) VALUES (118, 18, 38);
INSERT INTO `OrderProduct` (`OrderID`, `ProductID`, `Amount`) VALUES (168, 18, 20);
INSERT INTO `OrderProduct` (`OrderID`, `ProductID`, `Amount`) VALUES (218, 18, 17);
INSERT INTO `OrderProduct` (`OrderID`, `ProductID`, `Amount`) VALUES (268, 18, 9);
INSERT INTO `OrderProduct` (`OrderID`, `ProductID`, `Amount`) VALUES (318, 18, 44);
INSERT INTO `OrderProduct` (`OrderID`, `ProductID`, `Amount`) VALUES (368, 18, 6);
INSERT INTO `OrderProduct` (`OrderID`, `ProductID`, `Amount`) VALUES (418, 18, 29);
INSERT INTO `OrderProduct` (`OrderID`, `ProductID`, `Amount`) VALUES (468, 18, 26);
INSERT INTO `OrderProduct` (`OrderID`, `ProductID`, `Amount`) VALUES (518, 18, 44);
INSERT INTO `OrderProduct` (`OrderID`, `ProductID`, `Amount`) VALUES (568, 18, 42);
INSERT INTO `OrderProduct` (`OrderID`, `ProductID`, `Amount`) VALUES (618, 18, 35);
INSERT INTO `OrderProduct` (`OrderID`, `ProductID`, `Amount`) VALUES (668, 18, 49);
INSERT INTO `OrderProduct` (`OrderID`, `ProductID`, `Amount`) VALUES (718, 18, 22);
INSERT INTO `OrderProduct` (`OrderID`, `ProductID`, `Amount`) VALUES (768, 18, 47);
INSERT INTO `OrderProduct` (`OrderID`, `ProductID`, `Amount`) VALUES (19, 19, 31);
INSERT INTO `OrderProduct` (`OrderID`, `ProductID`, `Amount`) VALUES (69, 19, 3);
INSERT INTO `OrderProduct` (`OrderID`, `ProductID`, `Amount`) VALUES (119, 19, 1);
INSERT INTO `OrderProduct` (`OrderID`, `ProductID`, `Amount`) VALUES (169, 19, 35);
INSERT INTO `OrderProduct` (`OrderID`, `ProductID`, `Amount`) VALUES (219, 19, 11);
INSERT INTO `OrderProduct` (`OrderID`, `ProductID`, `Amount`) VALUES (269, 19, 32);
INSERT INTO `OrderProduct` (`OrderID`, `ProductID`, `Amount`) VALUES (319, 19, 35);
INSERT INTO `OrderProduct` (`OrderID`, `ProductID`, `Amount`) VALUES (369, 19, 32);
INSERT INTO `OrderProduct` (`OrderID`, `ProductID`, `Amount`) VALUES (419, 19, 30);
INSERT INTO `OrderProduct` (`OrderID`, `ProductID`, `Amount`) VALUES (469, 19, 23);
INSERT INTO `OrderProduct` (`OrderID`, `ProductID`, `Amount`) VALUES (519, 19, 19);
INSERT INTO `OrderProduct` (`OrderID`, `ProductID`, `Amount`) VALUES (569, 19, 18);
INSERT INTO `OrderProduct` (`OrderID`, `ProductID`, `Amount`) VALUES (619, 19, 1);
INSERT INTO `OrderProduct` (`OrderID`, `ProductID`, `Amount`) VALUES (669, 19, 4);
INSERT INTO `OrderProduct` (`OrderID`, `ProductID`, `Amount`) VALUES (719, 19, 15);
INSERT INTO `OrderProduct` (`OrderID`, `ProductID`, `Amount`) VALUES (769, 19, 41);
INSERT INTO `OrderProduct` (`OrderID`, `ProductID`, `Amount`) VALUES (20, 20, 50);
INSERT INTO `OrderProduct` (`OrderID`, `ProductID`, `Amount`) VALUES (70, 20, 48);
INSERT INTO `OrderProduct` (`OrderID`, `ProductID`, `Amount`) VALUES (120, 20, 28);
INSERT INTO `OrderProduct` (`OrderID`, `ProductID`, `Amount`) VALUES (170, 20, 11);
INSERT INTO `OrderProduct` (`OrderID`, `ProductID`, `Amount`) VALUES (220, 20, 42);
INSERT INTO `OrderProduct` (`OrderID`, `ProductID`, `Amount`) VALUES (270, 20, 46);
INSERT INTO `OrderProduct` (`OrderID`, `ProductID`, `Amount`) VALUES (320, 20, 1);
INSERT INTO `OrderProduct` (`OrderID`, `ProductID`, `Amount`) VALUES (370, 20, 14);
INSERT INTO `OrderProduct` (`OrderID`, `ProductID`, `Amount`) VALUES (420, 20, 36);
INSERT INTO `OrderProduct` (`OrderID`, `ProductID`, `Amount`) VALUES (470, 20, 11);
INSERT INTO `OrderProduct` (`OrderID`, `ProductID`, `Amount`) VALUES (520, 20, 22);
INSERT INTO `OrderProduct` (`OrderID`, `ProductID`, `Amount`) VALUES (570, 20, 33);
INSERT INTO `OrderProduct` (`OrderID`, `ProductID`, `Amount`) VALUES (620, 20, 14);
INSERT INTO `OrderProduct` (`OrderID`, `ProductID`, `Amount`) VALUES (670, 20, 10);
INSERT INTO `OrderProduct` (`OrderID`, `ProductID`, `Amount`) VALUES (720, 20, 29);
INSERT INTO `OrderProduct` (`OrderID`, `ProductID`, `Amount`) VALUES (770, 20, 10);
INSERT INTO `OrderProduct` (`OrderID`, `ProductID`, `Amount`) VALUES (21, 21, 13);
INSERT INTO `OrderProduct` (`OrderID`, `ProductID`, `Amount`) VALUES (71, 21, 11);
INSERT INTO `OrderProduct` (`OrderID`, `ProductID`, `Amount`) VALUES (121, 21, 25);
INSERT INTO `OrderProduct` (`OrderID`, `ProductID`, `Amount`) VALUES (171, 21, 46);
INSERT INTO `OrderProduct` (`OrderID`, `ProductID`, `Amount`) VALUES (221, 21, 36);
INSERT INTO `OrderProduct` (`OrderID`, `ProductID`, `Amount`) VALUES (271, 21, 18);
INSERT INTO `OrderProduct` (`OrderID`, `ProductID`, `Amount`) VALUES (321, 21, 36);
INSERT INTO `OrderProduct` (`OrderID`, `ProductID`, `Amount`) VALUES (371, 21, 4);
INSERT INTO `OrderProduct` (`OrderID`, `ProductID`, `Amount`) VALUES (421, 21, 38);
INSERT INTO `OrderProduct` (`OrderID`, `ProductID`, `Amount`) VALUES (471, 21, 12);
INSERT INTO `OrderProduct` (`OrderID`, `ProductID`, `Amount`) VALUES (521, 21, 44);
INSERT INTO `OrderProduct` (`OrderID`, `ProductID`, `Amount`) VALUES (571, 21, 35);
INSERT INTO `OrderProduct` (`OrderID`, `ProductID`, `Amount`) VALUES (621, 21, 4);
INSERT INTO `OrderProduct` (`OrderID`, `ProductID`, `Amount`) VALUES (671, 21, 6);
INSERT INTO `OrderProduct` (`OrderID`, `ProductID`, `Amount`) VALUES (721, 21, 12);
INSERT INTO `OrderProduct` (`OrderID`, `ProductID`, `Amount`) VALUES (771, 21, 37);
INSERT INTO `OrderProduct` (`OrderID`, `ProductID`, `Amount`) VALUES (22, 22, 8);
INSERT INTO `OrderProduct` (`OrderID`, `ProductID`, `Amount`) VALUES (72, 22, 11);
INSERT INTO `OrderProduct` (`OrderID`, `ProductID`, `Amount`) VALUES (122, 22, 15);
INSERT INTO `OrderProduct` (`OrderID`, `ProductID`, `Amount`) VALUES (172, 22, 19);
INSERT INTO `OrderProduct` (`OrderID`, `ProductID`, `Amount`) VALUES (222, 22, 20);
INSERT INTO `OrderProduct` (`OrderID`, `ProductID`, `Amount`) VALUES (272, 22, 15);
INSERT INTO `OrderProduct` (`OrderID`, `ProductID`, `Amount`) VALUES (322, 22, 50);
INSERT INTO `OrderProduct` (`OrderID`, `ProductID`, `Amount`) VALUES (372, 22, 18);
INSERT INTO `OrderProduct` (`OrderID`, `ProductID`, `Amount`) VALUES (422, 22, 4);
INSERT INTO `OrderProduct` (`OrderID`, `ProductID`, `Amount`) VALUES (472, 22, 17);
INSERT INTO `OrderProduct` (`OrderID`, `ProductID`, `Amount`) VALUES (522, 22, 49);
INSERT INTO `OrderProduct` (`OrderID`, `ProductID`, `Amount`) VALUES (572, 22, 32);
INSERT INTO `OrderProduct` (`OrderID`, `ProductID`, `Amount`) VALUES (622, 22, 12);
INSERT INTO `OrderProduct` (`OrderID`, `ProductID`, `Amount`) VALUES (672, 22, 13);
INSERT INTO `OrderProduct` (`OrderID`, `ProductID`, `Amount`) VALUES (722, 22, 10);
INSERT INTO `OrderProduct` (`OrderID`, `ProductID`, `Amount`) VALUES (772, 22, 50);
INSERT INTO `OrderProduct` (`OrderID`, `ProductID`, `Amount`) VALUES (23, 23, 12);
INSERT INTO `OrderProduct` (`OrderID`, `ProductID`, `Amount`) VALUES (73, 23, 18);
INSERT INTO `OrderProduct` (`OrderID`, `ProductID`, `Amount`) VALUES (123, 23, 34);
INSERT INTO `OrderProduct` (`OrderID`, `ProductID`, `Amount`) VALUES (173, 23, 43);
INSERT INTO `OrderProduct` (`OrderID`, `ProductID`, `Amount`) VALUES (223, 23, 41);
INSERT INTO `OrderProduct` (`OrderID`, `ProductID`, `Amount`) VALUES (273, 23, 28);
INSERT INTO `OrderProduct` (`OrderID`, `ProductID`, `Amount`) VALUES (323, 23, 32);
INSERT INTO `OrderProduct` (`OrderID`, `ProductID`, `Amount`) VALUES (373, 23, 42);
INSERT INTO `OrderProduct` (`OrderID`, `ProductID`, `Amount`) VALUES (423, 23, 34);
INSERT INTO `OrderProduct` (`OrderID`, `ProductID`, `Amount`) VALUES (473, 23, 9);
INSERT INTO `OrderProduct` (`OrderID`, `ProductID`, `Amount`) VALUES (523, 23, 30);
INSERT INTO `OrderProduct` (`OrderID`, `ProductID`, `Amount`) VALUES (573, 23, 48);
INSERT INTO `OrderProduct` (`OrderID`, `ProductID`, `Amount`) VALUES (623, 23, 11);
INSERT INTO `OrderProduct` (`OrderID`, `ProductID`, `Amount`) VALUES (673, 23, 27);
INSERT INTO `OrderProduct` (`OrderID`, `ProductID`, `Amount`) VALUES (723, 23, 1);
INSERT INTO `OrderProduct` (`OrderID`, `ProductID`, `Amount`) VALUES (773, 23, 42);
INSERT INTO `OrderProduct` (`OrderID`, `ProductID`, `Amount`) VALUES (24, 24, 34);
INSERT INTO `OrderProduct` (`OrderID`, `ProductID`, `Amount`) VALUES (74, 24, 43);
INSERT INTO `OrderProduct` (`OrderID`, `ProductID`, `Amount`) VALUES (124, 24, 8);
INSERT INTO `OrderProduct` (`OrderID`, `ProductID`, `Amount`) VALUES (174, 24, 47);
INSERT INTO `OrderProduct` (`OrderID`, `ProductID`, `Amount`) VALUES (224, 24, 20);
INSERT INTO `OrderProduct` (`OrderID`, `ProductID`, `Amount`) VALUES (274, 24, 8);
INSERT INTO `OrderProduct` (`OrderID`, `ProductID`, `Amount`) VALUES (324, 24, 27);
INSERT INTO `OrderProduct` (`OrderID`, `ProductID`, `Amount`) VALUES (374, 24, 6);
INSERT INTO `OrderProduct` (`OrderID`, `ProductID`, `Amount`) VALUES (424, 24, 41);
INSERT INTO `OrderProduct` (`OrderID`, `ProductID`, `Amount`) VALUES (474, 24, 13);
INSERT INTO `OrderProduct` (`OrderID`, `ProductID`, `Amount`) VALUES (524, 24, 44);
INSERT INTO `OrderProduct` (`OrderID`, `ProductID`, `Amount`) VALUES (574, 24, 16);
INSERT INTO `OrderProduct` (`OrderID`, `ProductID`, `Amount`) VALUES (624, 24, 5);
INSERT INTO `OrderProduct` (`OrderID`, `ProductID`, `Amount`) VALUES (674, 24, 5);
INSERT INTO `OrderProduct` (`OrderID`, `ProductID`, `Amount`) VALUES (724, 24, 31);
INSERT INTO `OrderProduct` (`OrderID`, `ProductID`, `Amount`) VALUES (774, 24, 36);
INSERT INTO `OrderProduct` (`OrderID`, `ProductID`, `Amount`) VALUES (25, 25, 12);
INSERT INTO `OrderProduct` (`OrderID`, `ProductID`, `Amount`) VALUES (75, 25, 45);
INSERT INTO `OrderProduct` (`OrderID`, `ProductID`, `Amount`) VALUES (125, 25, 32);
INSERT INTO `OrderProduct` (`OrderID`, `ProductID`, `Amount`) VALUES (175, 25, 30);
INSERT INTO `OrderProduct` (`OrderID`, `ProductID`, `Amount`) VALUES (225, 25, 44);
INSERT INTO `OrderProduct` (`OrderID`, `ProductID`, `Amount`) VALUES (275, 25, 6);
INSERT INTO `OrderProduct` (`OrderID`, `ProductID`, `Amount`) VALUES (325, 25, 33);
INSERT INTO `OrderProduct` (`OrderID`, `ProductID`, `Amount`) VALUES (375, 25, 49);
INSERT INTO `OrderProduct` (`OrderID`, `ProductID`, `Amount`) VALUES (425, 25, 46);
INSERT INTO `OrderProduct` (`OrderID`, `ProductID`, `Amount`) VALUES (475, 25, 29);
INSERT INTO `OrderProduct` (`OrderID`, `ProductID`, `Amount`) VALUES (525, 25, 44);
INSERT INTO `OrderProduct` (`OrderID`, `ProductID`, `Amount`) VALUES (575, 25, 44);
INSERT INTO `OrderProduct` (`OrderID`, `ProductID`, `Amount`) VALUES (625, 25, 48);
INSERT INTO `OrderProduct` (`OrderID`, `ProductID`, `Amount`) VALUES (675, 25, 3);
INSERT INTO `OrderProduct` (`OrderID`, `ProductID`, `Amount`) VALUES (725, 25, 18);
INSERT INTO `OrderProduct` (`OrderID`, `ProductID`, `Amount`) VALUES (775, 25, 27);
INSERT INTO `OrderProduct` (`OrderID`, `ProductID`, `Amount`) VALUES (26, 26, 3);
INSERT INTO `OrderProduct` (`OrderID`, `ProductID`, `Amount`) VALUES (76, 26, 22);
INSERT INTO `OrderProduct` (`OrderID`, `ProductID`, `Amount`) VALUES (126, 26, 34);
INSERT INTO `OrderProduct` (`OrderID`, `ProductID`, `Amount`) VALUES (176, 26, 37);
INSERT INTO `OrderProduct` (`OrderID`, `ProductID`, `Amount`) VALUES (226, 26, 49);
INSERT INTO `OrderProduct` (`OrderID`, `ProductID`, `Amount`) VALUES (276, 26, 14);
INSERT INTO `OrderProduct` (`OrderID`, `ProductID`, `Amount`) VALUES (326, 26, 4);
INSERT INTO `OrderProduct` (`OrderID`, `ProductID`, `Amount`) VALUES (376, 26, 2);
INSERT INTO `OrderProduct` (`OrderID`, `ProductID`, `Amount`) VALUES (426, 26, 26);
INSERT INTO `OrderProduct` (`OrderID`, `ProductID`, `Amount`) VALUES (476, 26, 26);
INSERT INTO `OrderProduct` (`OrderID`, `ProductID`, `Amount`) VALUES (526, 26, 46);
INSERT INTO `OrderProduct` (`OrderID`, `ProductID`, `Amount`) VALUES (576, 26, 47);
INSERT INTO `OrderProduct` (`OrderID`, `ProductID`, `Amount`) VALUES (626, 26, 30);
INSERT INTO `OrderProduct` (`OrderID`, `ProductID`, `Amount`) VALUES (676, 26, 10);
INSERT INTO `OrderProduct` (`OrderID`, `ProductID`, `Amount`) VALUES (726, 26, 32);
INSERT INTO `OrderProduct` (`OrderID`, `ProductID`, `Amount`) VALUES (776, 26, 47);
INSERT INTO `OrderProduct` (`OrderID`, `ProductID`, `Amount`) VALUES (27, 27, 21);
INSERT INTO `OrderProduct` (`OrderID`, `ProductID`, `Amount`) VALUES (77, 27, 22);
INSERT INTO `OrderProduct` (`OrderID`, `ProductID`, `Amount`) VALUES (127, 27, 36);
INSERT INTO `OrderProduct` (`OrderID`, `ProductID`, `Amount`) VALUES (177, 27, 7);
INSERT INTO `OrderProduct` (`OrderID`, `ProductID`, `Amount`) VALUES (227, 27, 17);
INSERT INTO `OrderProduct` (`OrderID`, `ProductID`, `Amount`) VALUES (277, 27, 46);
INSERT INTO `OrderProduct` (`OrderID`, `ProductID`, `Amount`) VALUES (327, 27, 27);
INSERT INTO `OrderProduct` (`OrderID`, `ProductID`, `Amount`) VALUES (377, 27, 46);
INSERT INTO `OrderProduct` (`OrderID`, `ProductID`, `Amount`) VALUES (427, 27, 24);
INSERT INTO `OrderProduct` (`OrderID`, `ProductID`, `Amount`) VALUES (477, 27, 32);
INSERT INTO `OrderProduct` (`OrderID`, `ProductID`, `Amount`) VALUES (527, 27, 7);
INSERT INTO `OrderProduct` (`OrderID`, `ProductID`, `Amount`) VALUES (577, 27, 44);
INSERT INTO `OrderProduct` (`OrderID`, `ProductID`, `Amount`) VALUES (627, 27, 3);
INSERT INTO `OrderProduct` (`OrderID`, `ProductID`, `Amount`) VALUES (677, 27, 47);
INSERT INTO `OrderProduct` (`OrderID`, `ProductID`, `Amount`) VALUES (727, 27, 39);
INSERT INTO `OrderProduct` (`OrderID`, `ProductID`, `Amount`) VALUES (777, 27, 33);
INSERT INTO `OrderProduct` (`OrderID`, `ProductID`, `Amount`) VALUES (28, 28, 26);
INSERT INTO `OrderProduct` (`OrderID`, `ProductID`, `Amount`) VALUES (78, 28, 9);
INSERT INTO `OrderProduct` (`OrderID`, `ProductID`, `Amount`) VALUES (128, 28, 37);
INSERT INTO `OrderProduct` (`OrderID`, `ProductID`, `Amount`) VALUES (178, 28, 11);
INSERT INTO `OrderProduct` (`OrderID`, `ProductID`, `Amount`) VALUES (228, 28, 3);
INSERT INTO `OrderProduct` (`OrderID`, `ProductID`, `Amount`) VALUES (278, 28, 11);
INSERT INTO `OrderProduct` (`OrderID`, `ProductID`, `Amount`) VALUES (328, 28, 13);
INSERT INTO `OrderProduct` (`OrderID`, `ProductID`, `Amount`) VALUES (378, 28, 50);
INSERT INTO `OrderProduct` (`OrderID`, `ProductID`, `Amount`) VALUES (428, 28, 45);
INSERT INTO `OrderProduct` (`OrderID`, `ProductID`, `Amount`) VALUES (478, 28, 36);
INSERT INTO `OrderProduct` (`OrderID`, `ProductID`, `Amount`) VALUES (528, 28, 46);
INSERT INTO `OrderProduct` (`OrderID`, `ProductID`, `Amount`) VALUES (578, 28, 36);
INSERT INTO `OrderProduct` (`OrderID`, `ProductID`, `Amount`) VALUES (628, 28, 31);
INSERT INTO `OrderProduct` (`OrderID`, `ProductID`, `Amount`) VALUES (678, 28, 16);
INSERT INTO `OrderProduct` (`OrderID`, `ProductID`, `Amount`) VALUES (728, 28, 34);
INSERT INTO `OrderProduct` (`OrderID`, `ProductID`, `Amount`) VALUES (778, 28, 28);
INSERT INTO `OrderProduct` (`OrderID`, `ProductID`, `Amount`) VALUES (29, 29, 42);
INSERT INTO `OrderProduct` (`OrderID`, `ProductID`, `Amount`) VALUES (79, 29, 15);
INSERT INTO `OrderProduct` (`OrderID`, `ProductID`, `Amount`) VALUES (129, 29, 47);
INSERT INTO `OrderProduct` (`OrderID`, `ProductID`, `Amount`) VALUES (179, 29, 3);
INSERT INTO `OrderProduct` (`OrderID`, `ProductID`, `Amount`) VALUES (229, 29, 46);
INSERT INTO `OrderProduct` (`OrderID`, `ProductID`, `Amount`) VALUES (279, 29, 30);
INSERT INTO `OrderProduct` (`OrderID`, `ProductID`, `Amount`) VALUES (329, 29, 11);
INSERT INTO `OrderProduct` (`OrderID`, `ProductID`, `Amount`) VALUES (379, 29, 46);
INSERT INTO `OrderProduct` (`OrderID`, `ProductID`, `Amount`) VALUES (429, 29, 16);
INSERT INTO `OrderProduct` (`OrderID`, `ProductID`, `Amount`) VALUES (479, 29, 43);
INSERT INTO `OrderProduct` (`OrderID`, `ProductID`, `Amount`) VALUES (529, 29, 21);
INSERT INTO `OrderProduct` (`OrderID`, `ProductID`, `Amount`) VALUES (579, 29, 40);
INSERT INTO `OrderProduct` (`OrderID`, `ProductID`, `Amount`) VALUES (629, 29, 42);
INSERT INTO `OrderProduct` (`OrderID`, `ProductID`, `Amount`) VALUES (679, 29, 17);
INSERT INTO `OrderProduct` (`OrderID`, `ProductID`, `Amount`) VALUES (729, 29, 29);
INSERT INTO `OrderProduct` (`OrderID`, `ProductID`, `Amount`) VALUES (779, 29, 16);
INSERT INTO `OrderProduct` (`OrderID`, `ProductID`, `Amount`) VALUES (30, 30, 2);
INSERT INTO `OrderProduct` (`OrderID`, `ProductID`, `Amount`) VALUES (80, 30, 21);
INSERT INTO `OrderProduct` (`OrderID`, `ProductID`, `Amount`) VALUES (130, 30, 20);
INSERT INTO `OrderProduct` (`OrderID`, `ProductID`, `Amount`) VALUES (180, 30, 48);
INSERT INTO `OrderProduct` (`OrderID`, `ProductID`, `Amount`) VALUES (230, 30, 45);
INSERT INTO `OrderProduct` (`OrderID`, `ProductID`, `Amount`) VALUES (280, 30, 38);
INSERT INTO `OrderProduct` (`OrderID`, `ProductID`, `Amount`) VALUES (330, 30, 37);
INSERT INTO `OrderProduct` (`OrderID`, `ProductID`, `Amount`) VALUES (380, 30, 4);
INSERT INTO `OrderProduct` (`OrderID`, `ProductID`, `Amount`) VALUES (430, 30, 46);
INSERT INTO `OrderProduct` (`OrderID`, `ProductID`, `Amount`) VALUES (480, 30, 20);
INSERT INTO `OrderProduct` (`OrderID`, `ProductID`, `Amount`) VALUES (530, 30, 42);
INSERT INTO `OrderProduct` (`OrderID`, `ProductID`, `Amount`) VALUES (580, 30, 28);
INSERT INTO `OrderProduct` (`OrderID`, `ProductID`, `Amount`) VALUES (630, 30, 49);
INSERT INTO `OrderProduct` (`OrderID`, `ProductID`, `Amount`) VALUES (680, 30, 8);
INSERT INTO `OrderProduct` (`OrderID`, `ProductID`, `Amount`) VALUES (730, 30, 28);
INSERT INTO `OrderProduct` (`OrderID`, `ProductID`, `Amount`) VALUES (780, 30, 33);
INSERT INTO `OrderProduct` (`OrderID`, `ProductID`, `Amount`) VALUES (31, 31, 11);
INSERT INTO `OrderProduct` (`OrderID`, `ProductID`, `Amount`) VALUES (81, 31, 22);
INSERT INTO `OrderProduct` (`OrderID`, `ProductID`, `Amount`) VALUES (131, 31, 13);
INSERT INTO `OrderProduct` (`OrderID`, `ProductID`, `Amount`) VALUES (181, 31, 38);
INSERT INTO `OrderProduct` (`OrderID`, `ProductID`, `Amount`) VALUES (231, 31, 1);
INSERT INTO `OrderProduct` (`OrderID`, `ProductID`, `Amount`) VALUES (281, 31, 37);
INSERT INTO `OrderProduct` (`OrderID`, `ProductID`, `Amount`) VALUES (331, 31, 25);
INSERT INTO `OrderProduct` (`OrderID`, `ProductID`, `Amount`) VALUES (381, 31, 25);
INSERT INTO `OrderProduct` (`OrderID`, `ProductID`, `Amount`) VALUES (431, 31, 31);
INSERT INTO `OrderProduct` (`OrderID`, `ProductID`, `Amount`) VALUES (481, 31, 17);
INSERT INTO `OrderProduct` (`OrderID`, `ProductID`, `Amount`) VALUES (531, 31, 33);
INSERT INTO `OrderProduct` (`OrderID`, `ProductID`, `Amount`) VALUES (581, 31, 5);
INSERT INTO `OrderProduct` (`OrderID`, `ProductID`, `Amount`) VALUES (631, 31, 14);
INSERT INTO `OrderProduct` (`OrderID`, `ProductID`, `Amount`) VALUES (681, 31, 13);
INSERT INTO `OrderProduct` (`OrderID`, `ProductID`, `Amount`) VALUES (731, 31, 40);
INSERT INTO `OrderProduct` (`OrderID`, `ProductID`, `Amount`) VALUES (781, 31, 13);
INSERT INTO `OrderProduct` (`OrderID`, `ProductID`, `Amount`) VALUES (32, 32, 1);
INSERT INTO `OrderProduct` (`OrderID`, `ProductID`, `Amount`) VALUES (82, 32, 45);
INSERT INTO `OrderProduct` (`OrderID`, `ProductID`, `Amount`) VALUES (132, 32, 13);
INSERT INTO `OrderProduct` (`OrderID`, `ProductID`, `Amount`) VALUES (182, 32, 3);
INSERT INTO `OrderProduct` (`OrderID`, `ProductID`, `Amount`) VALUES (232, 32, 35);
INSERT INTO `OrderProduct` (`OrderID`, `ProductID`, `Amount`) VALUES (282, 32, 30);
INSERT INTO `OrderProduct` (`OrderID`, `ProductID`, `Amount`) VALUES (332, 32, 15);
INSERT INTO `OrderProduct` (`OrderID`, `ProductID`, `Amount`) VALUES (382, 32, 29);
INSERT INTO `OrderProduct` (`OrderID`, `ProductID`, `Amount`) VALUES (432, 32, 2);
INSERT INTO `OrderProduct` (`OrderID`, `ProductID`, `Amount`) VALUES (482, 32, 36);
INSERT INTO `OrderProduct` (`OrderID`, `ProductID`, `Amount`) VALUES (532, 32, 44);
INSERT INTO `OrderProduct` (`OrderID`, `ProductID`, `Amount`) VALUES (582, 32, 23);
INSERT INTO `OrderProduct` (`OrderID`, `ProductID`, `Amount`) VALUES (632, 32, 28);
INSERT INTO `OrderProduct` (`OrderID`, `ProductID`, `Amount`) VALUES (682, 32, 45);
INSERT INTO `OrderProduct` (`OrderID`, `ProductID`, `Amount`) VALUES (732, 32, 4);
INSERT INTO `OrderProduct` (`OrderID`, `ProductID`, `Amount`) VALUES (782, 32, 2);
INSERT INTO `OrderProduct` (`OrderID`, `ProductID`, `Amount`) VALUES (33, 33, 47);
INSERT INTO `OrderProduct` (`OrderID`, `ProductID`, `Amount`) VALUES (83, 33, 28);
INSERT INTO `OrderProduct` (`OrderID`, `ProductID`, `Amount`) VALUES (133, 33, 39);
INSERT INTO `OrderProduct` (`OrderID`, `ProductID`, `Amount`) VALUES (183, 33, 16);
INSERT INTO `OrderProduct` (`OrderID`, `ProductID`, `Amount`) VALUES (233, 33, 22);
INSERT INTO `OrderProduct` (`OrderID`, `ProductID`, `Amount`) VALUES (283, 33, 35);
INSERT INTO `OrderProduct` (`OrderID`, `ProductID`, `Amount`) VALUES (333, 33, 41);
INSERT INTO `OrderProduct` (`OrderID`, `ProductID`, `Amount`) VALUES (383, 33, 4);
INSERT INTO `OrderProduct` (`OrderID`, `ProductID`, `Amount`) VALUES (433, 33, 18);
INSERT INTO `OrderProduct` (`OrderID`, `ProductID`, `Amount`) VALUES (483, 33, 43);
INSERT INTO `OrderProduct` (`OrderID`, `ProductID`, `Amount`) VALUES (533, 33, 20);
INSERT INTO `OrderProduct` (`OrderID`, `ProductID`, `Amount`) VALUES (583, 33, 33);
INSERT INTO `OrderProduct` (`OrderID`, `ProductID`, `Amount`) VALUES (633, 33, 48);
INSERT INTO `OrderProduct` (`OrderID`, `ProductID`, `Amount`) VALUES (683, 33, 1);
INSERT INTO `OrderProduct` (`OrderID`, `ProductID`, `Amount`) VALUES (733, 33, 39);
INSERT INTO `OrderProduct` (`OrderID`, `ProductID`, `Amount`) VALUES (783, 33, 23);
INSERT INTO `OrderProduct` (`OrderID`, `ProductID`, `Amount`) VALUES (34, 34, 44);
INSERT INTO `OrderProduct` (`OrderID`, `ProductID`, `Amount`) VALUES (84, 34, 35);
INSERT INTO `OrderProduct` (`OrderID`, `ProductID`, `Amount`) VALUES (134, 34, 40);
INSERT INTO `OrderProduct` (`OrderID`, `ProductID`, `Amount`) VALUES (184, 34, 4);
INSERT INTO `OrderProduct` (`OrderID`, `ProductID`, `Amount`) VALUES (234, 34, 32);
INSERT INTO `OrderProduct` (`OrderID`, `ProductID`, `Amount`) VALUES (284, 34, 48);
INSERT INTO `OrderProduct` (`OrderID`, `ProductID`, `Amount`) VALUES (334, 34, 8);
INSERT INTO `OrderProduct` (`OrderID`, `ProductID`, `Amount`) VALUES (384, 34, 35);
INSERT INTO `OrderProduct` (`OrderID`, `ProductID`, `Amount`) VALUES (434, 34, 44);
INSERT INTO `OrderProduct` (`OrderID`, `ProductID`, `Amount`) VALUES (484, 34, 22);
INSERT INTO `OrderProduct` (`OrderID`, `ProductID`, `Amount`) VALUES (534, 34, 47);
INSERT INTO `OrderProduct` (`OrderID`, `ProductID`, `Amount`) VALUES (584, 34, 34);
INSERT INTO `OrderProduct` (`OrderID`, `ProductID`, `Amount`) VALUES (634, 34, 26);
INSERT INTO `OrderProduct` (`OrderID`, `ProductID`, `Amount`) VALUES (684, 34, 13);
INSERT INTO `OrderProduct` (`OrderID`, `ProductID`, `Amount`) VALUES (734, 34, 32);
INSERT INTO `OrderProduct` (`OrderID`, `ProductID`, `Amount`) VALUES (784, 34, 45);
INSERT INTO `OrderProduct` (`OrderID`, `ProductID`, `Amount`) VALUES (35, 35, 2);
INSERT INTO `OrderProduct` (`OrderID`, `ProductID`, `Amount`) VALUES (85, 35, 32);
INSERT INTO `OrderProduct` (`OrderID`, `ProductID`, `Amount`) VALUES (135, 35, 26);
INSERT INTO `OrderProduct` (`OrderID`, `ProductID`, `Amount`) VALUES (185, 35, 18);
INSERT INTO `OrderProduct` (`OrderID`, `ProductID`, `Amount`) VALUES (235, 35, 7);
INSERT INTO `OrderProduct` (`OrderID`, `ProductID`, `Amount`) VALUES (285, 35, 10);
INSERT INTO `OrderProduct` (`OrderID`, `ProductID`, `Amount`) VALUES (335, 35, 46);
INSERT INTO `OrderProduct` (`OrderID`, `ProductID`, `Amount`) VALUES (385, 35, 35);
INSERT INTO `OrderProduct` (`OrderID`, `ProductID`, `Amount`) VALUES (435, 35, 36);
INSERT INTO `OrderProduct` (`OrderID`, `ProductID`, `Amount`) VALUES (485, 35, 26);
INSERT INTO `OrderProduct` (`OrderID`, `ProductID`, `Amount`) VALUES (535, 35, 31);
INSERT INTO `OrderProduct` (`OrderID`, `ProductID`, `Amount`) VALUES (585, 35, 25);
INSERT INTO `OrderProduct` (`OrderID`, `ProductID`, `Amount`) VALUES (635, 35, 34);
INSERT INTO `OrderProduct` (`OrderID`, `ProductID`, `Amount`) VALUES (685, 35, 17);
INSERT INTO `OrderProduct` (`OrderID`, `ProductID`, `Amount`) VALUES (735, 35, 26);
INSERT INTO `OrderProduct` (`OrderID`, `ProductID`, `Amount`) VALUES (785, 35, 28);
INSERT INTO `OrderProduct` (`OrderID`, `ProductID`, `Amount`) VALUES (36, 36, 44);
INSERT INTO `OrderProduct` (`OrderID`, `ProductID`, `Amount`) VALUES (86, 36, 49);
INSERT INTO `OrderProduct` (`OrderID`, `ProductID`, `Amount`) VALUES (136, 36, 9);
INSERT INTO `OrderProduct` (`OrderID`, `ProductID`, `Amount`) VALUES (186, 36, 27);
INSERT INTO `OrderProduct` (`OrderID`, `ProductID`, `Amount`) VALUES (236, 36, 2);
INSERT INTO `OrderProduct` (`OrderID`, `ProductID`, `Amount`) VALUES (286, 36, 3);
INSERT INTO `OrderProduct` (`OrderID`, `ProductID`, `Amount`) VALUES (336, 36, 46);
INSERT INTO `OrderProduct` (`OrderID`, `ProductID`, `Amount`) VALUES (386, 36, 31);
INSERT INTO `OrderProduct` (`OrderID`, `ProductID`, `Amount`) VALUES (436, 36, 26);
INSERT INTO `OrderProduct` (`OrderID`, `ProductID`, `Amount`) VALUES (486, 36, 14);
INSERT INTO `OrderProduct` (`OrderID`, `ProductID`, `Amount`) VALUES (536, 36, 34);
INSERT INTO `OrderProduct` (`OrderID`, `ProductID`, `Amount`) VALUES (586, 36, 4);
INSERT INTO `OrderProduct` (`OrderID`, `ProductID`, `Amount`) VALUES (636, 36, 21);
INSERT INTO `OrderProduct` (`OrderID`, `ProductID`, `Amount`) VALUES (686, 36, 7);
INSERT INTO `OrderProduct` (`OrderID`, `ProductID`, `Amount`) VALUES (736, 36, 4);
INSERT INTO `OrderProduct` (`OrderID`, `ProductID`, `Amount`) VALUES (786, 36, 45);
INSERT INTO `OrderProduct` (`OrderID`, `ProductID`, `Amount`) VALUES (37, 37, 4);
INSERT INTO `OrderProduct` (`OrderID`, `ProductID`, `Amount`) VALUES (87, 37, 2);
INSERT INTO `OrderProduct` (`OrderID`, `ProductID`, `Amount`) VALUES (137, 37, 8);
INSERT INTO `OrderProduct` (`OrderID`, `ProductID`, `Amount`) VALUES (187, 37, 21);
INSERT INTO `OrderProduct` (`OrderID`, `ProductID`, `Amount`) VALUES (237, 37, 24);
INSERT INTO `OrderProduct` (`OrderID`, `ProductID`, `Amount`) VALUES (287, 37, 34);
INSERT INTO `OrderProduct` (`OrderID`, `ProductID`, `Amount`) VALUES (337, 37, 49);
INSERT INTO `OrderProduct` (`OrderID`, `ProductID`, `Amount`) VALUES (387, 37, 3);
INSERT INTO `OrderProduct` (`OrderID`, `ProductID`, `Amount`) VALUES (437, 37, 4);
INSERT INTO `OrderProduct` (`OrderID`, `ProductID`, `Amount`) VALUES (487, 37, 34);
INSERT INTO `OrderProduct` (`OrderID`, `ProductID`, `Amount`) VALUES (537, 37, 35);
INSERT INTO `OrderProduct` (`OrderID`, `ProductID`, `Amount`) VALUES (587, 37, 42);
INSERT INTO `OrderProduct` (`OrderID`, `ProductID`, `Amount`) VALUES (637, 37, 32);
INSERT INTO `OrderProduct` (`OrderID`, `ProductID`, `Amount`) VALUES (687, 37, 29);
INSERT INTO `OrderProduct` (`OrderID`, `ProductID`, `Amount`) VALUES (737, 37, 15);
INSERT INTO `OrderProduct` (`OrderID`, `ProductID`, `Amount`) VALUES (787, 37, 6);
INSERT INTO `OrderProduct` (`OrderID`, `ProductID`, `Amount`) VALUES (38, 38, 39);
INSERT INTO `OrderProduct` (`OrderID`, `ProductID`, `Amount`) VALUES (88, 38, 27);
INSERT INTO `OrderProduct` (`OrderID`, `ProductID`, `Amount`) VALUES (138, 38, 39);
INSERT INTO `OrderProduct` (`OrderID`, `ProductID`, `Amount`) VALUES (188, 38, 18);
INSERT INTO `OrderProduct` (`OrderID`, `ProductID`, `Amount`) VALUES (238, 38, 15);
INSERT INTO `OrderProduct` (`OrderID`, `ProductID`, `Amount`) VALUES (288, 38, 11);
INSERT INTO `OrderProduct` (`OrderID`, `ProductID`, `Amount`) VALUES (338, 38, 8);
INSERT INTO `OrderProduct` (`OrderID`, `ProductID`, `Amount`) VALUES (388, 38, 7);
INSERT INTO `OrderProduct` (`OrderID`, `ProductID`, `Amount`) VALUES (438, 38, 17);
INSERT INTO `OrderProduct` (`OrderID`, `ProductID`, `Amount`) VALUES (488, 38, 33);
INSERT INTO `OrderProduct` (`OrderID`, `ProductID`, `Amount`) VALUES (538, 38, 16);
INSERT INTO `OrderProduct` (`OrderID`, `ProductID`, `Amount`) VALUES (588, 38, 24);
INSERT INTO `OrderProduct` (`OrderID`, `ProductID`, `Amount`) VALUES (638, 38, 19);
INSERT INTO `OrderProduct` (`OrderID`, `ProductID`, `Amount`) VALUES (688, 38, 10);
INSERT INTO `OrderProduct` (`OrderID`, `ProductID`, `Amount`) VALUES (738, 38, 5);
INSERT INTO `OrderProduct` (`OrderID`, `ProductID`, `Amount`) VALUES (788, 38, 39);
INSERT INTO `OrderProduct` (`OrderID`, `ProductID`, `Amount`) VALUES (39, 39, 8);
INSERT INTO `OrderProduct` (`OrderID`, `ProductID`, `Amount`) VALUES (89, 39, 26);
INSERT INTO `OrderProduct` (`OrderID`, `ProductID`, `Amount`) VALUES (139, 39, 44);
INSERT INTO `OrderProduct` (`OrderID`, `ProductID`, `Amount`) VALUES (189, 39, 45);
INSERT INTO `OrderProduct` (`OrderID`, `ProductID`, `Amount`) VALUES (239, 39, 46);
INSERT INTO `OrderProduct` (`OrderID`, `ProductID`, `Amount`) VALUES (289, 39, 47);
INSERT INTO `OrderProduct` (`OrderID`, `ProductID`, `Amount`) VALUES (339, 39, 12);
INSERT INTO `OrderProduct` (`OrderID`, `ProductID`, `Amount`) VALUES (389, 39, 46);
INSERT INTO `OrderProduct` (`OrderID`, `ProductID`, `Amount`) VALUES (439, 39, 50);
INSERT INTO `OrderProduct` (`OrderID`, `ProductID`, `Amount`) VALUES (489, 39, 11);
INSERT INTO `OrderProduct` (`OrderID`, `ProductID`, `Amount`) VALUES (539, 39, 49);
INSERT INTO `OrderProduct` (`OrderID`, `ProductID`, `Amount`) VALUES (589, 39, 41);
INSERT INTO `OrderProduct` (`OrderID`, `ProductID`, `Amount`) VALUES (639, 39, 22);
INSERT INTO `OrderProduct` (`OrderID`, `ProductID`, `Amount`) VALUES (689, 39, 7);
INSERT INTO `OrderProduct` (`OrderID`, `ProductID`, `Amount`) VALUES (739, 39, 39);
INSERT INTO `OrderProduct` (`OrderID`, `ProductID`, `Amount`) VALUES (789, 39, 6);
INSERT INTO `OrderProduct` (`OrderID`, `ProductID`, `Amount`) VALUES (40, 40, 34);
INSERT INTO `OrderProduct` (`OrderID`, `ProductID`, `Amount`) VALUES (90, 40, 24);
INSERT INTO `OrderProduct` (`OrderID`, `ProductID`, `Amount`) VALUES (140, 40, 40);
INSERT INTO `OrderProduct` (`OrderID`, `ProductID`, `Amount`) VALUES (190, 40, 5);
INSERT INTO `OrderProduct` (`OrderID`, `ProductID`, `Amount`) VALUES (240, 40, 19);
INSERT INTO `OrderProduct` (`OrderID`, `ProductID`, `Amount`) VALUES (290, 40, 17);
INSERT INTO `OrderProduct` (`OrderID`, `ProductID`, `Amount`) VALUES (340, 40, 14);
INSERT INTO `OrderProduct` (`OrderID`, `ProductID`, `Amount`) VALUES (390, 40, 9);
INSERT INTO `OrderProduct` (`OrderID`, `ProductID`, `Amount`) VALUES (440, 40, 37);
INSERT INTO `OrderProduct` (`OrderID`, `ProductID`, `Amount`) VALUES (490, 40, 2);
INSERT INTO `OrderProduct` (`OrderID`, `ProductID`, `Amount`) VALUES (540, 40, 12);
INSERT INTO `OrderProduct` (`OrderID`, `ProductID`, `Amount`) VALUES (590, 40, 2);
INSERT INTO `OrderProduct` (`OrderID`, `ProductID`, `Amount`) VALUES (640, 40, 19);
INSERT INTO `OrderProduct` (`OrderID`, `ProductID`, `Amount`) VALUES (690, 40, 42);
INSERT INTO `OrderProduct` (`OrderID`, `ProductID`, `Amount`) VALUES (740, 40, 2);
INSERT INTO `OrderProduct` (`OrderID`, `ProductID`, `Amount`) VALUES (790, 40, 15);
INSERT INTO `OrderProduct` (`OrderID`, `ProductID`, `Amount`) VALUES (41, 41, 5);
INSERT INTO `OrderProduct` (`OrderID`, `ProductID`, `Amount`) VALUES (91, 41, 48);
INSERT INTO `OrderProduct` (`OrderID`, `ProductID`, `Amount`) VALUES (141, 41, 35);
INSERT INTO `OrderProduct` (`OrderID`, `ProductID`, `Amount`) VALUES (191, 41, 5);
INSERT INTO `OrderProduct` (`OrderID`, `ProductID`, `Amount`) VALUES (241, 41, 25);
INSERT INTO `OrderProduct` (`OrderID`, `ProductID`, `Amount`) VALUES (291, 41, 35);
INSERT INTO `OrderProduct` (`OrderID`, `ProductID`, `Amount`) VALUES (341, 41, 12);
INSERT INTO `OrderProduct` (`OrderID`, `ProductID`, `Amount`) VALUES (391, 41, 22);
INSERT INTO `OrderProduct` (`OrderID`, `ProductID`, `Amount`) VALUES (441, 41, 46);
INSERT INTO `OrderProduct` (`OrderID`, `ProductID`, `Amount`) VALUES (491, 41, 10);
INSERT INTO `OrderProduct` (`OrderID`, `ProductID`, `Amount`) VALUES (541, 41, 9);
INSERT INTO `OrderProduct` (`OrderID`, `ProductID`, `Amount`) VALUES (591, 41, 45);
INSERT INTO `OrderProduct` (`OrderID`, `ProductID`, `Amount`) VALUES (641, 41, 45);
INSERT INTO `OrderProduct` (`OrderID`, `ProductID`, `Amount`) VALUES (691, 41, 23);
INSERT INTO `OrderProduct` (`OrderID`, `ProductID`, `Amount`) VALUES (741, 41, 21);
INSERT INTO `OrderProduct` (`OrderID`, `ProductID`, `Amount`) VALUES (791, 41, 17);
INSERT INTO `OrderProduct` (`OrderID`, `ProductID`, `Amount`) VALUES (42, 42, 21);
INSERT INTO `OrderProduct` (`OrderID`, `ProductID`, `Amount`) VALUES (92, 42, 34);
INSERT INTO `OrderProduct` (`OrderID`, `ProductID`, `Amount`) VALUES (142, 42, 32);
INSERT INTO `OrderProduct` (`OrderID`, `ProductID`, `Amount`) VALUES (192, 42, 24);
INSERT INTO `OrderProduct` (`OrderID`, `ProductID`, `Amount`) VALUES (242, 42, 1);
INSERT INTO `OrderProduct` (`OrderID`, `ProductID`, `Amount`) VALUES (292, 42, 10);
INSERT INTO `OrderProduct` (`OrderID`, `ProductID`, `Amount`) VALUES (342, 42, 21);
INSERT INTO `OrderProduct` (`OrderID`, `ProductID`, `Amount`) VALUES (392, 42, 11);
INSERT INTO `OrderProduct` (`OrderID`, `ProductID`, `Amount`) VALUES (442, 42, 49);
INSERT INTO `OrderProduct` (`OrderID`, `ProductID`, `Amount`) VALUES (492, 42, 23);
INSERT INTO `OrderProduct` (`OrderID`, `ProductID`, `Amount`) VALUES (542, 42, 45);
INSERT INTO `OrderProduct` (`OrderID`, `ProductID`, `Amount`) VALUES (592, 42, 13);
INSERT INTO `OrderProduct` (`OrderID`, `ProductID`, `Amount`) VALUES (642, 42, 21);
INSERT INTO `OrderProduct` (`OrderID`, `ProductID`, `Amount`) VALUES (692, 42, 49);
INSERT INTO `OrderProduct` (`OrderID`, `ProductID`, `Amount`) VALUES (742, 42, 48);
INSERT INTO `OrderProduct` (`OrderID`, `ProductID`, `Amount`) VALUES (792, 42, 4);
INSERT INTO `OrderProduct` (`OrderID`, `ProductID`, `Amount`) VALUES (43, 43, 46);
INSERT INTO `OrderProduct` (`OrderID`, `ProductID`, `Amount`) VALUES (93, 43, 49);
INSERT INTO `OrderProduct` (`OrderID`, `ProductID`, `Amount`) VALUES (143, 43, 25);
INSERT INTO `OrderProduct` (`OrderID`, `ProductID`, `Amount`) VALUES (193, 43, 45);
INSERT INTO `OrderProduct` (`OrderID`, `ProductID`, `Amount`) VALUES (243, 43, 23);
INSERT INTO `OrderProduct` (`OrderID`, `ProductID`, `Amount`) VALUES (293, 43, 3);
INSERT INTO `OrderProduct` (`OrderID`, `ProductID`, `Amount`) VALUES (343, 43, 29);
INSERT INTO `OrderProduct` (`OrderID`, `ProductID`, `Amount`) VALUES (393, 43, 37);
INSERT INTO `OrderProduct` (`OrderID`, `ProductID`, `Amount`) VALUES (443, 43, 35);
INSERT INTO `OrderProduct` (`OrderID`, `ProductID`, `Amount`) VALUES (493, 43, 21);
INSERT INTO `OrderProduct` (`OrderID`, `ProductID`, `Amount`) VALUES (543, 43, 14);
INSERT INTO `OrderProduct` (`OrderID`, `ProductID`, `Amount`) VALUES (593, 43, 31);
INSERT INTO `OrderProduct` (`OrderID`, `ProductID`, `Amount`) VALUES (643, 43, 29);
INSERT INTO `OrderProduct` (`OrderID`, `ProductID`, `Amount`) VALUES (693, 43, 47);
INSERT INTO `OrderProduct` (`OrderID`, `ProductID`, `Amount`) VALUES (743, 43, 46);
INSERT INTO `OrderProduct` (`OrderID`, `ProductID`, `Amount`) VALUES (793, 43, 19);
INSERT INTO `OrderProduct` (`OrderID`, `ProductID`, `Amount`) VALUES (44, 44, 2);
INSERT INTO `OrderProduct` (`OrderID`, `ProductID`, `Amount`) VALUES (94, 44, 41);
INSERT INTO `OrderProduct` (`OrderID`, `ProductID`, `Amount`) VALUES (144, 44, 7);
INSERT INTO `OrderProduct` (`OrderID`, `ProductID`, `Amount`) VALUES (194, 44, 10);
INSERT INTO `OrderProduct` (`OrderID`, `ProductID`, `Amount`) VALUES (244, 44, 12);
INSERT INTO `OrderProduct` (`OrderID`, `ProductID`, `Amount`) VALUES (294, 44, 27);
INSERT INTO `OrderProduct` (`OrderID`, `ProductID`, `Amount`) VALUES (344, 44, 47);
INSERT INTO `OrderProduct` (`OrderID`, `ProductID`, `Amount`) VALUES (394, 44, 22);
INSERT INTO `OrderProduct` (`OrderID`, `ProductID`, `Amount`) VALUES (444, 44, 47);
INSERT INTO `OrderProduct` (`OrderID`, `ProductID`, `Amount`) VALUES (494, 44, 41);
INSERT INTO `OrderProduct` (`OrderID`, `ProductID`, `Amount`) VALUES (544, 44, 6);
INSERT INTO `OrderProduct` (`OrderID`, `ProductID`, `Amount`) VALUES (594, 44, 31);
INSERT INTO `OrderProduct` (`OrderID`, `ProductID`, `Amount`) VALUES (644, 44, 2);
INSERT INTO `OrderProduct` (`OrderID`, `ProductID`, `Amount`) VALUES (694, 44, 24);
INSERT INTO `OrderProduct` (`OrderID`, `ProductID`, `Amount`) VALUES (744, 44, 17);
INSERT INTO `OrderProduct` (`OrderID`, `ProductID`, `Amount`) VALUES (794, 44, 9);
INSERT INTO `OrderProduct` (`OrderID`, `ProductID`, `Amount`) VALUES (45, 45, 12);
INSERT INTO `OrderProduct` (`OrderID`, `ProductID`, `Amount`) VALUES (95, 45, 24);
INSERT INTO `OrderProduct` (`OrderID`, `ProductID`, `Amount`) VALUES (145, 45, 12);
INSERT INTO `OrderProduct` (`OrderID`, `ProductID`, `Amount`) VALUES (195, 45, 30);
INSERT INTO `OrderProduct` (`OrderID`, `ProductID`, `Amount`) VALUES (245, 45, 5);
INSERT INTO `OrderProduct` (`OrderID`, `ProductID`, `Amount`) VALUES (295, 45, 2);
INSERT INTO `OrderProduct` (`OrderID`, `ProductID`, `Amount`) VALUES (345, 45, 46);
INSERT INTO `OrderProduct` (`OrderID`, `ProductID`, `Amount`) VALUES (395, 45, 44);
INSERT INTO `OrderProduct` (`OrderID`, `ProductID`, `Amount`) VALUES (445, 45, 20);
INSERT INTO `OrderProduct` (`OrderID`, `ProductID`, `Amount`) VALUES (495, 45, 22);
INSERT INTO `OrderProduct` (`OrderID`, `ProductID`, `Amount`) VALUES (545, 45, 10);
INSERT INTO `OrderProduct` (`OrderID`, `ProductID`, `Amount`) VALUES (595, 45, 8);
INSERT INTO `OrderProduct` (`OrderID`, `ProductID`, `Amount`) VALUES (645, 45, 9);
INSERT INTO `OrderProduct` (`OrderID`, `ProductID`, `Amount`) VALUES (695, 45, 49);
INSERT INTO `OrderProduct` (`OrderID`, `ProductID`, `Amount`) VALUES (745, 45, 2);
INSERT INTO `OrderProduct` (`OrderID`, `ProductID`, `Amount`) VALUES (795, 45, 37);
INSERT INTO `OrderProduct` (`OrderID`, `ProductID`, `Amount`) VALUES (46, 46, 21);
INSERT INTO `OrderProduct` (`OrderID`, `ProductID`, `Amount`) VALUES (96, 46, 39);
INSERT INTO `OrderProduct` (`OrderID`, `ProductID`, `Amount`) VALUES (146, 46, 38);
INSERT INTO `OrderProduct` (`OrderID`, `ProductID`, `Amount`) VALUES (196, 46, 6);
INSERT INTO `OrderProduct` (`OrderID`, `ProductID`, `Amount`) VALUES (246, 46, 31);
INSERT INTO `OrderProduct` (`OrderID`, `ProductID`, `Amount`) VALUES (296, 46, 22);
INSERT INTO `OrderProduct` (`OrderID`, `ProductID`, `Amount`) VALUES (346, 46, 43);
INSERT INTO `OrderProduct` (`OrderID`, `ProductID`, `Amount`) VALUES (396, 46, 18);
INSERT INTO `OrderProduct` (`OrderID`, `ProductID`, `Amount`) VALUES (446, 46, 3);
INSERT INTO `OrderProduct` (`OrderID`, `ProductID`, `Amount`) VALUES (496, 46, 30);
INSERT INTO `OrderProduct` (`OrderID`, `ProductID`, `Amount`) VALUES (546, 46, 8);
INSERT INTO `OrderProduct` (`OrderID`, `ProductID`, `Amount`) VALUES (596, 46, 35);
INSERT INTO `OrderProduct` (`OrderID`, `ProductID`, `Amount`) VALUES (646, 46, 21);
INSERT INTO `OrderProduct` (`OrderID`, `ProductID`, `Amount`) VALUES (696, 46, 38);
INSERT INTO `OrderProduct` (`OrderID`, `ProductID`, `Amount`) VALUES (746, 46, 24);
INSERT INTO `OrderProduct` (`OrderID`, `ProductID`, `Amount`) VALUES (796, 46, 33);
INSERT INTO `OrderProduct` (`OrderID`, `ProductID`, `Amount`) VALUES (47, 47, 14);
INSERT INTO `OrderProduct` (`OrderID`, `ProductID`, `Amount`) VALUES (97, 47, 25);
INSERT INTO `OrderProduct` (`OrderID`, `ProductID`, `Amount`) VALUES (147, 47, 29);
INSERT INTO `OrderProduct` (`OrderID`, `ProductID`, `Amount`) VALUES (197, 47, 24);
INSERT INTO `OrderProduct` (`OrderID`, `ProductID`, `Amount`) VALUES (247, 47, 50);
INSERT INTO `OrderProduct` (`OrderID`, `ProductID`, `Amount`) VALUES (297, 47, 46);
INSERT INTO `OrderProduct` (`OrderID`, `ProductID`, `Amount`) VALUES (347, 47, 19);
INSERT INTO `OrderProduct` (`OrderID`, `ProductID`, `Amount`) VALUES (397, 47, 5);
INSERT INTO `OrderProduct` (`OrderID`, `ProductID`, `Amount`) VALUES (447, 47, 38);
INSERT INTO `OrderProduct` (`OrderID`, `ProductID`, `Amount`) VALUES (497, 47, 3);
INSERT INTO `OrderProduct` (`OrderID`, `ProductID`, `Amount`) VALUES (547, 47, 13);
INSERT INTO `OrderProduct` (`OrderID`, `ProductID`, `Amount`) VALUES (597, 47, 10);
INSERT INTO `OrderProduct` (`OrderID`, `ProductID`, `Amount`) VALUES (647, 47, 31);
INSERT INTO `OrderProduct` (`OrderID`, `ProductID`, `Amount`) VALUES (697, 47, 9);
INSERT INTO `OrderProduct` (`OrderID`, `ProductID`, `Amount`) VALUES (747, 47, 9);
INSERT INTO `OrderProduct` (`OrderID`, `ProductID`, `Amount`) VALUES (797, 47, 16);
INSERT INTO `OrderProduct` (`OrderID`, `ProductID`, `Amount`) VALUES (48, 48, 42);
INSERT INTO `OrderProduct` (`OrderID`, `ProductID`, `Amount`) VALUES (98, 48, 5);
INSERT INTO `OrderProduct` (`OrderID`, `ProductID`, `Amount`) VALUES (148, 48, 22);
INSERT INTO `OrderProduct` (`OrderID`, `ProductID`, `Amount`) VALUES (198, 48, 2);
INSERT INTO `OrderProduct` (`OrderID`, `ProductID`, `Amount`) VALUES (248, 48, 45);
INSERT INTO `OrderProduct` (`OrderID`, `ProductID`, `Amount`) VALUES (298, 48, 16);
INSERT INTO `OrderProduct` (`OrderID`, `ProductID`, `Amount`) VALUES (348, 48, 12);
INSERT INTO `OrderProduct` (`OrderID`, `ProductID`, `Amount`) VALUES (398, 48, 21);
INSERT INTO `OrderProduct` (`OrderID`, `ProductID`, `Amount`) VALUES (448, 48, 10);
INSERT INTO `OrderProduct` (`OrderID`, `ProductID`, `Amount`) VALUES (498, 48, 14);
INSERT INTO `OrderProduct` (`OrderID`, `ProductID`, `Amount`) VALUES (548, 48, 38);
INSERT INTO `OrderProduct` (`OrderID`, `ProductID`, `Amount`) VALUES (598, 48, 3);
INSERT INTO `OrderProduct` (`OrderID`, `ProductID`, `Amount`) VALUES (648, 48, 9);
INSERT INTO `OrderProduct` (`OrderID`, `ProductID`, `Amount`) VALUES (698, 48, 5);
INSERT INTO `OrderProduct` (`OrderID`, `ProductID`, `Amount`) VALUES (748, 48, 26);
INSERT INTO `OrderProduct` (`OrderID`, `ProductID`, `Amount`) VALUES (798, 48, 9);
INSERT INTO `OrderProduct` (`OrderID`, `ProductID`, `Amount`) VALUES (49, 49, 31);
INSERT INTO `OrderProduct` (`OrderID`, `ProductID`, `Amount`) VALUES (99, 49, 13);
INSERT INTO `OrderProduct` (`OrderID`, `ProductID`, `Amount`) VALUES (149, 49, 25);
INSERT INTO `OrderProduct` (`OrderID`, `ProductID`, `Amount`) VALUES (199, 49, 13);
INSERT INTO `OrderProduct` (`OrderID`, `ProductID`, `Amount`) VALUES (249, 49, 36);
INSERT INTO `OrderProduct` (`OrderID`, `ProductID`, `Amount`) VALUES (299, 49, 4);
INSERT INTO `OrderProduct` (`OrderID`, `ProductID`, `Amount`) VALUES (349, 49, 37);
INSERT INTO `OrderProduct` (`OrderID`, `ProductID`, `Amount`) VALUES (399, 49, 27);
INSERT INTO `OrderProduct` (`OrderID`, `ProductID`, `Amount`) VALUES (449, 49, 35);
INSERT INTO `OrderProduct` (`OrderID`, `ProductID`, `Amount`) VALUES (499, 49, 1);
INSERT INTO `OrderProduct` (`OrderID`, `ProductID`, `Amount`) VALUES (549, 49, 22);
INSERT INTO `OrderProduct` (`OrderID`, `ProductID`, `Amount`) VALUES (599, 49, 7);
INSERT INTO `OrderProduct` (`OrderID`, `ProductID`, `Amount`) VALUES (649, 49, 26);
INSERT INTO `OrderProduct` (`OrderID`, `ProductID`, `Amount`) VALUES (699, 49, 24);
INSERT INTO `OrderProduct` (`OrderID`, `ProductID`, `Amount`) VALUES (749, 49, 5);
INSERT INTO `OrderProduct` (`OrderID`, `ProductID`, `Amount`) VALUES (799, 49, 47);
INSERT INTO `OrderProduct` (`OrderID`, `ProductID`, `Amount`) VALUES (50, 50, 40);
INSERT INTO `OrderProduct` (`OrderID`, `ProductID`, `Amount`) VALUES (100, 50, 5);
INSERT INTO `OrderProduct` (`OrderID`, `ProductID`, `Amount`) VALUES (150, 50, 3);
INSERT INTO `OrderProduct` (`OrderID`, `ProductID`, `Amount`) VALUES (200, 50, 43);
INSERT INTO `OrderProduct` (`OrderID`, `ProductID`, `Amount`) VALUES (250, 50, 31);
INSERT INTO `OrderProduct` (`OrderID`, `ProductID`, `Amount`) VALUES (300, 50, 30);
INSERT INTO `OrderProduct` (`OrderID`, `ProductID`, `Amount`) VALUES (350, 50, 25);
INSERT INTO `OrderProduct` (`OrderID`, `ProductID`, `Amount`) VALUES (400, 50, 34);
INSERT INTO `OrderProduct` (`OrderID`, `ProductID`, `Amount`) VALUES (450, 50, 29);
INSERT INTO `OrderProduct` (`OrderID`, `ProductID`, `Amount`) VALUES (500, 50, 46);
INSERT INTO `OrderProduct` (`OrderID`, `ProductID`, `Amount`) VALUES (550, 50, 2);
INSERT INTO `OrderProduct` (`OrderID`, `ProductID`, `Amount`) VALUES (600, 50, 11);
INSERT INTO `OrderProduct` (`OrderID`, `ProductID`, `Amount`) VALUES (650, 50, 22);
INSERT INTO `OrderProduct` (`OrderID`, `ProductID`, `Amount`) VALUES (700, 50, 41);
INSERT INTO `OrderProduct` (`OrderID`, `ProductID`, `Amount`) VALUES (750, 50, 36);
INSERT INTO `OrderProduct` (`OrderID`, `ProductID`, `Amount`) VALUES (800, 50, 27);
